algorithm,seed,episode,return,steps
QLearning,0,1,-66.0,68
QLearning,0,2,-100.0,1
QLearning,0,3,-100.0,1
QLearning,0,4,-37.99999999999999,40
QLearning,0,5,-134.6,36
QLearning,0,6,-106.0,7
QLearning,0,7,-115.0,16
QLearning,0,8,-102.9,4
QLearning,0,9,-136.8,38
QLearning,0,10,-132.7,34
QLearning,0,11,-132.0,33
QLearning,0,12,-189.10000000000005,91
QLearning,0,13,-151.5,53
QLearning,0,14,-142.29999999999998,44
QLearning,0,15,-180.40000000000003,82
QLearning,0,16,-99.79999999999997,100
QLearning,0,17,-152.2,54
QLearning,0,18,-152.2,54
QLearning,0,19,-173.5,75
QLearning,0,20,-179.3,81
QLearning,0,21,-61.999999999999986,64
QLearning,0,22,-46.999999999999986,49
QLearning,0,23,-168.60000000000002,70
QLearning,0,24,-73.00000000000001,75
QLearning,0,25,-99.2,100
QLearning,0,26,-99.10000000000005,100
QLearning,0,27,-127.0,28
QLearning,0,28,-156.29999999999998,58
QLearning,0,29,-100.0,1
QLearning,0,30,-36.99999999999999,39
QLearning,0,31,-99.69999999999999,100
QLearning,0,32,-35.0,37
QLearning,0,33,-54.999999999999986,57
QLearning,0,34,-99.00000000000004,100
QLearning,0,35,-31.999999999999986,34
QLearning,0,36,-99.40000000000003,100
QLearning,0,37,-60.0,62
QLearning,0,38,-52.999999999999986,55
QLearning,0,39,-77.00000000000001,79
QLearning,0,40,-60.99999999999999,63
QLearning,0,41,-144.5,46
QLearning,0,42,-61.99999999999999,64
QLearning,0,43,-104.0,5
QLearning,0,44,-154.1,56
QLearning,0,45,-67.0,69
QLearning,0,46,-99.40000000000002,100
QLearning,0,47,-35.0,37
QLearning,0,48,-134.9,36
QLearning,0,49,-55.99999999999999,58
QLearning,0,50,-44.999999999999986,47
QLearning,0,51,-57.999999999999986,60
QLearning,0,52,-46.999999999999986,49
QLearning,0,53,-89.0,91
QLearning,0,54,-50.999999999999986,53
QLearning,0,55,-146.29999999999998,48
QLearning,0,56,-40.99999999999999,43
QLearning,0,57,-51.99999999999998,54
QLearning,0,58,-71.00000000000003,73
QLearning,0,59,-45.99999999999999,48
QLearning,0,60,-32.99999999999999,35
QLearning,0,61,-92.00000000000003,94
QLearning,0,62,-110.9,12
QLearning,0,63,-27.999999999999993,30
QLearning,0,64,-101.0,2
QLearning,0,65,-144.5,46
QLearning,0,66,-112.5,14
QLearning,0,67,-122.9,24
QLearning,0,68,-159.29999999999998,61
QLearning,0,69,-26.999999999999996,29
QLearning,0,70,-54.999999999999986,57
QLearning,0,71,-50.99999999999999,53
QLearning,0,72,-35.999999999999986,38
QLearning,0,73,-43.99999999999999,46
QLearning,0,74,-56.999999999999986,59
QLearning,0,75,-113.8,15
QLearning,0,76,-138.7,40
QLearning,0,77,-28.99999999999999,31
QLearning,0,78,-44.999999999999986,47
QLearning,0,79,-125.3,27
QLearning,0,80,-28.999999999999993,31
QLearning,0,81,-68.0,70
QLearning,0,82,-35.99999999999999,38
QLearning,0,83,-125.79999999999998,27
QLearning,0,84,-58.999999999999986,61
QLearning,0,85,-132.5,34
QLearning,0,86,-28.999999999999993,31
QLearning,0,87,-45.99999999999999,48
QLearning,0,88,-34.99999999999999,37
QLearning,0,89,-40.999999999999986,43
QLearning,0,90,-102.0,3
QLearning,0,91,-40.999999999999986,43
QLearning,0,92,-106.0,7
QLearning,0,93,-48.99999999999999,51
QLearning,0,94,-111.4,13
QLearning,0,95,-50.99999999999999,53
QLearning,0,96,-42.999999999999986,45
QLearning,0,97,-34.99999999999999,37
QLearning,0,98,-52.999999999999986,55
QLearning,0,99,-35.99999999999999,38
QLearning,0,100,-65.0,67
QLearning,0,101,-33.999999999999986,36
QLearning,0,102,-18.999999999999996,21
QLearning,0,103,-39.99999999999999,42
QLearning,0,104,-37.999999999999986,40
QLearning,0,105,-48.999999999999986,51
QLearning,0,106,-28.99999999999999,31
QLearning,0,107,-137.29999999999998,39
QLearning,0,108,-17.0,19
QLearning,0,109,-116.7,18
QLearning,0,110,-63.999999999999986,66
QLearning,0,111,-105.0,6
QLearning,0,112,-18.999999999999996,21
QLearning,0,113,-37.999999999999986,40
QLearning,0,114,-105.7,7
QLearning,0,115,-32.99999999999999,35
QLearning,0,116,-43.999999999999986,46
QLearning,0,117,-40.99999999999999,43
QLearning,0,118,-24.999999999999993,27
QLearning,0,119,-120.69999999999999,22
QLearning,0,120,-28.999999999999993,31
QLearning,0,121,-34.99999999999999,37
QLearning,0,122,-34.999999999999986,37
QLearning,0,123,-35.0,37
QLearning,0,124,-29.999999999999993,32
QLearning,0,125,-61.99999999999998,64
QLearning,0,126,-100.0,1
QLearning,0,127,-15.000000000000004,17
QLearning,0,128,-100.0,1
QLearning,0,129,-46.99999999999999,49
QLearning,0,130,-22.999999999999996,25
QLearning,0,131,-35.999999999999986,38
QLearning,0,132,-41.99999999999998,44
QLearning,0,133,-117.4,19
QLearning,0,134,-36.999999999999986,39
QLearning,0,135,-105.8,7
QLearning,0,136,-25.999999999999993,28
QLearning,0,137,-38.99999999999999,41
QLearning,0,138,-34.99999999999998,37
QLearning,0,139,-106.9,8
QLearning,0,140,-22.999999999999993,25
QLearning,0,141,-15.000000000000004,17
QLearning,0,142,-20.999999999999996,23
QLearning,0,143,-100.0,1
QLearning,0,144,-110.0,11
QLearning,0,145,-140.29999999999998,42
QLearning,0,146,-100.0,1
QLearning,0,147,-109.8,11
QLearning,0,148,-50.999999999999986,53
QLearning,0,149,-15.000000000000004,17
QLearning,0,150,-22.999999999999993,25
QLearning,0,151,-125.19999999999999,27
QLearning,0,152,-101.0,2
QLearning,0,153,-38.999999999999986,41
QLearning,0,154,-28.999999999999993,31
QLearning,0,155,-15.000000000000004,17
QLearning,0,156,-49.999999999999986,52
QLearning,0,157,-24.999999999999986,27
QLearning,0,158,-21.999999999999993,24
QLearning,0,159,-100.0,1
QLearning,0,160,-37.999999999999986,40
QLearning,0,161,-19.0,21
QLearning,0,162,-100.0,1
QLearning,0,163,-34.999999999999986,37
QLearning,0,164,-20.0,22
QLearning,0,165,-20.999999999999993,23
QLearning,0,166,-28.999999999999986,31
QLearning,0,167,-32.99999999999999,35
QLearning,0,168,-40.999999999999986,43
QLearning,0,169,-32.99999999999999,35
QLearning,0,170,-30.999999999999993,33
QLearning,0,171,-105.8,7
QLearning,0,172,-20.999999999999996,23
QLearning,0,173,-35.999999999999986,38
QLearning,0,174,-15.000000000000004,17
QLearning,0,175,-26.99999999999999,29
QLearning,0,176,-29.999999999999986,32
QLearning,0,177,-24.99999999999999,27
QLearning,0,178,-19.0,21
QLearning,0,179,-117.89999999999999,19
QLearning,0,180,-17.0,19
QLearning,0,181,-125.19999999999999,27
QLearning,0,182,-26.99999999999999,29
QLearning,0,183,-39.999999999999986,42
QLearning,0,184,-106.0,7
QLearning,0,185,-24.999999999999996,27
QLearning,0,186,-16.000000000000004,18
QLearning,0,187,-32.999999999999986,35
QLearning,0,188,-25.999999999999993,28
QLearning,0,189,-110.9,12
QLearning,0,190,-34.999999999999986,37
QLearning,0,191,-22.99999999999999,25
QLearning,0,192,-15.000000000000004,17
QLearning,0,193,-26.999999999999993,29
QLearning,0,194,-26.999999999999993,29
QLearning,0,195,-108.7,10
QLearning,0,196,-27.999999999999993,30
QLearning,0,197,-39.999999999999986,42
QLearning,0,198,-16.000000000000004,18
QLearning,0,199,-18.0,20
QLearning,0,200,-17.0,19
QLearning,0,201,-106.9,8
QLearning,0,202,-18.0,20
QLearning,0,203,-100.0,1
QLearning,0,204,-124.9,26
QLearning,0,205,-22.999999999999996,25
QLearning,0,206,-22.999999999999996,25
QLearning,0,207,-27.999999999999996,30
QLearning,0,208,-15.000000000000004,17
QLearning,0,209,-11.000000000000002,13
QLearning,0,210,-17.0,19
QLearning,0,211,-51.999999999999986,54
QLearning,0,212,-26.99999999999999,29
QLearning,0,213,-108.0,9
QLearning,0,214,-111.8,13
QLearning,0,215,-11.000000000000002,13
QLearning,0,216,-17.0,19
QLearning,0,217,-120.6,22
QLearning,0,218,-111.4,13
QLearning,0,219,-120.19999999999999,22
QLearning,0,220,-15.000000000000004,17
QLearning,0,221,-34.999999999999986,37
QLearning,0,222,-106.9,8
QLearning,0,223,-22.999999999999993,25
QLearning,0,224,-26.999999999999982,29
QLearning,0,225,-17.000000000000004,19
QLearning,0,226,-31.999999999999986,34
QLearning,0,227,-13.000000000000004,15
QLearning,0,228,-122.5,24
QLearning,0,229,-15.000000000000004,17
QLearning,0,230,-28.999999999999993,31
QLearning,0,231,-15.000000000000004,17
QLearning,0,232,-13.000000000000004,15
QLearning,0,233,-36.99999999999998,39
QLearning,0,234,-18.999999999999996,21
QLearning,0,235,-20.0,22
QLearning,0,236,-16.000000000000004,18
QLearning,0,237,-32.99999999999999,35
QLearning,0,238,-109.2,11
QLearning,0,239,-20.999999999999996,23
QLearning,0,240,-110.9,12
QLearning,0,241,-19.0,21
QLearning,0,242,-29.99999999999999,32
QLearning,0,243,-11.000000000000002,13
QLearning,0,244,-32.999999999999986,35
QLearning,0,245,-11.000000000000002,13
QLearning,0,246,-120.1,22
QLearning,0,247,-117.6,19
QLearning,0,248,-28.99999999999999,31
QLearning,0,249,-19.0,21
QLearning,0,250,-15.000000000000004,17
QLearning,0,251,-26.99999999999999,29
QLearning,0,252,-11.000000000000002,13
QLearning,0,253,-11.000000000000002,13
QLearning,0,254,-22.999999999999993,25
QLearning,0,255,-18.999999999999996,21
QLearning,0,256,-13.000000000000004,15
QLearning,0,257,-17.0,19
QLearning,0,258,-29.99999999999999,32
QLearning,0,259,-28.999999999999986,31
QLearning,0,260,-16.000000000000004,18
QLearning,0,261,-102.0,3
QLearning,0,262,-19.0,21
QLearning,0,263,-110.1,12
QLearning,0,264,-20.999999999999993,23
QLearning,0,265,-106.9,8
QLearning,0,266,-18.999999999999996,21
QLearning,0,267,-22.999999999999993,25
QLearning,0,268,-100.0,1
QLearning,0,269,-17.000000000000004,19
QLearning,0,270,-26.999999999999993,29
QLearning,0,271,-23.999999999999993,26
QLearning,0,272,-114.5,16
QLearning,0,273,-11.000000000000002,13
QLearning,0,274,-28.999999999999986,31
QLearning,0,275,-23.999999999999993,26
QLearning,0,276,-13.000000000000004,15
QLearning,0,277,-24.999999999999993,27
QLearning,0,278,-15.000000000000004,17
QLearning,0,279,-25.99999999999999,28
QLearning,0,280,-11.000000000000002,13
QLearning,0,281,-17.0,19
QLearning,0,282,-18.999999999999996,21
QLearning,0,283,-17.000000000000004,19
QLearning,0,284,-11.000000000000002,13
QLearning,0,285,-11.000000000000002,13
QLearning,0,286,-23.999999999999993,26
QLearning,0,287,-19.0,21
QLearning,0,288,-19.999999999999996,22
QLearning,0,289,-11.000000000000002,13
QLearning,0,290,-29.999999999999993,32
QLearning,0,291,-15.000000000000004,17
QLearning,0,292,-110.5,12
QLearning,0,293,-17.000000000000004,19
QLearning,0,294,-11.000000000000002,13
QLearning,0,295,-23.99999999999999,26
QLearning,0,296,-27.99999999999999,30
QLearning,0,297,-104.0,5
QLearning,0,298,-13.000000000000004,15
QLearning,0,299,-16.000000000000004,18
QLearning,0,300,-11.000000000000002,13
QLearning,0,301,-20.999999999999996,23
QLearning,0,302,-11.000000000000002,13
QLearning,0,303,-17.0,19
QLearning,0,304,-121.39999999999999,23
QLearning,0,305,-112.6,14
QLearning,0,306,-11.000000000000002,13
QLearning,0,307,-17.0,19
QLearning,0,308,-11.000000000000002,13
QLearning,0,309,-107.4,9
QLearning,0,310,-24.999999999999996,27
QLearning,0,311,-11.000000000000002,13
QLearning,0,312,-15.000000000000004,17
QLearning,0,313,-11.000000000000002,13
QLearning,0,314,-18.0,20
QLearning,0,315,-13.000000000000004,15
QLearning,0,316,-11.000000000000002,13
QLearning,0,317,-29.999999999999986,32
QLearning,0,318,-13.000000000000004,15
QLearning,0,319,-15.000000000000004,17
QLearning,0,320,-13.000000000000004,15
QLearning,0,321,-13.000000000000004,15
QLearning,0,322,-15.000000000000002,17
QLearning,0,323,-11.000000000000002,13
QLearning,0,324,-17.0,19
QLearning,0,325,-15.000000000000004,17
QLearning,0,326,-24.999999999999993,27
QLearning,0,327,-19.0,21
QLearning,0,328,-17.0,19
QLearning,0,329,-11.000000000000002,13
QLearning,0,330,-11.000000000000002,13
QLearning,0,331,-109.2,11
QLearning,0,332,-11.000000000000002,13
QLearning,0,333,-21.999999999999993,24
QLearning,0,334,-104.7,6
QLearning,0,335,-11.000000000000002,13
QLearning,0,336,-13.000000000000002,15
QLearning,0,337,-16.000000000000004,18
QLearning,0,338,-102.0,3
QLearning,0,339,-102.9,4
QLearning,0,340,-13.000000000000004,15
QLearning,0,341,-100.0,1
QLearning,0,342,-11.000000000000002,13
QLearning,0,343,-15.000000000000004,17
QLearning,0,344,-11.000000000000002,13
QLearning,0,345,-11.000000000000002,13
QLearning,0,346,-13.000000000000002,15
QLearning,0,347,-18.999999999999996,21
QLearning,0,348,-15.000000000000004,17
QLearning,0,349,-13.000000000000002,15
QLearning,0,350,-11.000000000000002,13
QLearning,0,351,-18.0,20
QLearning,0,352,-20.999999999999996,23
QLearning,0,353,-13.000000000000004,15
QLearning,0,354,-11.000000000000002,13
QLearning,0,355,-11.000000000000002,13
QLearning,0,356,-13.000000000000004,15
QLearning,0,357,-26.999999999999993,29
QLearning,0,358,-13.000000000000002,15
QLearning,0,359,-109.7,11
QLearning,0,360,-11.000000000000002,13
QLearning,0,361,-18.999999999999996,21
QLearning,0,362,-11.000000000000002,13
QLearning,0,363,-28.999999999999993,31
QLearning,0,364,-13.000000000000002,15
QLearning,0,365,-100.0,1
QLearning,0,366,-102.9,4
QLearning,0,367,-13.000000000000004,15
QLearning,0,368,-109.2,11
QLearning,0,369,-11.000000000000002,13
QLearning,0,370,-15.000000000000002,17
QLearning,0,371,-11.000000000000002,13
QLearning,0,372,-13.000000000000004,15
QLearning,0,373,-17.000000000000004,19
QLearning,0,374,-11.000000000000002,13
QLearning,0,375,-11.000000000000002,13
QLearning,0,376,-17.000000000000004,19
QLearning,0,377,-23.0,25
QLearning,0,378,-11.000000000000002,13
QLearning,0,379,-11.000000000000002,13
QLearning,0,380,-13.000000000000004,15
QLearning,0,381,-108.5,10
QLearning,0,382,-14.000000000000002,16
QLearning,0,383,-14.000000000000004,16
QLearning,0,384,-13.000000000000004,15
QLearning,0,385,-106.5,8
QLearning,0,386,-109.2,11
QLearning,0,387,-11.000000000000002,13
QLearning,0,388,-11.000000000000002,13
QLearning,0,389,-11.000000000000002,13
QLearning,0,390,-11.000000000000002,13
QLearning,0,391,-22.999999999999996,25
QLearning,0,392,-17.0,19
QLearning,0,393,-16.000000000000004,18
QLearning,0,394,-11.000000000000002,13
QLearning,0,395,-11.000000000000002,13
QLearning,0,396,-13.000000000000002,15
QLearning,0,397,-17.0,19
QLearning,0,398,-11.000000000000002,13
QLearning,0,399,-13.000000000000004,15
QLearning,0,400,-11.000000000000002,13
QLearning,0,401,-19.000000000000004,21
QLearning,0,402,-11.000000000000002,13
QLearning,0,403,-11.000000000000002,13
QLearning,0,404,-104.7,6
QLearning,0,405,-11.000000000000002,13
QLearning,0,406,-17.0,19
QLearning,0,407,-11.000000000000002,13
QLearning,0,408,-15.000000000000004,17
QLearning,0,409,-12.000000000000002,14
QLearning,0,410,-13.000000000000002,15
QLearning,0,411,-102.9,4
QLearning,0,412,-11.000000000000002,13
QLearning,0,413,-11.000000000000002,13
QLearning,0,414,-13.000000000000002,15
QLearning,0,415,-11.000000000000002,13
QLearning,0,416,-11.000000000000002,13
QLearning,0,417,-18.0,20
QLearning,0,418,-106.5,8
QLearning,0,419,-112.10000000000001,14
QLearning,0,420,-13.000000000000004,15
QLearning,0,421,-105.6,7
QLearning,0,422,-15.000000000000002,17
QLearning,0,423,-11.000000000000002,13
QLearning,0,424,-102.9,4
QLearning,0,425,-12.000000000000002,14
QLearning,0,426,-11.000000000000002,13
QLearning,0,427,-11.000000000000002,13
QLearning,0,428,-105.6,7
QLearning,0,429,-11.000000000000002,13
QLearning,0,430,-11.000000000000002,13
QLearning,0,431,-11.000000000000002,13
QLearning,0,432,-15.000000000000004,17
QLearning,0,433,-13.000000000000004,15
QLearning,0,434,-104.7,6
QLearning,0,435,-11.000000000000002,13
QLearning,0,436,-11.000000000000002,13
QLearning,0,437,-105.7,7
QLearning,0,438,-17.000000000000004,19
QLearning,0,439,-11.000000000000002,13
QLearning,0,440,-13.000000000000004,15
QLearning,0,441,-11.000000000000002,13
QLearning,0,442,-11.000000000000002,13
QLearning,0,443,-110.3,12
QLearning,0,444,-11.000000000000002,13
QLearning,0,445,-109.4,11
QLearning,0,446,-18.0,20
QLearning,0,447,-100.0,1
QLearning,0,448,-107.4,9
QLearning,0,449,-11.000000000000002,13
QLearning,0,450,-11.000000000000002,13
QLearning,0,451,-14.000000000000004,16
QLearning,0,452,-11.000000000000002,13
QLearning,0,453,-12.000000000000002,14
QLearning,0,454,-16.000000000000004,18
QLearning,0,455,-13.000000000000004,15
QLearning,0,456,-13.000000000000004,15
QLearning,0,457,-11.000000000000002,13
QLearning,0,458,-15.000000000000004,17
QLearning,0,459,-11.000000000000002,13
QLearning,0,460,-15.000000000000002,17
QLearning,0,461,-13.000000000000002,15
QLearning,0,462,-11.000000000000002,13
QLearning,0,463,-108.3,10
QLearning,0,464,-11.000000000000002,13
QLearning,0,465,-11.000000000000002,13
QLearning,0,466,-11.000000000000002,13
QLearning,0,467,-108.5,10
QLearning,0,468,-23.99999999999999,26
QLearning,0,469,-109.2,11
QLearning,0,470,-11.000000000000002,13
QLearning,0,471,-101.0,2
QLearning,0,472,-11.000000000000002,13
QLearning,0,473,-11.000000000000002,13
QLearning,0,474,-11.000000000000002,13
QLearning,0,475,-114.3,16
QLearning,0,476,-13.000000000000004,15
QLearning,0,477,-13.000000000000002,15
QLearning,0,478,-11.000000000000002,13
QLearning,0,479,-109.2,11
QLearning,0,480,-11.000000000000002,13
QLearning,0,481,-14.000000000000004,16
QLearning,0,482,-15.000000000000002,17
QLearning,0,483,-11.000000000000002,13
QLearning,0,484,-11.000000000000002,13
QLearning,0,485,-100.0,1
QLearning,0,486,-16.000000000000004,18
QLearning,0,487,-107.6,9
QLearning,0,488,-11.000000000000002,13
QLearning,0,489,-11.000000000000002,13
QLearning,0,490,-17.000000000000004,19
QLearning,0,491,-102.9,4
QLearning,0,492,-11.000000000000002,13
QLearning,0,493,-12.000000000000002,14
QLearning,0,494,-15.000000000000004,17
QLearning,0,495,-13.000000000000004,15
QLearning,0,496,-11.000000000000002,13
QLearning,0,497,-16.000000000000004,18
QLearning,0,498,-15.000000000000004,17
QLearning,0,499,-112.1,14
QLearning,0,500,-112.10000000000001,14
SARSA,0,1,-66.0,68
SARSA,0,2,-100.0,1
SARSA,0,3,-100.0,1
SARSA,0,4,-37.99999999999999,40
SARSA,0,5,-134.6,36
SARSA,0,6,-106.0,7
SARSA,0,7,-115.0,16
SARSA,0,8,-102.9,4
SARSA,0,9,-107.0,8
SARSA,0,10,-138.8,40
SARSA,0,11,-101.0,2
SARSA,0,12,-130.7,32
SARSA,0,13,-184.10000000000005,86
SARSA,0,14,-124.5,26
SARSA,0,15,-184.40000000000003,86
SARSA,0,16,-100.0,100
SARSA,0,17,-112.3,14
SARSA,0,18,-176.20000000000005,78
SARSA,0,19,-99.49999999999999,100
SARSA,0,20,-108.9,10
SARSA,0,21,-58.99999999999999,61
SARSA,0,22,-112.5,14
SARSA,0,23,-99.40000000000002,100
SARSA,0,24,-100.0,1
SARSA,0,25,-86.00000000000003,88
SARSA,0,26,-102.9,4
SARSA,0,27,-168.1,70
SARSA,0,28,-93.00000000000003,95
SARSA,0,29,-99.4,100
SARSA,0,30,-181.20000000000002,83
SARSA,0,31,-61.99999999999999,64
SARSA,0,32,-72.00000000000003,74
SARSA,0,33,-99.40000000000003,100
SARSA,0,34,-151.6,53
SARSA,0,35,-98.00000000000001,100
SARSA,0,36,-154.0,55
SARSA,0,37,-36.99999999999999,39
SARSA,0,38,-194.59999999999997,96
SARSA,0,39,-71.00000000000001,73
SARSA,0,40,-98.00000000000007,100
SARSA,0,41,-154.5,56
SARSA,0,42,-99.70000000000003,100
SARSA,0,43,-99.60000000000001,100
SARSA,0,44,-39.999999999999986,42
SARSA,0,45,-99.20000000000003,100
SARSA,0,46,-38.999999999999986,41
SARSA,0,47,-67.00000000000001,69
SARSA,0,48,-79.0,81
SARSA,0,49,-67.00000000000001,69
SARSA,0,50,-110.7,12
SARSA,0,51,-60.99999999999998,63
SARSA,0,52,-102.0,3
SARSA,0,53,-61.999999999999986,64
SARSA,0,54,-56.999999999999986,59
SARSA,0,55,-104.0,5
SARSA,0,56,-49.99999999999999,52
SARSA,0,57,-46.99999999999999,49
SARSA,0,58,-60.999999999999986,63
SARSA,0,59,-78.00000000000003,80
SARSA,0,60,-36.99999999999999,39
SARSA,0,61,-86.00000000000004,88
SARSA,0,62,-54.999999999999986,57
SARSA,0,63,-28.99999999999999,31
SARSA,0,64,-82.00000000000001,84
SARSA,0,65,-119.5,21
SARSA,0,66,-60.999999999999986,63
SARSA,0,67,-38.999999999999986,41
SARSA,0,68,-48.99999999999999,51
SARSA,0,69,-40.999999999999986,43
SARSA,0,70,-45.99999999999998,48
SARSA,0,71,-58.999999999999986,61
SARSA,0,72,-38.999999999999986,41
SARSA,0,73,-41.99999999999999,44
SARSA,0,74,-30.99999999999999,33
SARSA,0,75,-103.0,4
SARSA,0,76,-42.99999999999998,45
SARSA,0,77,-33.999999999999986,36
SARSA,0,78,-49.99999999999999,52
SARSA,0,79,-30.99999999999999,33
SARSA,0,80,-34.99999999999999,37
SARSA,0,81,-153.2,55
SARSA,0,82,-38.999999999999986,41
SARSA,0,83,-28.999999999999993,31
SARSA,0,84,-15.000000000000004,17
SARSA,0,85,-100.0,1
SARSA,0,86,-30.999999999999982,33
SARSA,0,87,-35.999999999999986,38
SARSA,0,88,-44.99999999999999,47
SARSA,0,89,-102.0,3
SARSA,0,90,-49.99999999999998,52
SARSA,0,91,-20.999999999999996,23
SARSA,0,92,-132.9,34
SARSA,0,93,-40.999999999999986,43
SARSA,0,94,-131.2,33
SARSA,0,95,-129.5,31
SARSA,0,96,-36.99999999999999,39
SARSA,0,97,-36.99999999999999,39
SARSA,0,98,-100.0,1
SARSA,0,99,-46.999999999999986,49
SARSA,0,100,-56.999999999999986,59
SARSA,0,101,-62.999999999999986,65
SARSA,0,102,-44.99999999999999,47
SARSA,0,103,-38.99999999999999,41
SARSA,0,104,-151.6,53
SARSA,0,105,-109.8,11
SARSA,0,106,-36.99999999999999,39
SARSA,0,107,-23.999999999999993,26
SARSA,0,108,-58.99999999999998,61
SARSA,0,109,-65.0,67
SARSA,0,110,-30.999999999999996,33
SARSA,0,111,-32.99999999999999,35
SARSA,0,112,-37.999999999999986,40
SARSA,0,113,-46.99999999999999,49
SARSA,0,114,-42.999999999999986,45
SARSA,0,115,-36.99999999999999,39
SARSA,0,116,-45.99999999999999,48
SARSA,0,117,-40.99999999999999,43
SARSA,0,118,-52.99999999999999,55
SARSA,0,119,-100.0,1
SARSA,0,120,-38.999999999999986,41
SARSA,0,121,-20.999999999999996,23
SARSA,0,122,-175.10000000000002,77
SARSA,0,123,-26.99999999999999,29
SARSA,0,124,-110.9,12
SARSA,0,125,-29.99999999999999,32
SARSA,0,126,-45.999999999999986,48
SARSA,0,127,-38.99999999999999,41
SARSA,0,128,-47.999999999999986,50
SARSA,0,129,-38.999999999999986,41
SARSA,0,130,-115.8,17
SARSA,0,131,-125.4,27
SARSA,0,132,-48.99999999999998,51
SARSA,0,133,-32.99999999999999,35
SARSA,0,134,-24.999999999999993,27
SARSA,0,135,-25.0,27
SARSA,0,136,-32.999999999999986,35
SARSA,0,137,-44.99999999999999,47
SARSA,0,138,-33.99999999999999,36
SARSA,0,139,-100.0,1
SARSA,0,140,-33.0,35
SARSA,0,141,-45.999999999999986,48
SARSA,0,142,-30.999999999999993,33
SARSA,0,143,-22.999999999999996,25
SARSA,0,144,-32.99999999999999,35
SARSA,0,145,-33.99999999999999,36
SARSA,0,146,-33.999999999999986,36
SARSA,0,147,-42.999999999999986,45
SARSA,0,148,-26.999999999999996,29
SARSA,0,149,-45.999999999999986,48
SARSA,0,150,-27.99999999999999,30
SARSA,0,151,-108.0,9
SARSA,0,152,-17.0,19
SARSA,0,153,-104.0,5
SARSA,0,154,-49.99999999999999,52
SARSA,0,155,-32.999999999999986,35
SARSA,0,156,-28.999999999999993,31
SARSA,0,157,-33.99999999999999,36
SARSA,0,158,-28.99999999999999,31
SARSA,0,159,-102.0,3
SARSA,0,160,-36.999999999999986,39
SARSA,0,161,-26.999999999999986,29
SARSA,0,162,-121.8,23
SARSA,0,163,-22.999999999999993,25
SARSA,0,164,-32.99999999999999,35
SARSA,0,165,-30.999999999999993,33
SARSA,0,166,-49.99999999999998,52
SARSA,0,167,-28.99999999999999,31
SARSA,0,168,-42.999999999999986,45
SARSA,0,169,-22.999999999999996,25
SARSA,0,170,-22.999999999999993,25
SARSA,0,171,-23.999999999999993,26
SARSA,0,172,-26.99999999999999,29
SARSA,0,173,-24.999999999999996,27
SARSA,0,174,-38.99999999999999,41
SARSA,0,175,-143.4,45
SARSA,0,176,-20.999999999999996,23
SARSA,0,177,-20.0,22
SARSA,0,178,-112.7,14
SARSA,0,179,-20.999999999999993,23
SARSA,0,180,-42.999999999999986,45
SARSA,0,181,-100.0,1
SARSA,0,182,-28.99999999999999,31
SARSA,0,183,-19.999999999999996,22
SARSA,0,184,-26.999999999999993,29
SARSA,0,185,-32.99999999999999,35
SARSA,0,186,-22.999999999999996,25
SARSA,0,187,-116.5,18
SARSA,0,188,-42.99999999999998,45
SARSA,0,189,-19.0,21
SARSA,0,190,-32.99999999999999,35
SARSA,0,191,-20.999999999999996,23
SARSA,0,192,-26.99999999999999,29
SARSA,0,193,-112.9,14
SARSA,0,194,-108.0,9
SARSA,0,195,-19.0,21
SARSA,0,196,-17.0,19
SARSA,0,197,-40.999999999999986,43
SARSA,0,198,-24.999999999999993,27
SARSA,0,199,-29.99999999999999,32
SARSA,0,200,-100.0,1
SARSA,0,201,-22.999999999999996,25
SARSA,0,202,-100.0,1
SARSA,0,203,-36.999999999999986,39
SARSA,0,204,-100.0,1
SARSA,0,205,-30.999999999999986,33
SARSA,0,206,-17.0,19
SARSA,0,207,-22.999999999999993,25
SARSA,0,208,-20.999999999999993,23
SARSA,0,209,-16.000000000000004,18
SARSA,0,210,-26.999999999999993,29
SARSA,0,211,-28.999999999999986,31
SARSA,0,212,-25.99999999999999,28
SARSA,0,213,-33.999999999999986,36
SARSA,0,214,-17.0,19
SARSA,0,215,-22.999999999999996,25
SARSA,0,216,-22.999999999999996,25
SARSA,0,217,-19.0,21
SARSA,0,218,-36.99999999999999,39
SARSA,0,219,-23.999999999999993,26
SARSA,0,220,-17.0,19
SARSA,0,221,-36.999999999999986,39
SARSA,0,222,-13.000000000000004,15
SARSA,0,223,-18.000000000000004,20
SARSA,0,224,-25.99999999999999,28
SARSA,0,225,-22.99999999999999,25
SARSA,0,226,-27.999999999999993,30
SARSA,0,227,-32.999999999999986,35
SARSA,0,228,-25.99999999999999,28
SARSA,0,229,-14.000000000000004,16
SARSA,0,230,-24.999999999999993,27
SARSA,0,231,-15.000000000000004,17
SARSA,0,232,-102.9,4
SARSA,0,233,-18.999999999999996,21
SARSA,0,234,-33.999999999999986,36
SARSA,0,235,-15.000000000000004,17
SARSA,0,236,-19.999999999999996,22
SARSA,0,237,-21.999999999999993,24
SARSA,0,238,-18.999999999999996,21
SARSA,0,239,-20.999999999999993,23
SARSA,0,240,-20.999999999999996,23
SARSA,0,241,-19.999999999999996,22
SARSA,0,242,-20.999999999999993,23
SARSA,0,243,-33.999999999999986,36
SARSA,0,244,-22.999999999999993,25
SARSA,0,245,-15.000000000000004,17
SARSA,0,246,-28.999999999999993,31
SARSA,0,247,-22.999999999999993,25
SARSA,0,248,-19.0,21
SARSA,0,249,-19.999999999999996,22
SARSA,0,250,-22.999999999999996,25
SARSA,0,251,-25.99999999999999,28
SARSA,0,252,-16.000000000000004,18
SARSA,0,253,-34.999999999999986,37
SARSA,0,254,-112.5,14
SARSA,0,255,-16.000000000000004,18
SARSA,0,256,-22.999999999999996,25
SARSA,0,257,-29.99999999999999,32
SARSA,0,258,-17.000000000000004,19
SARSA,0,259,-28.99999999999999,31
SARSA,0,260,-24.999999999999993,27
SARSA,0,261,-28.999999999999986,31
SARSA,0,262,-18.999999999999996,21
SARSA,0,263,-31.999999999999986,34
SARSA,0,264,-15.000000000000004,17
SARSA,0,265,-22.99999999999999,25
SARSA,0,266,-32.99999999999999,35
SARSA,0,267,-24.999999999999993,27
SARSA,0,268,-32.999999999999986,35
SARSA,0,269,-32.999999999999986,35
SARSA,0,270,-21.999999999999993,24
SARSA,0,271,-18.0,20
SARSA,0,272,-18.999999999999996,21
SARSA,0,273,-15.000000000000004,17
SARSA,0,274,-28.99999999999999,31
SARSA,0,275,-20.999999999999993,23
SARSA,0,276,-13.000000000000004,15
SARSA,0,277,-13.000000000000004,15
SARSA,0,278,-24.999999999999993,27
SARSA,0,279,-28.99999999999999,31
SARSA,0,280,-15.000000000000004,17
SARSA,0,281,-26.99999999999999,29
SARSA,0,282,-20.999999999999993,23
SARSA,0,283,-17.0,19
SARSA,0,284,-29.999999999999986,32
SARSA,0,285,-19.0,21
SARSA,0,286,-19.0,21
SARSA,0,287,-24.999999999999986,27
SARSA,0,288,-15.000000000000004,17
SARSA,0,289,-16.000000000000004,18
SARSA,0,290,-22.99999999999999,25
SARSA,0,291,-16.000000000000004,18
SARSA,0,292,-17.0,19
SARSA,0,293,-15.000000000000004,17
SARSA,0,294,-17.0,19
SARSA,0,295,-18.0,20
SARSA,0,296,-18.999999999999996,21
SARSA,0,297,-13.000000000000004,15
SARSA,0,298,-19.0,21
SARSA,0,299,-13.000000000000004,15
SARSA,0,300,-28.999999999999986,31
SARSA,0,301,-22.999999999999993,25
SARSA,0,302,-13.000000000000004,15
SARSA,0,303,-15.000000000000004,17
SARSA,0,304,-20.999999999999996,23
SARSA,0,305,-15.000000000000004,17
SARSA,0,306,-13.000000000000004,15
SARSA,0,307,-18.0,20
SARSA,0,308,-18.999999999999996,21
SARSA,0,309,-17.000000000000004,19
SARSA,0,310,-13.000000000000004,15
SARSA,0,311,-15.000000000000004,17
SARSA,0,312,-20.999999999999996,23
SARSA,0,313,-13.000000000000004,15
SARSA,0,314,-20.999999999999993,23
SARSA,0,315,-14.000000000000004,16
SARSA,0,316,-16.000000000000004,18
SARSA,0,317,-18.999999999999996,21
SARSA,0,318,-106.7,8
SARSA,0,319,-22.999999999999996,25
SARSA,0,320,-20.999999999999993,23
SARSA,0,321,-16.000000000000004,18
SARSA,0,322,-13.000000000000004,15
SARSA,0,323,-13.000000000000004,15
SARSA,0,324,-15.000000000000004,17
SARSA,0,325,-28.99999999999999,31
SARSA,0,326,-20.999999999999993,23
SARSA,0,327,-13.000000000000004,15
SARSA,0,328,-17.000000000000004,19
SARSA,0,329,-24.999999999999993,27
SARSA,0,330,-15.000000000000004,17
SARSA,0,331,-15.000000000000004,17
SARSA,0,332,-20.999999999999996,23
SARSA,0,333,-15.000000000000004,17
SARSA,0,334,-13.000000000000004,15
SARSA,0,335,-30.999999999999996,33
SARSA,0,336,-17.000000000000004,19
SARSA,0,337,-17.0,19
SARSA,0,338,-15.000000000000004,17
SARSA,0,339,-15.000000000000004,17
SARSA,0,340,-102.0,3
SARSA,0,341,-20.999999999999996,23
SARSA,0,342,-23.99999999999999,26
SARSA,0,343,-105.8,7
SARSA,0,344,-20.999999999999996,23
SARSA,0,345,-18.0,20
SARSA,0,346,-19.0,21
SARSA,0,347,-19.0,21
SARSA,0,348,-18.999999999999996,21
SARSA,0,349,-13.000000000000004,15
SARSA,0,350,-15.000000000000004,17
SARSA,0,351,-17.0,19
SARSA,0,352,-15.000000000000004,17
SARSA,0,353,-22.999999999999993,25
SARSA,0,354,-15.000000000000004,17
SARSA,0,355,-17.0,19
SARSA,0,356,-100.0,1
SARSA,0,357,-15.000000000000004,17
SARSA,0,358,-18.0,20
SARSA,0,359,-13.000000000000004,15
SARSA,0,360,-14.000000000000004,16
SARSA,0,361,-13.000000000000004,15
SARSA,0,362,-19.0,21
SARSA,0,363,-13.000000000000004,15
SARSA,0,364,-106.9,8
SARSA,0,365,-23.99999999999999,26
SARSA,0,366,-15.000000000000004,17
SARSA,0,367,-15.000000000000004,17
SARSA,0,368,-14.000000000000004,16
SARSA,0,369,-15.000000000000004,17
SARSA,0,370,-24.0,26
SARSA,0,371,-15.000000000000004,17
SARSA,0,372,-13.000000000000004,15
SARSA,0,373,-15.000000000000004,17
SARSA,0,374,-13.000000000000004,15
SARSA,0,375,-13.000000000000004,15
SARSA,0,376,-14.000000000000004,16
SARSA,0,377,-15.000000000000004,17
SARSA,0,378,-100.0,1
SARSA,0,379,-17.0,19
SARSA,0,380,-13.000000000000004,15
SARSA,0,381,-15.000000000000004,17
SARSA,0,382,-20.999999999999996,23
SARSA,0,383,-19.999999999999996,22
SARSA,0,384,-17.0,19
SARSA,0,385,-13.000000000000004,15
SARSA,0,386,-13.000000000000004,15
SARSA,0,387,-19.0,21
SARSA,0,388,-20.999999999999996,23
SARSA,0,389,-15.000000000000004,17
SARSA,0,390,-13.000000000000004,15
SARSA,0,391,-16.000000000000004,18
SARSA,0,392,-15.000000000000004,17
SARSA,0,393,-17.0,19
SARSA,0,394,-13.000000000000004,15
SARSA,0,395,-17.0,19
SARSA,0,396,-15.000000000000004,17
SARSA,0,397,-13.000000000000004,15
SARSA,0,398,-15.000000000000004,17
SARSA,0,399,-13.000000000000004,15
SARSA,0,400,-13.000000000000004,15
SARSA,0,401,-18.999999999999996,21
SARSA,0,402,-15.000000000000004,17
SARSA,0,403,-13.000000000000004,15
SARSA,0,404,-18.0,20
SARSA,0,405,-17.0,19
SARSA,0,406,-15.000000000000004,17
SARSA,0,407,-18.999999999999996,21
SARSA,0,408,-106.7,8
SARSA,0,409,-17.0,19
SARSA,0,410,-17.0,19
SARSA,0,411,-17.0,19
SARSA,0,412,-13.000000000000004,15
SARSA,0,413,-17.0,19
SARSA,0,414,-15.000000000000004,17
SARSA,0,415,-21.999999999999996,24
SARSA,0,416,-15.000000000000004,17
SARSA,0,417,-15.000000000000004,17
SARSA,0,418,-17.000000000000004,19
SARSA,0,419,-17.0,19
SARSA,0,420,-19.0,21
SARSA,0,421,-26.999999999999986,29
SARSA,0,422,-20.999999999999996,23
SARSA,0,423,-20.999999999999993,23
SARSA,0,424,-15.000000000000004,17
SARSA,0,425,-15.000000000000004,17
SARSA,0,426,-25.999999999999996,28
SARSA,0,427,-15.000000000000004,17
SARSA,0,428,-17.000000000000004,19
SARSA,0,429,-18.000000000000004,20
SARSA,0,430,-17.0,19
SARSA,0,431,-18.999999999999996,21
SARSA,0,432,-24.99999999999999,27
SARSA,0,433,-19.0,21
SARSA,0,434,-15.000000000000004,17
SARSA,0,435,-14.000000000000004,16
SARSA,0,436,-17.0,19
SARSA,0,437,-15.000000000000004,17
SARSA,0,438,-16.000000000000004,18
SARSA,0,439,-18.0,20
SARSA,0,440,-15.000000000000004,17
SARSA,0,441,-15.000000000000004,17
SARSA,0,442,-15.000000000000004,17
SARSA,0,443,-13.000000000000004,15
SARSA,0,444,-15.000000000000004,17
SARSA,0,445,-17.0,19
SARSA,0,446,-14.000000000000004,16
SARSA,0,447,-13.000000000000004,15
SARSA,0,448,-15.000000000000004,17
SARSA,0,449,-13.000000000000004,15
SARSA,0,450,-14.000000000000004,16
SARSA,0,451,-15.000000000000004,17
SARSA,0,452,-22.999999999999996,25
SARSA,0,453,-15.000000000000004,17
SARSA,0,454,-24.0,26
SARSA,0,455,-110.3,12
SARSA,0,456,-15.000000000000004,17
SARSA,0,457,-15.000000000000004,17
SARSA,0,458,-19.0,21
SARSA,0,459,-18.999999999999996,21
SARSA,0,460,-15.000000000000004,17
SARSA,0,461,-22.999999999999993,25
SARSA,0,462,-17.0,19
SARSA,0,463,-18.0,20
SARSA,0,464,-21.999999999999996,24
SARSA,0,465,-17.0,19
SARSA,0,466,-21.999999999999993,24
SARSA,0,467,-25.99999999999999,28
SARSA,0,468,-19.0,21
SARSA,0,469,-15.000000000000004,17
SARSA,0,470,-100.0,1
SARSA,0,471,-15.000000000000004,17
SARSA,0,472,-21.0,23
SARSA,0,473,-15.000000000000004,17
SARSA,0,474,-22.99999999999999,25
SARSA,0,475,-18.0,20
SARSA,0,476,-17.000000000000004,19
SARSA,0,477,-15.000000000000004,17
SARSA,0,478,-15.000000000000004,17
SARSA,0,479,-14.000000000000004,16
SARSA,0,480,-17.0,19
SARSA,0,481,-17.000000000000004,19
SARSA,0,482,-15.000000000000004,17
SARSA,0,483,-16.000000000000004,18
SARSA,0,484,-19.0,21
SARSA,0,485,-19.0,21
SARSA,0,486,-20.999999999999996,23
SARSA,0,487,-18.0,20
SARSA,0,488,-21.0,23
SARSA,0,489,-17.000000000000004,19
SARSA,0,490,-17.000000000000004,19
SARSA,0,491,-100.0,1
SARSA,0,492,-19.0,21
SARSA,0,493,-15.000000000000004,17
SARSA,0,494,-19.0,21
SARSA,0,495,-20.0,22
SARSA,0,496,-18.0,20
SARSA,0,497,-17.0,19
SARSA,0,498,-15.000000000000004,17
SARSA,0,499,-17.000000000000004,19
SARSA,0,500,-13.000000000000004,15
ExpectedSARSA,0,1,-66.0,68
ExpectedSARSA,0,2,-100.0,1
ExpectedSARSA,0,3,-100.0,1
ExpectedSARSA,0,4,-37.99999999999999,40
ExpectedSARSA,0,5,-130.0,31
ExpectedSARSA,0,6,-136.39999999999998,38
ExpectedSARSA,0,7,-116.8,18
ExpectedSARSA,0,8,-112.9,14
ExpectedSARSA,0,9,-158.7,60
ExpectedSARSA,0,10,-106.0,7
ExpectedSARSA,0,11,-127.6,29
ExpectedSARSA,0,12,-191.50000000000003,93
ExpectedSARSA,0,13,-187.10000000000002,89
ExpectedSARSA,0,14,-154.29999999999998,56
ExpectedSARSA,0,15,-188.20000000000002,90
ExpectedSARSA,0,16,-99.6,100
ExpectedSARSA,0,17,-100.0,1
ExpectedSARSA,0,18,-85.00000000000001,87
ExpectedSARSA,0,19,-89.00000000000001,91
ExpectedSARSA,0,20,-99.4,100
ExpectedSARSA,0,21,-76.00000000000003,78
ExpectedSARSA,0,22,-99.40000000000002,100
ExpectedSARSA,0,23,-49.999999999999986,52
ExpectedSARSA,0,24,-175.59999999999997,77
ExpectedSARSA,0,25,-49.999999999999986,52
ExpectedSARSA,0,26,-60.999999999999986,63
ExpectedSARSA,0,27,-71.00000000000003,73
ExpectedSARSA,0,28,-99.20000000000003,100
ExpectedSARSA,0,29,-152.7,54
ExpectedSARSA,0,30,-106.9,8
ExpectedSARSA,0,31,-81.00000000000003,83
ExpectedSARSA,0,32,-27.999999999999993,30
ExpectedSARSA,0,33,-99.20000000000003,100
ExpectedSARSA,0,34,-99.10000000000005,100
ExpectedSARSA,0,35,-40.999999999999986,43
ExpectedSARSA,0,36,-158.7,60
ExpectedSARSA,0,37,-88.00000000000009,90
ExpectedSARSA,0,38,-100.0,1
ExpectedSARSA,0,39,-58.99999999999999,61
ExpectedSARSA,0,40,-45.99999999999999,48
ExpectedSARSA,0,41,-109.8,11
ExpectedSARSA,0,42,-74.00000000000001,76
ExpectedSARSA,0,43,-57.999999999999986,60
ExpectedSARSA,0,44,-51.99999999999999,54
ExpectedSARSA,0,45,-86.00000000000007,88
ExpectedSARSA,0,46,-119.5,21
ExpectedSARSA,0,47,-109.7,11
ExpectedSARSA,0,48,-30.99999999999999,33
ExpectedSARSA,0,49,-99.60000000000004,100
ExpectedSARSA,0,50,-56.999999999999986,59
ExpectedSARSA,0,51,-65.0,67
ExpectedSARSA,0,52,-26.999999999999993,29
ExpectedSARSA,0,53,-81.00000000000006,83
ExpectedSARSA,0,54,-57.99999999999999,60
ExpectedSARSA,0,55,-40.999999999999986,43
ExpectedSARSA,0,56,-72.0,74
ExpectedSARSA,0,57,-62.99999999999999,65
ExpectedSARSA,0,58,-63.999999999999986,66
ExpectedSARSA,0,59,-30.999999999999986,33
ExpectedSARSA,0,60,-131.5,33
ExpectedSARSA,0,61,-59.999999999999986,62
ExpectedSARSA,0,62,-122.89999999999999,24
ExpectedSARSA,0,63,-112.7,14
ExpectedSARSA,0,64,-24.999999999999996,27
ExpectedSARSA,0,65,-68.0,70
ExpectedSARSA,0,66,-102.9,4
ExpectedSARSA,0,67,-60.99999999999998,63
ExpectedSARSA,0,68,-71.00000000000003,73
ExpectedSARSA,0,69,-51.999999999999986,54
ExpectedSARSA,0,70,-32.99999999999999,35
ExpectedSARSA,0,71,-153.29999999999998,55
ExpectedSARSA,0,72,-42.99999999999999,45
ExpectedSARSA,0,73,-50.999999999999986,53
ExpectedSARSA,0,74,-31.999999999999986,34
ExpectedSARSA,0,75,-42.999999999999986,45
ExpectedSARSA,0,76,-36.99999999999999,39
ExpectedSARSA,0,77,-82.00000000000001,84
ExpectedSARSA,0,78,-144.2,46
ExpectedSARSA,0,79,-42.999999999999986,45
ExpectedSARSA,0,80,-50.99999999999998,53
ExpectedSARSA,0,81,-32.999999999999986,35
ExpectedSARSA,0,82,-68.00000000000003,70
ExpectedSARSA,0,83,-47.999999999999986,50
ExpectedSARSA,0,84,-118.69999999999999,20
ExpectedSARSA,0,85,-67.0,69
ExpectedSARSA,0,86,-22.999999999999993,25
ExpectedSARSA,0,87,-26.999999999999993,29
ExpectedSARSA,0,88,-40.999999999999986,43
ExpectedSARSA,0,89,-147.09999999999997,49
ExpectedSARSA,0,90,-40.99999999999998,43
ExpectedSARSA,0,91,-38.99999999999999,41
ExpectedSARSA,0,92,-20.999999999999996,23
ExpectedSARSA,0,93,-50.999999999999986,53
ExpectedSARSA,0,94,-57.999999999999986,60
ExpectedSARSA,0,95,-32.999999999999986,35
ExpectedSARSA,0,96,-44.99999999999999,47
ExpectedSARSA,0,97,-100.0,1
ExpectedSARSA,0,98,-37.999999999999986,40
ExpectedSARSA,0,99,-127.6,29
ExpectedSARSA,0,100,-28.99999999999999,31
ExpectedSARSA,0,101,-34.999999999999986,37
ExpectedSARSA,0,102,-53.999999999999986,56
ExpectedSARSA,0,103,-46.999999999999986,49
ExpectedSARSA,0,104,-36.999999999999986,39
ExpectedSARSA,0,105,-46.99999999999999,49
ExpectedSARSA,0,106,-28.999999999999986,31
ExpectedSARSA,0,107,-34.999999999999986,37
ExpectedSARSA,0,108,-46.999999999999986,49
ExpectedSARSA,0,109,-15.000000000000004,17
ExpectedSARSA,0,110,-13.000000000000004,15
ExpectedSARSA,0,111,-71.00000000000001,73
ExpectedSARSA,0,112,-34.999999999999986,37
ExpectedSARSA,0,113,-32.99999999999999,35
ExpectedSARSA,0,114,-41.999999999999986,44
ExpectedSARSA,0,115,-21.999999999999996,24
ExpectedSARSA,0,116,-59.999999999999986,62
ExpectedSARSA,0,117,-23.0,25
ExpectedSARSA,0,118,-34.999999999999986,37
ExpectedSARSA,0,119,-38.99999999999999,41
ExpectedSARSA,0,120,-106.0,7
ExpectedSARSA,0,121,-36.999999999999986,39
ExpectedSARSA,0,122,-40.99999999999999,43
ExpectedSARSA,0,123,-100.0,1
ExpectedSARSA,0,124,-26.999999999999996,29
ExpectedSARSA,0,125,-25.999999999999993,28
ExpectedSARSA,0,126,-29.999999999999993,32
ExpectedSARSA,0,127,-46.99999999999999,49
ExpectedSARSA,0,128,-133.6,35
ExpectedSARSA,0,129,-24.999999999999993,27
ExpectedSARSA,0,130,-114.0,15
ExpectedSARSA,0,131,-100.0,1
ExpectedSARSA,0,132,-109.8,11
ExpectedSARSA,0,133,-26.99999999999999,29
ExpectedSARSA,0,134,-40.999999999999986,43
ExpectedSARSA,0,135,-26.99999999999999,29
ExpectedSARSA,0,136,-26.0,28
ExpectedSARSA,0,137,-29.99999999999999,32
ExpectedSARSA,0,138,-36.999999999999986,39
ExpectedSARSA,0,139,-27.999999999999993,30
ExpectedSARSA,0,140,-36.99999999999999,39
ExpectedSARSA,0,141,-30.999999999999993,33
ExpectedSARSA,0,142,-28.99999999999999,31
ExpectedSARSA,0,143,-29.99999999999999,32
ExpectedSARSA,0,144,-27.999999999999986,30
ExpectedSARSA,0,145,-56.999999999999986,59
ExpectedSARSA,0,146,-20.999999999999996,23
ExpectedSARSA,0,147,-24.999999999999993,27
ExpectedSARSA,0,148,-100.0,1
ExpectedSARSA,0,149,-34.999999999999986,37
ExpectedSARSA,0,150,-26.99999999999999,29
ExpectedSARSA,0,151,-28.999999999999982,31
ExpectedSARSA,0,152,-30.99999999999999,33
ExpectedSARSA,0,153,-53.999999999999986,56
ExpectedSARSA,0,154,-18.999999999999996,21
ExpectedSARSA,0,155,-22.999999999999993,25
ExpectedSARSA,0,156,-35.999999999999986,38
ExpectedSARSA,0,157,-15.000000000000004,17
ExpectedSARSA,0,158,-30.999999999999986,33
ExpectedSARSA,0,159,-100.0,1
ExpectedSARSA,0,160,-41.999999999999986,44
ExpectedSARSA,0,161,-125.39999999999999,27
ExpectedSARSA,0,162,-20.999999999999993,23
ExpectedSARSA,0,163,-22.0,24
ExpectedSARSA,0,164,-21.0,23
ExpectedSARSA,0,165,-41.999999999999986,44
ExpectedSARSA,0,166,-52.99999999999998,55
ExpectedSARSA,0,167,-39.999999999999986,42
ExpectedSARSA,0,168,-28.99999999999999,31
ExpectedSARSA,0,169,-15.000000000000004,17
ExpectedSARSA,0,170,-21.999999999999993,24
ExpectedSARSA,0,171,-26.999999999999993,29
ExpectedSARSA,0,172,-27.999999999999986,30
ExpectedSARSA,0,173,-112.9,14
ExpectedSARSA,0,174,-29.99999999999999,32
ExpectedSARSA,0,175,-26.999999999999993,29
ExpectedSARSA,0,176,-37.999999999999986,40
ExpectedSARSA,0,177,-18.999999999999996,21
ExpectedSARSA,0,178,-18.999999999999996,21
ExpectedSARSA,0,179,-17.0,19
ExpectedSARSA,0,180,-26.99999999999999,29
ExpectedSARSA,0,181,-47.999999999999986,50
ExpectedSARSA,0,182,-28.999999999999986,31
ExpectedSARSA,0,183,-20.999999999999996,23
ExpectedSARSA,0,184,-26.99999999999999,29
ExpectedSARSA,0,185,-31.999999999999982,34
ExpectedSARSA,0,186,-22.999999999999996,25
ExpectedSARSA,0,187,-109.4,11
ExpectedSARSA,0,188,-35.999999999999986,38
ExpectedSARSA,0,189,-111.4,13
ExpectedSARSA,0,190,-33.99999999999999,36
ExpectedSARSA,0,191,-20.999999999999996,23
ExpectedSARSA,0,192,-100.0,1
ExpectedSARSA,0,193,-37.999999999999986,40
ExpectedSARSA,0,194,-113.2,15
ExpectedSARSA,0,195,-24.999999999999993,27
ExpectedSARSA,0,196,-18.999999999999996,21
ExpectedSARSA,0,197,-22.999999999999993,25
ExpectedSARSA,0,198,-101.0,2
ExpectedSARSA,0,199,-21.999999999999996,24
ExpectedSARSA,0,200,-31.99999999999999,34
ExpectedSARSA,0,201,-19.0,21
ExpectedSARSA,0,202,-21.999999999999993,24
ExpectedSARSA,0,203,-27.99999999999999,30
ExpectedSARSA,0,204,-28.999999999999993,31
ExpectedSARSA,0,205,-19.0,21
ExpectedSARSA,0,206,-18.999999999999996,21
ExpectedSARSA,0,207,-20.999999999999993,23
ExpectedSARSA,0,208,-100.0,1
ExpectedSARSA,0,209,-29.999999999999986,32
ExpectedSARSA,0,210,-18.999999999999996,21
ExpectedSARSA,0,211,-28.99999999999999,31
ExpectedSARSA,0,212,-19.0,21
ExpectedSARSA,0,213,-28.999999999999986,31
ExpectedSARSA,0,214,-32.999999999999986,35
ExpectedSARSA,0,215,-22.999999999999996,25
ExpectedSARSA,0,216,-20.999999999999996,23
ExpectedSARSA,0,217,-22.999999999999993,25
ExpectedSARSA,0,218,-109.6,11
ExpectedSARSA,0,219,-27.999999999999986,30
ExpectedSARSA,0,220,-20.999999999999996,23
ExpectedSARSA,0,221,-17.000000000000004,19
ExpectedSARSA,0,222,-15.000000000000004,17
ExpectedSARSA,0,223,-21.999999999999993,24
ExpectedSARSA,0,224,-22.999999999999993,25
ExpectedSARSA,0,225,-20.999999999999996,23
ExpectedSARSA,0,226,-15.000000000000004,17
ExpectedSARSA,0,227,-106.0,7
ExpectedSARSA,0,228,-17.0,19
ExpectedSARSA,0,229,-26.999999999999986,29
ExpectedSARSA,0,230,-123.19999999999999,25
ExpectedSARSA,0,231,-44.999999999999986,47
ExpectedSARSA,0,232,-13.000000000000004,15
ExpectedSARSA,0,233,-25.999999999999993,28
ExpectedSARSA,0,234,-106.7,8
ExpectedSARSA,0,235,-18.0,20
ExpectedSARSA,0,236,-23.999999999999993,26
ExpectedSARSA,0,237,-24.999999999999993,27
ExpectedSARSA,0,238,-19.999999999999996,22
ExpectedSARSA,0,239,-19.0,21
ExpectedSARSA,0,240,-115.8,17
ExpectedSARSA,0,241,-19.000000000000004,21
ExpectedSARSA,0,242,-24.999999999999996,27
ExpectedSARSA,0,243,-21.999999999999996,24
ExpectedSARSA,0,244,-15.000000000000004,17
ExpectedSARSA,0,245,-30.99999999999999,33
ExpectedSARSA,0,246,-20.999999999999996,23
ExpectedSARSA,0,247,-15.000000000000004,17
ExpectedSARSA,0,248,-21.0,23
ExpectedSARSA,0,249,-15.000000000000004,17
ExpectedSARSA,0,250,-28.999999999999986,31
ExpectedSARSA,0,251,-15.000000000000004,17
ExpectedSARSA,0,252,-17.0,19
ExpectedSARSA,0,253,-116.9,18
ExpectedSARSA,0,254,-16.000000000000004,18
ExpectedSARSA,0,255,-17.0,19
ExpectedSARSA,0,256,-20.999999999999996,23
ExpectedSARSA,0,257,-102.0,3
ExpectedSARSA,0,258,-19.999999999999996,22
ExpectedSARSA,0,259,-15.000000000000004,17
ExpectedSARSA,0,260,-23.0,25
ExpectedSARSA,0,261,-100.0,1
ExpectedSARSA,0,262,-17.000000000000004,19
ExpectedSARSA,0,263,-19.0,21
ExpectedSARSA,0,264,-106.0,7
ExpectedSARSA,0,265,-20.999999999999996,23
ExpectedSARSA,0,266,-19.0,21
ExpectedSARSA,0,267,-21.999999999999996,24
ExpectedSARSA,0,268,-15.000000000000004,17
ExpectedSARSA,0,269,-13.000000000000004,15
ExpectedSARSA,0,270,-13.000000000000004,15
ExpectedSARSA,0,271,-22.999999999999993,25
ExpectedSARSA,0,272,-116.6,18
ExpectedSARSA,0,273,-24.99999999999999,27
ExpectedSARSA,0,274,-18.999999999999996,21
ExpectedSARSA,0,275,-17.0,19
ExpectedSARSA,0,276,-22.999999999999996,25
ExpectedSARSA,0,277,-21.999999999999993,24
ExpectedSARSA,0,278,-31.999999999999993,34
ExpectedSARSA,0,279,-13.000000000000004,15
ExpectedSARSA,0,280,-17.0,19
ExpectedSARSA,0,281,-19.0,21
ExpectedSARSA,0,282,-13.000000000000004,15
ExpectedSARSA,0,283,-26.999999999999986,29
ExpectedSARSA,0,284,-17.0,19
ExpectedSARSA,0,285,-17.000000000000004,19
ExpectedSARSA,0,286,-16.000000000000004,18
ExpectedSARSA,0,287,-20.999999999999993,23
ExpectedSARSA,0,288,-18.999999999999996,21
ExpectedSARSA,0,289,-21.0,23
ExpectedSARSA,0,290,-16.000000000000004,18
ExpectedSARSA,0,291,-19.999999999999996,22
ExpectedSARSA,0,292,-13.000000000000004,15
ExpectedSARSA,0,293,-18.999999999999996,21
ExpectedSARSA,0,294,-11.000000000000002,13
ExpectedSARSA,0,295,-100.0,1
ExpectedSARSA,0,296,-30.999999999999982,33
ExpectedSARSA,0,297,-19.0,21
ExpectedSARSA,0,298,-18.0,20
ExpectedSARSA,0,299,-20.999999999999996,23
ExpectedSARSA,0,300,-13.000000000000004,15
ExpectedSARSA,0,301,-16.000000000000004,18
ExpectedSARSA,0,302,-17.000000000000004,19
ExpectedSARSA,0,303,-15.000000000000004,17
ExpectedSARSA,0,304,-18.0,20
ExpectedSARSA,0,305,-13.000000000000004,15
ExpectedSARSA,0,306,-22.999999999999996,25
ExpectedSARSA,0,307,-17.0,19
ExpectedSARSA,0,308,-15.000000000000004,17
ExpectedSARSA,0,309,-13.000000000000004,15
ExpectedSARSA,0,310,-19.0,21
ExpectedSARSA,0,311,-15.000000000000004,17
ExpectedSARSA,0,312,-13.000000000000004,15
ExpectedSARSA,0,313,-16.000000000000004,18
ExpectedSARSA,0,314,-13.000000000000004,15
ExpectedSARSA,0,315,-23.999999999999993,26
ExpectedSARSA,0,316,-15.000000000000004,17
ExpectedSARSA,0,317,-15.000000000000004,17
ExpectedSARSA,0,318,-20.0,22
ExpectedSARSA,0,319,-26.99999999999999,29
ExpectedSARSA,0,320,-26.999999999999986,29
ExpectedSARSA,0,321,-13.000000000000004,15
ExpectedSARSA,0,322,-13.000000000000004,15
ExpectedSARSA,0,323,-20.999999999999996,23
ExpectedSARSA,0,324,-13.000000000000004,15
ExpectedSARSA,0,325,-15.000000000000004,17
ExpectedSARSA,0,326,-13.000000000000004,15
ExpectedSARSA,0,327,-21.999999999999993,24
ExpectedSARSA,0,328,-19.0,21
ExpectedSARSA,0,329,-16.000000000000004,18
ExpectedSARSA,0,330,-13.000000000000004,15
ExpectedSARSA,0,331,-15.000000000000004,17
ExpectedSARSA,0,332,-17.0,19
ExpectedSARSA,0,333,-20.999999999999996,23
ExpectedSARSA,0,334,-15.000000000000004,17
ExpectedSARSA,0,335,-15.000000000000004,17
ExpectedSARSA,0,336,-19.0,21
ExpectedSARSA,0,337,-15.000000000000004,17
ExpectedSARSA,0,338,-13.000000000000004,15
ExpectedSARSA,0,339,-13.000000000000004,15
ExpectedSARSA,0,340,-18.999999999999996,21
ExpectedSARSA,0,341,-20.999999999999996,23
ExpectedSARSA,0,342,-15.000000000000004,17
ExpectedSARSA,0,343,-21.0,23
ExpectedSARSA,0,344,-18.999999999999996,21
ExpectedSARSA,0,345,-13.000000000000004,15
ExpectedSARSA,0,346,-15.000000000000004,17
ExpectedSARSA,0,347,-20.999999999999996,23
ExpectedSARSA,0,348,-17.000000000000004,19
ExpectedSARSA,0,349,-15.000000000000004,17
ExpectedSARSA,0,350,-15.000000000000004,17
ExpectedSARSA,0,351,-18.999999999999996,21
ExpectedSARSA,0,352,-13.000000000000004,15
ExpectedSARSA,0,353,-15.000000000000004,17
ExpectedSARSA,0,354,-19.0,21
ExpectedSARSA,0,355,-15.000000000000004,17
ExpectedSARSA,0,356,-17.0,19
ExpectedSARSA,0,357,-15.000000000000004,17
ExpectedSARSA,0,358,-15.000000000000004,17
ExpectedSARSA,0,359,-20.999999999999996,23
ExpectedSARSA,0,360,-13.000000000000004,15
ExpectedSARSA,0,361,-20.0,22
ExpectedSARSA,0,362,-26.99999999999999,29
ExpectedSARSA,0,363,-24.99999999999999,27
ExpectedSARSA,0,364,-13.000000000000004,15
ExpectedSARSA,0,365,-13.000000000000004,15
ExpectedSARSA,0,366,-17.0,19
ExpectedSARSA,0,367,-18.999999999999996,21
ExpectedSARSA,0,368,-17.0,19
ExpectedSARSA,0,369,-19.0,21
ExpectedSARSA,0,370,-17.000000000000004,19
ExpectedSARSA,0,371,-15.000000000000004,17
ExpectedSARSA,0,372,-20.999999999999996,23
ExpectedSARSA,0,373,-15.000000000000004,17
ExpectedSARSA,0,374,-13.000000000000004,15
ExpectedSARSA,0,375,-100.0,1
ExpectedSARSA,0,376,-13.000000000000004,15
ExpectedSARSA,0,377,-17.0,19
ExpectedSARSA,0,378,-100.0,1
ExpectedSARSA,0,379,-115.2,17
ExpectedSARSA,0,380,-22.999999999999993,25
ExpectedSARSA,0,381,-15.000000000000004,17
ExpectedSARSA,0,382,-15.000000000000004,17
ExpectedSARSA,0,383,-14.000000000000004,16
ExpectedSARSA,0,384,-19.0,21
ExpectedSARSA,0,385,-19.0,21
ExpectedSARSA,0,386,-14.000000000000004,16
ExpectedSARSA,0,387,-13.000000000000004,15
ExpectedSARSA,0,388,-18.0,20
ExpectedSARSA,0,389,-13.000000000000004,15
ExpectedSARSA,0,390,-13.000000000000004,15
ExpectedSARSA,0,391,-14.000000000000004,16
ExpectedSARSA,0,392,-15.000000000000004,17
ExpectedSARSA,0,393,-100.0,1
ExpectedSARSA,0,394,-13.000000000000004,15
ExpectedSARSA,0,395,-13.000000000000004,15
ExpectedSARSA,0,396,-15.000000000000004,17
ExpectedSARSA,0,397,-17.0,19
ExpectedSARSA,0,398,-18.999999999999996,21
ExpectedSARSA,0,399,-13.000000000000004,15
ExpectedSARSA,0,400,-13.000000000000004,15
ExpectedSARSA,0,401,-13.000000000000004,15
ExpectedSARSA,0,402,-13.000000000000004,15
ExpectedSARSA,0,403,-19.0,21
ExpectedSARSA,0,404,-15.000000000000004,17
ExpectedSARSA,0,405,-16.000000000000004,18
ExpectedSARSA,0,406,-13.000000000000004,15
ExpectedSARSA,0,407,-15.000000000000004,17
ExpectedSARSA,0,408,-16.000000000000004,18
ExpectedSARSA,0,409,-16.000000000000004,18
ExpectedSARSA,0,410,-15.000000000000004,17
ExpectedSARSA,0,411,-16.000000000000004,18
ExpectedSARSA,0,412,-15.000000000000004,17
ExpectedSARSA,0,413,-13.000000000000004,15
ExpectedSARSA,0,414,-15.000000000000004,17
ExpectedSARSA,0,415,-14.000000000000004,16
ExpectedSARSA,0,416,-13.000000000000004,15
ExpectedSARSA,0,417,-21.999999999999996,24
ExpectedSARSA,0,418,-15.000000000000004,17
ExpectedSARSA,0,419,-13.000000000000004,15
ExpectedSARSA,0,420,-18.0,20
ExpectedSARSA,0,421,-19.999999999999996,22
ExpectedSARSA,0,422,-18.999999999999996,21
ExpectedSARSA,0,423,-16.000000000000004,18
ExpectedSARSA,0,424,-19.999999999999996,22
ExpectedSARSA,0,425,-15.000000000000004,17
ExpectedSARSA,0,426,-16.000000000000004,18
ExpectedSARSA,0,427,-13.000000000000004,15
ExpectedSARSA,0,428,-15.000000000000004,17
ExpectedSARSA,0,429,-13.000000000000004,15
ExpectedSARSA,0,430,-15.000000000000004,17
ExpectedSARSA,0,431,-17.0,19
ExpectedSARSA,0,432,-16.000000000000004,18
ExpectedSARSA,0,433,-13.000000000000004,15
ExpectedSARSA,0,434,-100.0,1
ExpectedSARSA,0,435,-17.000000000000004,19
ExpectedSARSA,0,436,-13.000000000000004,15
ExpectedSARSA,0,437,-13.000000000000004,15
ExpectedSARSA,0,438,-13.000000000000004,15
ExpectedSARSA,0,439,-13.000000000000004,15
ExpectedSARSA,0,440,-18.0,20
ExpectedSARSA,0,441,-15.000000000000004,17
ExpectedSARSA,0,442,-18.0,20
ExpectedSARSA,0,443,-15.000000000000004,17
ExpectedSARSA,0,444,-13.000000000000004,15
ExpectedSARSA,0,445,-20.999999999999996,23
ExpectedSARSA,0,446,-15.000000000000004,17
ExpectedSARSA,0,447,-13.000000000000004,15
ExpectedSARSA,0,448,-14.000000000000004,16
ExpectedSARSA,0,449,-21.999999999999993,24
ExpectedSARSA,0,450,-100.0,1
ExpectedSARSA,0,451,-15.000000000000004,17
ExpectedSARSA,0,452,-13.000000000000004,15
ExpectedSARSA,0,453,-15.000000000000004,17
ExpectedSARSA,0,454,-20.999999999999993,23
ExpectedSARSA,0,455,-14.000000000000004,16
ExpectedSARSA,0,456,-14.000000000000004,16
ExpectedSARSA,0,457,-15.000000000000004,17
ExpectedSARSA,0,458,-15.000000000000004,17
ExpectedSARSA,0,459,-16.000000000000004,18
ExpectedSARSA,0,460,-18.999999999999996,21
ExpectedSARSA,0,461,-15.000000000000004,17
ExpectedSARSA,0,462,-23.99999999999999,26
ExpectedSARSA,0,463,-14.000000000000004,16
ExpectedSARSA,0,464,-15.000000000000004,17
ExpectedSARSA,0,465,-19.0,21
ExpectedSARSA,0,466,-100.0,1
ExpectedSARSA,0,467,-18.0,20
ExpectedSARSA,0,468,-13.000000000000004,15
ExpectedSARSA,0,469,-15.000000000000004,17
ExpectedSARSA,0,470,-13.000000000000004,15
ExpectedSARSA,0,471,-15.000000000000004,17
ExpectedSARSA,0,472,-15.000000000000004,17
ExpectedSARSA,0,473,-18.0,20
ExpectedSARSA,0,474,-16.000000000000004,18
ExpectedSARSA,0,475,-18.0,20
ExpectedSARSA,0,476,-19.999999999999996,22
ExpectedSARSA,0,477,-15.000000000000004,17
ExpectedSARSA,0,478,-17.0,19
ExpectedSARSA,0,479,-15.000000000000004,17
ExpectedSARSA,0,480,-19.0,21
ExpectedSARSA,0,481,-17.0,19
ExpectedSARSA,0,482,-110.5,12
ExpectedSARSA,0,483,-13.000000000000004,15
ExpectedSARSA,0,484,-17.0,19
ExpectedSARSA,0,485,-19.0,21
ExpectedSARSA,0,486,-13.000000000000004,15
ExpectedSARSA,0,487,-16.000000000000004,18
ExpectedSARSA,0,488,-13.000000000000004,15
ExpectedSARSA,0,489,-17.000000000000004,19
ExpectedSARSA,0,490,-15.000000000000004,17
ExpectedSARSA,0,491,-17.0,19
ExpectedSARSA,0,492,-13.000000000000004,15
ExpectedSARSA,0,493,-100.0,1
ExpectedSARSA,0,494,-15.000000000000004,17
ExpectedSARSA,0,495,-17.0,19
ExpectedSARSA,0,496,-18.999999999999996,21
ExpectedSARSA,0,497,-13.000000000000004,15
ExpectedSARSA,0,498,-18.0,20
ExpectedSARSA,0,499,-17.0,19
ExpectedSARSA,0,500,-13.000000000000004,15
ExpectedSARSA,0,501,-18.0,20
ExpectedSARSA,0,502,-100.0,1
ExpectedSARSA,0,503,-15.000000000000004,17
ExpectedSARSA,0,504,-15.000000000000004,17
ExpectedSARSA,0,505,-17.0,19
ExpectedSARSA,0,506,-15.000000000000004,17
ExpectedSARSA,0,507,-13.000000000000004,15
ExpectedSARSA,0,508,-16.000000000000004,18
ExpectedSARSA,0,509,-18.0,20
ExpectedSARSA,0,510,-19.0,21
ExpectedSARSA,0,511,-19.0,21
ExpectedSARSA,0,512,-15.000000000000004,17
ExpectedSARSA,0,513,-13.000000000000004,15
ExpectedSARSA,0,514,-16.000000000000004,18
ExpectedSARSA,0,515,-18.0,20
ExpectedSARSA,0,516,-17.0,19
ExpectedSARSA,0,517,-104.7,6
ExpectedSARSA,0,518,-13.000000000000004,15
ExpectedSARSA,0,519,-13.000000000000004,15
ExpectedSARSA,0,520,-17.000000000000004,19
ExpectedSARSA,0,521,-18.999999999999996,21
ExpectedSARSA,0,522,-13.000000000000004,15
ExpectedSARSA,0,523,-13.000000000000004,15
ExpectedSARSA,0,524,-16.000000000000004,18
ExpectedSARSA,0,525,-15.000000000000004,17
ExpectedSARSA,0,526,-13.000000000000004,15
ExpectedSARSA,0,527,-17.0,19
ExpectedSARSA,0,528,-13.000000000000004,15
ExpectedSARSA,0,529,-15.000000000000004,17
ExpectedSARSA,0,530,-17.0,19
ExpectedSARSA,0,531,-14.000000000000004,16
ExpectedSARSA,0,532,-100.0,1
ExpectedSARSA,0,533,-15.000000000000004,17
ExpectedSARSA,0,534,-13.000000000000004,15
ExpectedSARSA,0,535,-17.0,19
ExpectedSARSA,0,536,-14.000000000000004,16
ExpectedSARSA,0,537,-15.000000000000004,17
ExpectedSARSA,0,538,-13.000000000000004,15
ExpectedSARSA,0,539,-19.0,21
ExpectedSARSA,0,540,-15.000000000000004,17
ExpectedSARSA,0,541,-15.000000000000004,17
ExpectedSARSA,0,542,-17.0,19
ExpectedSARSA,0,543,-13.000000000000004,15
ExpectedSARSA,0,544,-13.000000000000004,15
ExpectedSARSA,0,545,-13.000000000000004,15
ExpectedSARSA,0,546,-18.0,20
ExpectedSARSA,0,547,-13.000000000000004,15
ExpectedSARSA,0,548,-13.000000000000004,15
ExpectedSARSA,0,549,-14.000000000000004,16
ExpectedSARSA,0,550,-17.0,19
ExpectedSARSA,0,551,-15.000000000000004,17
ExpectedSARSA,0,552,-13.000000000000004,15
ExpectedSARSA,0,553,-15.000000000000004,17
ExpectedSARSA,0,554,-13.000000000000004,15
ExpectedSARSA,0,555,-17.000000000000004,19
ExpectedSARSA,0,556,-13.000000000000004,15
ExpectedSARSA,0,557,-15.000000000000004,17
ExpectedSARSA,0,558,-15.000000000000004,17
ExpectedSARSA,0,559,-20.999999999999996,23
ExpectedSARSA,0,560,-14.000000000000004,16
ExpectedSARSA,0,561,-13.000000000000004,15
ExpectedSARSA,0,562,-13.000000000000004,15
ExpectedSARSA,0,563,-15.000000000000004,17
ExpectedSARSA,0,564,-17.0,19
ExpectedSARSA,0,565,-13.000000000000004,15
ExpectedSARSA,0,566,-18.0,20
ExpectedSARSA,0,567,-15.000000000000004,17
ExpectedSARSA,0,568,-15.000000000000004,17
ExpectedSARSA,0,569,-15.000000000000004,17
ExpectedSARSA,0,570,-100.0,1
ExpectedSARSA,0,571,-14.000000000000004,16
ExpectedSARSA,0,572,-13.000000000000004,15
ExpectedSARSA,0,573,-100.0,1
ExpectedSARSA,0,574,-17.0,19
ExpectedSARSA,0,575,-13.000000000000004,15
ExpectedSARSA,0,576,-13.000000000000004,15
ExpectedSARSA,0,577,-23.999999999999993,26
ExpectedSARSA,0,578,-13.000000000000004,15
ExpectedSARSA,0,579,-101.0,2
ExpectedSARSA,0,580,-17.0,19
ExpectedSARSA,0,581,-15.000000000000004,17
ExpectedSARSA,0,582,-17.0,19
ExpectedSARSA,0,583,-15.000000000000004,17
ExpectedSARSA,0,584,-17.0,19
ExpectedSARSA,0,585,-13.000000000000004,15
ExpectedSARSA,0,586,-19.0,21
ExpectedSARSA,0,587,-22.0,24
ExpectedSARSA,0,588,-13.000000000000004,15
ExpectedSARSA,0,589,-15.000000000000004,17
ExpectedSARSA,0,590,-13.000000000000004,15
ExpectedSARSA,0,591,-13.000000000000004,15
ExpectedSARSA,0,592,-20.999999999999993,23
ExpectedSARSA,0,593,-15.000000000000004,17
ExpectedSARSA,0,594,-15.000000000000004,17
ExpectedSARSA,0,595,-13.000000000000004,15
ExpectedSARSA,0,596,-13.000000000000004,15
ExpectedSARSA,0,597,-100.0,1
ExpectedSARSA,0,598,-13.000000000000004,15
ExpectedSARSA,0,599,-13.000000000000004,15
ExpectedSARSA,0,600,-15.000000000000004,17
ExpectedSARSA,0,601,-15.000000000000004,17
ExpectedSARSA,0,602,-17.0,19
ExpectedSARSA,0,603,-13.000000000000004,15
ExpectedSARSA,0,604,-13.000000000000004,15
ExpectedSARSA,0,605,-15.000000000000004,17
ExpectedSARSA,0,606,-13.000000000000004,15
ExpectedSARSA,0,607,-15.000000000000004,17
ExpectedSARSA,0,608,-15.000000000000004,17
ExpectedSARSA,0,609,-100.0,1
ExpectedSARSA,0,610,-13.000000000000004,15
ExpectedSARSA,0,611,-20.999999999999996,23
ExpectedSARSA,0,612,-13.000000000000004,15
ExpectedSARSA,0,613,-17.0,19
ExpectedSARSA,0,614,-18.000000000000004,20
ExpectedSARSA,0,615,-14.000000000000004,16
ExpectedSARSA,0,616,-14.000000000000004,16
ExpectedSARSA,0,617,-16.000000000000004,18
ExpectedSARSA,0,618,-15.000000000000004,17
ExpectedSARSA,0,619,-13.000000000000004,15
ExpectedSARSA,0,620,-15.000000000000004,17
ExpectedSARSA,0,621,-13.000000000000004,15
ExpectedSARSA,0,622,-100.0,1
ExpectedSARSA,0,623,-17.0,19
ExpectedSARSA,0,624,-100.0,1
ExpectedSARSA,0,625,-13.000000000000004,15
ExpectedSARSA,0,626,-15.000000000000004,17
ExpectedSARSA,0,627,-100.0,1
ExpectedSARSA,0,628,-105.8,7
ExpectedSARSA,0,629,-17.000000000000004,19
ExpectedSARSA,0,630,-13.000000000000004,15
ExpectedSARSA,0,631,-16.000000000000004,18
ExpectedSARSA,0,632,-13.000000000000004,15
ExpectedSARSA,0,633,-13.000000000000004,15
ExpectedSARSA,0,634,-13.000000000000004,15
ExpectedSARSA,0,635,-13.000000000000004,15
ExpectedSARSA,0,636,-13.000000000000004,15
ExpectedSARSA,0,637,-15.000000000000004,17
ExpectedSARSA,0,638,-13.000000000000004,15
ExpectedSARSA,0,639,-14.000000000000004,16
ExpectedSARSA,0,640,-16.000000000000004,18
ExpectedSARSA,0,641,-19.999999999999996,22
ExpectedSARSA,0,642,-15.000000000000004,17
ExpectedSARSA,0,643,-13.000000000000004,15
ExpectedSARSA,0,644,-13.000000000000004,15
ExpectedSARSA,0,645,-15.000000000000004,17
ExpectedSARSA,0,646,-16.000000000000004,18
ExpectedSARSA,0,647,-18.0,20
ExpectedSARSA,0,648,-15.000000000000004,17
ExpectedSARSA,0,649,-15.000000000000004,17
ExpectedSARSA,0,650,-15.000000000000004,17
ExpectedSARSA,0,651,-100.0,1
ExpectedSARSA,0,652,-18.0,20
ExpectedSARSA,0,653,-15.000000000000004,17
ExpectedSARSA,0,654,-17.0,19
ExpectedSARSA,0,655,-100.0,1
ExpectedSARSA,0,656,-15.000000000000004,17
ExpectedSARSA,0,657,-13.000000000000004,15
ExpectedSARSA,0,658,-22.999999999999993,25
ExpectedSARSA,0,659,-13.000000000000004,15
ExpectedSARSA,0,660,-13.000000000000004,15
ExpectedSARSA,0,661,-17.0,19
ExpectedSARSA,0,662,-13.000000000000004,15
ExpectedSARSA,0,663,-13.000000000000004,15
ExpectedSARSA,0,664,-14.000000000000004,16
ExpectedSARSA,0,665,-15.000000000000004,17
ExpectedSARSA,0,666,-17.0,19
ExpectedSARSA,0,667,-13.000000000000004,15
ExpectedSARSA,0,668,-15.000000000000004,17
ExpectedSARSA,0,669,-13.000000000000004,15
ExpectedSARSA,0,670,-22.999999999999993,25
ExpectedSARSA,0,671,-13.000000000000004,15
ExpectedSARSA,0,672,-13.000000000000004,15
ExpectedSARSA,0,673,-15.000000000000004,17
ExpectedSARSA,0,674,-17.0,19
ExpectedSARSA,0,675,-15.000000000000004,17
ExpectedSARSA,0,676,-17.0,19
ExpectedSARSA,0,677,-16.000000000000004,18
ExpectedSARSA,0,678,-15.000000000000004,17
ExpectedSARSA,0,679,-15.000000000000004,17
ExpectedSARSA,0,680,-13.000000000000004,15
ExpectedSARSA,0,681,-20.0,22
ExpectedSARSA,0,682,-13.000000000000004,15
ExpectedSARSA,0,683,-14.000000000000004,16
ExpectedSARSA,0,684,-14.000000000000004,16
ExpectedSARSA,0,685,-13.000000000000004,15
ExpectedSARSA,0,686,-15.000000000000004,17
ExpectedSARSA,0,687,-13.000000000000004,15
ExpectedSARSA,0,688,-15.000000000000004,17
ExpectedSARSA,0,689,-15.000000000000004,17
ExpectedSARSA,0,690,-15.000000000000004,17
ExpectedSARSA,0,691,-100.0,1
ExpectedSARSA,0,692,-13.000000000000004,15
ExpectedSARSA,0,693,-15.000000000000004,17
ExpectedSARSA,0,694,-17.000000000000004,19
ExpectedSARSA,0,695,-13.000000000000004,15
ExpectedSARSA,0,696,-13.000000000000004,15
ExpectedSARSA,0,697,-13.000000000000004,15
ExpectedSARSA,0,698,-13.000000000000004,15
ExpectedSARSA,0,699,-17.0,19
ExpectedSARSA,0,700,-13.000000000000004,15
ExpectedSARSA,0,701,-13.000000000000004,15
ExpectedSARSA,0,702,-17.0,19
ExpectedSARSA,0,703,-13.000000000000004,15
ExpectedSARSA,0,704,-13.000000000000004,15
ExpectedSARSA,0,705,-13.000000000000004,15
ExpectedSARSA,0,706,-17.0,19
ExpectedSARSA,0,707,-21.999999999999996,24
ExpectedSARSA,0,708,-15.000000000000004,17
ExpectedSARSA,0,709,-15.000000000000004,17
ExpectedSARSA,0,710,-15.000000000000004,17
ExpectedSARSA,0,711,-15.000000000000004,17
ExpectedSARSA,0,712,-13.000000000000004,15
ExpectedSARSA,0,713,-15.000000000000004,17
ExpectedSARSA,0,714,-15.000000000000004,17
ExpectedSARSA,0,715,-17.000000000000004,19
ExpectedSARSA,0,716,-15.000000000000004,17
ExpectedSARSA,0,717,-15.000000000000004,17
ExpectedSARSA,0,718,-13.000000000000004,15
ExpectedSARSA,0,719,-13.000000000000004,15
ExpectedSARSA,0,720,-13.000000000000004,15
ExpectedSARSA,0,721,-15.000000000000004,17
ExpectedSARSA,0,722,-13.000000000000004,15
ExpectedSARSA,0,723,-15.000000000000004,17
ExpectedSARSA,0,724,-17.0,19
ExpectedSARSA,0,725,-19.999999999999996,22
ExpectedSARSA,0,726,-16.000000000000004,18
ExpectedSARSA,0,727,-19.999999999999996,22
ExpectedSARSA,0,728,-13.000000000000004,15
ExpectedSARSA,0,729,-15.000000000000004,17
ExpectedSARSA,0,730,-15.000000000000004,17
ExpectedSARSA,0,731,-15.000000000000004,17
ExpectedSARSA,0,732,-15.000000000000004,17
ExpectedSARSA,0,733,-13.000000000000004,15
ExpectedSARSA,0,734,-14.000000000000004,16
ExpectedSARSA,0,735,-15.000000000000004,17
ExpectedSARSA,0,736,-17.0,19
ExpectedSARSA,0,737,-15.000000000000004,17
ExpectedSARSA,0,738,-15.000000000000004,17
ExpectedSARSA,0,739,-14.000000000000004,16
ExpectedSARSA,0,740,-17.0,19
ExpectedSARSA,0,741,-18.999999999999996,21
ExpectedSARSA,0,742,-17.0,19
ExpectedSARSA,0,743,-17.0,19
ExpectedSARSA,0,744,-19.0,21
ExpectedSARSA,0,745,-15.000000000000004,17
ExpectedSARSA,0,746,-16.000000000000004,18
ExpectedSARSA,0,747,-13.000000000000004,15
ExpectedSARSA,0,748,-15.000000000000004,17
ExpectedSARSA,0,749,-17.000000000000004,19
ExpectedSARSA,0,750,-13.000000000000004,15
ExpectedSARSA,0,751,-15.000000000000004,17
ExpectedSARSA,0,752,-18.000000000000004,20
ExpectedSARSA,0,753,-13.000000000000004,15
ExpectedSARSA,0,754,-13.000000000000004,15
ExpectedSARSA,0,755,-13.000000000000004,15
ExpectedSARSA,0,756,-17.0,19
ExpectedSARSA,0,757,-13.000000000000004,15
ExpectedSARSA,0,758,-100.0,1
ExpectedSARSA,0,759,-15.000000000000004,17
ExpectedSARSA,0,760,-20.999999999999996,23
ExpectedSARSA,0,761,-17.0,19
ExpectedSARSA,0,762,-14.000000000000004,16
ExpectedSARSA,0,763,-18.0,20
ExpectedSARSA,0,764,-15.000000000000004,17
ExpectedSARSA,0,765,-13.000000000000004,15
ExpectedSARSA,0,766,-13.000000000000004,15
ExpectedSARSA,0,767,-19.999999999999996,22
ExpectedSARSA,0,768,-16.000000000000004,18
ExpectedSARSA,0,769,-13.000000000000004,15
ExpectedSARSA,0,770,-15.000000000000004,17
ExpectedSARSA,0,771,-18.999999999999996,21
ExpectedSARSA,0,772,-13.000000000000004,15
ExpectedSARSA,0,773,-15.000000000000004,17
ExpectedSARSA,0,774,-15.000000000000004,17
ExpectedSARSA,0,775,-13.000000000000004,15
ExpectedSARSA,0,776,-13.000000000000004,15
ExpectedSARSA,0,777,-15.000000000000004,17
ExpectedSARSA,0,778,-17.0,19
ExpectedSARSA,0,779,-15.000000000000004,17
ExpectedSARSA,0,780,-15.000000000000004,17
ExpectedSARSA,0,781,-14.000000000000004,16
ExpectedSARSA,0,782,-13.000000000000004,15
ExpectedSARSA,0,783,-13.000000000000004,15
ExpectedSARSA,0,784,-15.000000000000004,17
ExpectedSARSA,0,785,-17.0,19
ExpectedSARSA,0,786,-20.999999999999996,23
ExpectedSARSA,0,787,-107.6,9
ExpectedSARSA,0,788,-15.000000000000004,17
ExpectedSARSA,0,789,-13.000000000000004,15
ExpectedSARSA,0,790,-100.0,1
ExpectedSARSA,0,791,-13.000000000000004,15
ExpectedSARSA,0,792,-15.000000000000004,17
ExpectedSARSA,0,793,-15.000000000000004,17
ExpectedSARSA,0,794,-13.000000000000004,15
ExpectedSARSA,0,795,-15.000000000000004,17
ExpectedSARSA,0,796,-15.000000000000004,17
ExpectedSARSA,0,797,-13.000000000000004,15
ExpectedSARSA,0,798,-20.999999999999996,23
ExpectedSARSA,0,799,-15.000000000000004,17
ExpectedSARSA,0,800,-15.000000000000004,17
ExpectedSARSA,0,801,-16.000000000000004,18
ExpectedSARSA,0,802,-17.0,19
ExpectedSARSA,0,803,-14.000000000000004,16
ExpectedSARSA,0,804,-15.000000000000004,17
ExpectedSARSA,0,805,-13.000000000000004,15
ExpectedSARSA,0,806,-16.000000000000004,18
ExpectedSARSA,0,807,-13.000000000000004,15
ExpectedSARSA,0,808,-17.0,19
ExpectedSARSA,0,809,-14.000000000000004,16
ExpectedSARSA,0,810,-17.0,19
ExpectedSARSA,0,811,-16.000000000000004,18
ExpectedSARSA,0,812,-17.0,19
ExpectedSARSA,0,813,-17.0,19
ExpectedSARSA,0,814,-17.000000000000004,19
ExpectedSARSA,0,815,-15.000000000000004,17
ExpectedSARSA,0,816,-13.000000000000004,15
ExpectedSARSA,0,817,-14.000000000000004,16
ExpectedSARSA,0,818,-15.000000000000004,17
ExpectedSARSA,0,819,-17.0,19
ExpectedSARSA,0,820,-13.000000000000004,15
ExpectedSARSA,0,821,-18.000000000000004,20
ExpectedSARSA,0,822,-13.000000000000004,15
ExpectedSARSA,0,823,-13.000000000000004,15
ExpectedSARSA,0,824,-16.000000000000004,18
ExpectedSARSA,0,825,-13.000000000000004,15
ExpectedSARSA,0,826,-15.000000000000004,17
ExpectedSARSA,0,827,-17.0,19
ExpectedSARSA,0,828,-18.0,20
ExpectedSARSA,0,829,-13.000000000000004,15
ExpectedSARSA,0,830,-13.000000000000004,15
ExpectedSARSA,0,831,-13.000000000000004,15
ExpectedSARSA,0,832,-16.000000000000004,18
ExpectedSARSA,0,833,-15.000000000000004,17
ExpectedSARSA,0,834,-13.000000000000004,15
ExpectedSARSA,0,835,-15.000000000000004,17
ExpectedSARSA,0,836,-18.0,20
ExpectedSARSA,0,837,-15.000000000000004,17
ExpectedSARSA,0,838,-16.000000000000004,18
ExpectedSARSA,0,839,-100.0,1
ExpectedSARSA,0,840,-15.000000000000004,17
ExpectedSARSA,0,841,-19.0,21
ExpectedSARSA,0,842,-15.000000000000004,17
ExpectedSARSA,0,843,-17.0,19
ExpectedSARSA,0,844,-15.000000000000004,17
ExpectedSARSA,0,845,-13.000000000000004,15
ExpectedSARSA,0,846,-13.000000000000004,15
ExpectedSARSA,0,847,-17.0,19
ExpectedSARSA,0,848,-19.0,21
ExpectedSARSA,0,849,-15.000000000000004,17
ExpectedSARSA,0,850,-13.000000000000004,15
ExpectedSARSA,0,851,-14.000000000000004,16
ExpectedSARSA,0,852,-14.000000000000004,16
ExpectedSARSA,0,853,-17.0,19
ExpectedSARSA,0,854,-15.000000000000004,17
ExpectedSARSA,0,855,-15.000000000000004,17
ExpectedSARSA,0,856,-13.000000000000004,15
ExpectedSARSA,0,857,-17.0,19
ExpectedSARSA,0,858,-18.999999999999996,21
ExpectedSARSA,0,859,-18.999999999999996,21
ExpectedSARSA,0,860,-108.5,10
ExpectedSARSA,0,861,-15.000000000000004,17
ExpectedSARSA,0,862,-17.000000000000004,19
ExpectedSARSA,0,863,-13.000000000000004,15
ExpectedSARSA,0,864,-17.000000000000004,19
ExpectedSARSA,0,865,-100.0,1
ExpectedSARSA,0,866,-14.000000000000004,16
ExpectedSARSA,0,867,-13.000000000000004,15
ExpectedSARSA,0,868,-13.000000000000004,15
ExpectedSARSA,0,869,-13.000000000000004,15
ExpectedSARSA,0,870,-15.000000000000004,17
ExpectedSARSA,0,871,-13.000000000000004,15
ExpectedSARSA,0,872,-19.0,21
ExpectedSARSA,0,873,-14.000000000000004,16
ExpectedSARSA,0,874,-16.000000000000004,18
ExpectedSARSA,0,875,-13.000000000000004,15
ExpectedSARSA,0,876,-18.0,20
ExpectedSARSA,0,877,-17.0,19
ExpectedSARSA,0,878,-13.000000000000004,15
ExpectedSARSA,0,879,-20.0,22
ExpectedSARSA,0,880,-13.000000000000004,15
ExpectedSARSA,0,881,-13.000000000000004,15
ExpectedSARSA,0,882,-13.000000000000004,15
ExpectedSARSA,0,883,-14.000000000000004,16
ExpectedSARSA,0,884,-16.000000000000004,18
ExpectedSARSA,0,885,-15.000000000000004,17
ExpectedSARSA,0,886,-13.000000000000004,15
ExpectedSARSA,0,887,-15.000000000000004,17
ExpectedSARSA,0,888,-15.000000000000004,17
ExpectedSARSA,0,889,-15.000000000000004,17
ExpectedSARSA,0,890,-16.000000000000004,18
ExpectedSARSA,0,891,-16.000000000000004,18
ExpectedSARSA,0,892,-15.000000000000004,17
ExpectedSARSA,0,893,-15.000000000000004,17
ExpectedSARSA,0,894,-13.000000000000004,15
ExpectedSARSA,0,895,-15.000000000000004,17
ExpectedSARSA,0,896,-13.000000000000004,15
ExpectedSARSA,0,897,-13.000000000000004,15
ExpectedSARSA,0,898,-13.000000000000004,15
ExpectedSARSA,0,899,-13.000000000000004,15
ExpectedSARSA,0,900,-15.000000000000004,17
ExpectedSARSA,0,901,-17.0,19
ExpectedSARSA,0,902,-16.000000000000004,18
ExpectedSARSA,0,903,-17.0,19
ExpectedSARSA,0,904,-17.0,19
ExpectedSARSA,0,905,-17.0,19
ExpectedSARSA,0,906,-17.0,19
ExpectedSARSA,0,907,-15.000000000000004,17
ExpectedSARSA,0,908,-13.000000000000004,15
ExpectedSARSA,0,909,-19.999999999999996,22
ExpectedSARSA,0,910,-15.000000000000004,17
ExpectedSARSA,0,911,-20.999999999999996,23
ExpectedSARSA,0,912,-15.000000000000004,17
ExpectedSARSA,0,913,-14.000000000000004,16
ExpectedSARSA,0,914,-15.000000000000004,17
ExpectedSARSA,0,915,-13.000000000000004,15
ExpectedSARSA,0,916,-16.000000000000004,18
ExpectedSARSA,0,917,-22.999999999999996,25
ExpectedSARSA,0,918,-15.000000000000004,17
ExpectedSARSA,0,919,-15.000000000000004,17
ExpectedSARSA,0,920,-15.000000000000004,17
ExpectedSARSA,0,921,-20.999999999999996,23
ExpectedSARSA,0,922,-15.000000000000004,17
ExpectedSARSA,0,923,-15.000000000000004,17
ExpectedSARSA,0,924,-13.000000000000004,15
ExpectedSARSA,0,925,-13.000000000000004,15
ExpectedSARSA,0,926,-17.0,19
ExpectedSARSA,0,927,-13.000000000000004,15
ExpectedSARSA,0,928,-13.000000000000004,15
ExpectedSARSA,0,929,-13.000000000000004,15
ExpectedSARSA,0,930,-13.000000000000004,15
ExpectedSARSA,0,931,-13.000000000000004,15
ExpectedSARSA,0,932,-18.0,20
ExpectedSARSA,0,933,-14.000000000000004,16
ExpectedSARSA,0,934,-13.000000000000004,15
ExpectedSARSA,0,935,-17.000000000000004,19
ExpectedSARSA,0,936,-13.000000000000004,15
ExpectedSARSA,0,937,-15.000000000000004,17
ExpectedSARSA,0,938,-15.000000000000004,17
ExpectedSARSA,0,939,-108.7,10
ExpectedSARSA,0,940,-13.000000000000004,15
ExpectedSARSA,0,941,-13.000000000000004,15
ExpectedSARSA,0,942,-15.000000000000004,17
ExpectedSARSA,0,943,-17.0,19
ExpectedSARSA,0,944,-15.000000000000004,17
ExpectedSARSA,0,945,-13.000000000000004,15
ExpectedSARSA,0,946,-13.000000000000004,15
ExpectedSARSA,0,947,-15.000000000000004,17
ExpectedSARSA,0,948,-13.000000000000004,15
ExpectedSARSA,0,949,-20.999999999999996,23
ExpectedSARSA,0,950,-15.000000000000004,17
ExpectedSARSA,0,951,-17.0,19
ExpectedSARSA,0,952,-17.000000000000004,19
ExpectedSARSA,0,953,-13.000000000000004,15
ExpectedSARSA,0,954,-13.000000000000004,15
ExpectedSARSA,0,955,-19.0,21
ExpectedSARSA,0,956,-13.000000000000004,15
ExpectedSARSA,0,957,-16.000000000000004,18
ExpectedSARSA,0,958,-115.2,17
ExpectedSARSA,0,959,-17.0,19
ExpectedSARSA,0,960,-15.000000000000004,17
ExpectedSARSA,0,961,-17.0,19
ExpectedSARSA,0,962,-22.0,24
ExpectedSARSA,0,963,-15.000000000000004,17
ExpectedSARSA,0,964,-15.000000000000004,17
ExpectedSARSA,0,965,-15.000000000000004,17
ExpectedSARSA,0,966,-13.000000000000004,15
ExpectedSARSA,0,967,-13.000000000000004,15
ExpectedSARSA,0,968,-13.000000000000004,15
ExpectedSARSA,0,969,-20.0,22
ExpectedSARSA,0,970,-15.000000000000004,17
ExpectedSARSA,0,971,-13.000000000000004,15
ExpectedSARSA,0,972,-18.0,20
ExpectedSARSA,0,973,-16.000000000000004,18
ExpectedSARSA,0,974,-13.000000000000004,15
ExpectedSARSA,0,975,-14.000000000000004,16
ExpectedSARSA,0,976,-13.000000000000004,15
ExpectedSARSA,0,977,-15.000000000000004,17
ExpectedSARSA,0,978,-104.0,5
ExpectedSARSA,0,979,-100.0,1
ExpectedSARSA,0,980,-18.999999999999996,21
ExpectedSARSA,0,981,-16.000000000000004,18
ExpectedSARSA,0,982,-13.000000000000004,15
ExpectedSARSA,0,983,-100.0,1
ExpectedSARSA,0,984,-15.000000000000004,17
ExpectedSARSA,0,985,-15.000000000000004,17
ExpectedSARSA,0,986,-19.0,21
ExpectedSARSA,0,987,-15.000000000000004,17
ExpectedSARSA,0,988,-15.000000000000004,17
ExpectedSARSA,0,989,-18.999999999999996,21
ExpectedSARSA,0,990,-15.000000000000004,17
ExpectedSARSA,0,991,-13.000000000000004,15
ExpectedSARSA,0,992,-15.000000000000004,17
ExpectedSARSA,0,993,-13.000000000000004,15
ExpectedSARSA,0,994,-14.000000000000004,16
ExpectedSARSA,0,995,-15.000000000000004,17
ExpectedSARSA,0,996,-15.000000000000004,17
ExpectedSARSA,0,997,-100.0,1
ExpectedSARSA,0,998,-13.000000000000004,15
ExpectedSARSA,0,999,-19.0,21
ExpectedSARSA,0,1000,-16.000000000000004,18
ExpectedSARSA,0,1001,-15.000000000000004,17
ExpectedSARSA,0,1002,-17.0,19
ExpectedSARSA,0,1003,-22.999999999999996,25
ExpectedSARSA,0,1004,-13.000000000000004,15
ExpectedSARSA,0,1005,-13.000000000000004,15
ExpectedSARSA,0,1006,-13.000000000000004,15
ExpectedSARSA,0,1007,-13.000000000000004,15
ExpectedSARSA,0,1008,-17.0,19
ExpectedSARSA,0,1009,-19.0,21
ExpectedSARSA,0,1010,-14.000000000000004,16
ExpectedSARSA,0,1011,-17.000000000000004,19
ExpectedSARSA,0,1012,-13.000000000000004,15
ExpectedSARSA,0,1013,-19.0,21
ExpectedSARSA,0,1014,-15.000000000000004,17
ExpectedSARSA,0,1015,-16.000000000000004,18
ExpectedSARSA,0,1016,-14.000000000000004,16
ExpectedSARSA,0,1017,-13.000000000000004,15
ExpectedSARSA,0,1018,-19.0,21
ExpectedSARSA,0,1019,-13.000000000000004,15
ExpectedSARSA,0,1020,-17.0,19
ExpectedSARSA,0,1021,-16.000000000000004,18
ExpectedSARSA,0,1022,-15.000000000000004,17
ExpectedSARSA,0,1023,-14.000000000000004,16
ExpectedSARSA,0,1024,-17.000000000000004,19
ExpectedSARSA,0,1025,-17.000000000000004,19
ExpectedSARSA,0,1026,-17.0,19
ExpectedSARSA,0,1027,-13.000000000000004,15
ExpectedSARSA,0,1028,-13.000000000000004,15
ExpectedSARSA,0,1029,-13.000000000000004,15
ExpectedSARSA,0,1030,-15.000000000000004,17
ExpectedSARSA,0,1031,-15.000000000000004,17
ExpectedSARSA,0,1032,-15.000000000000004,17
ExpectedSARSA,0,1033,-15.000000000000004,17
ExpectedSARSA,0,1034,-14.000000000000004,16
ExpectedSARSA,0,1035,-13.000000000000004,15
ExpectedSARSA,0,1036,-13.000000000000004,15
ExpectedSARSA,0,1037,-100.0,1
ExpectedSARSA,0,1038,-18.0,20
ExpectedSARSA,0,1039,-13.000000000000004,15
ExpectedSARSA,0,1040,-17.000000000000004,19
ExpectedSARSA,0,1041,-13.000000000000004,15
ExpectedSARSA,0,1042,-13.000000000000004,15
ExpectedSARSA,0,1043,-15.000000000000004,17
ExpectedSARSA,0,1044,-14.000000000000004,16
ExpectedSARSA,0,1045,-17.000000000000004,19
ExpectedSARSA,0,1046,-13.000000000000004,15
ExpectedSARSA,0,1047,-14.000000000000004,16
ExpectedSARSA,0,1048,-18.0,20
ExpectedSARSA,0,1049,-13.000000000000004,15
ExpectedSARSA,0,1050,-16.000000000000004,18
ExpectedSARSA,0,1051,-13.000000000000004,15
ExpectedSARSA,0,1052,-13.000000000000004,15
ExpectedSARSA,0,1053,-15.000000000000004,17
ExpectedSARSA,0,1054,-13.000000000000004,15
ExpectedSARSA,0,1055,-15.000000000000004,17
ExpectedSARSA,0,1056,-13.000000000000004,15
ExpectedSARSA,0,1057,-19.0,21
ExpectedSARSA,0,1058,-13.000000000000004,15
ExpectedSARSA,0,1059,-15.000000000000004,17
ExpectedSARSA,0,1060,-17.000000000000004,19
ExpectedSARSA,0,1061,-17.0,19
ExpectedSARSA,0,1062,-13.000000000000004,15
ExpectedSARSA,0,1063,-13.000000000000004,15
ExpectedSARSA,0,1064,-100.0,1
ExpectedSARSA,0,1065,-15.000000000000004,17
ExpectedSARSA,0,1066,-15.000000000000004,17
ExpectedSARSA,0,1067,-13.000000000000004,15
ExpectedSARSA,0,1068,-13.000000000000004,15
ExpectedSARSA,0,1069,-17.000000000000004,19
ExpectedSARSA,0,1070,-18.999999999999996,21
ExpectedSARSA,0,1071,-19.0,21
ExpectedSARSA,0,1072,-100.0,1
ExpectedSARSA,0,1073,-13.000000000000004,15
ExpectedSARSA,0,1074,-16.000000000000004,18
ExpectedSARSA,0,1075,-17.000000000000004,19
ExpectedSARSA,0,1076,-16.000000000000004,18
ExpectedSARSA,0,1077,-16.000000000000004,18
ExpectedSARSA,0,1078,-102.0,3
ExpectedSARSA,0,1079,-13.000000000000004,15
ExpectedSARSA,0,1080,-17.0,19
ExpectedSARSA,0,1081,-15.000000000000004,17
ExpectedSARSA,0,1082,-15.000000000000004,17
ExpectedSARSA,0,1083,-15.000000000000004,17
ExpectedSARSA,0,1084,-15.000000000000004,17
ExpectedSARSA,0,1085,-17.0,19
ExpectedSARSA,0,1086,-13.000000000000004,15
ExpectedSARSA,0,1087,-13.000000000000004,15
ExpectedSARSA,0,1088,-15.000000000000004,17
ExpectedSARSA,0,1089,-15.000000000000004,17
ExpectedSARSA,0,1090,-13.000000000000004,15
ExpectedSARSA,0,1091,-15.000000000000004,17
ExpectedSARSA,0,1092,-15.000000000000004,17
ExpectedSARSA,0,1093,-15.000000000000004,17
ExpectedSARSA,0,1094,-15.000000000000004,17
ExpectedSARSA,0,1095,-17.0,19
ExpectedSARSA,0,1096,-15.000000000000004,17
ExpectedSARSA,0,1097,-16.000000000000004,18
ExpectedSARSA,0,1098,-13.000000000000004,15
ExpectedSARSA,0,1099,-15.000000000000004,17
ExpectedSARSA,0,1100,-15.000000000000004,17
ExpectedSARSA,0,1101,-13.000000000000004,15
ExpectedSARSA,0,1102,-17.0,19
ExpectedSARSA,0,1103,-19.0,21
ExpectedSARSA,0,1104,-14.000000000000004,16
ExpectedSARSA,0,1105,-17.000000000000004,19
ExpectedSARSA,0,1106,-15.000000000000004,17
ExpectedSARSA,0,1107,-15.000000000000004,17
ExpectedSARSA,0,1108,-13.000000000000004,15
ExpectedSARSA,0,1109,-13.000000000000004,15
ExpectedSARSA,0,1110,-108.5,10
ExpectedSARSA,0,1111,-14.000000000000004,16
ExpectedSARSA,0,1112,-100.0,1
ExpectedSARSA,0,1113,-14.000000000000004,16
ExpectedSARSA,0,1114,-13.000000000000004,15
ExpectedSARSA,0,1115,-13.000000000000004,15
ExpectedSARSA,0,1116,-15.000000000000004,17
ExpectedSARSA,0,1117,-15.000000000000004,17
ExpectedSARSA,0,1118,-13.000000000000004,15
ExpectedSARSA,0,1119,-13.000000000000004,15
ExpectedSARSA,0,1120,-13.000000000000004,15
ExpectedSARSA,0,1121,-19.0,21
ExpectedSARSA,0,1122,-15.000000000000004,17
ExpectedSARSA,0,1123,-15.000000000000004,17
ExpectedSARSA,0,1124,-13.000000000000004,15
ExpectedSARSA,0,1125,-14.000000000000004,16
ExpectedSARSA,0,1126,-15.000000000000004,17
ExpectedSARSA,0,1127,-15.000000000000004,17
ExpectedSARSA,0,1128,-17.0,19
ExpectedSARSA,0,1129,-13.000000000000004,15
ExpectedSARSA,0,1130,-13.000000000000004,15
ExpectedSARSA,0,1131,-15.000000000000004,17
ExpectedSARSA,0,1132,-13.000000000000004,15
ExpectedSARSA,0,1133,-15.000000000000004,17
ExpectedSARSA,0,1134,-13.000000000000004,15
ExpectedSARSA,0,1135,-16.000000000000004,18
ExpectedSARSA,0,1136,-13.000000000000004,15
ExpectedSARSA,0,1137,-15.000000000000004,17
ExpectedSARSA,0,1138,-26.999999999999993,29
ExpectedSARSA,0,1139,-15.000000000000004,17
ExpectedSARSA,0,1140,-15.000000000000004,17
ExpectedSARSA,0,1141,-13.000000000000004,15
ExpectedSARSA,0,1142,-15.000000000000004,17
ExpectedSARSA,0,1143,-15.000000000000004,17
ExpectedSARSA,0,1144,-13.000000000000004,15
ExpectedSARSA,0,1145,-17.0,19
ExpectedSARSA,0,1146,-111.3,13
ExpectedSARSA,0,1147,-15.000000000000004,17
ExpectedSARSA,0,1148,-19.999999999999996,22
ExpectedSARSA,0,1149,-13.000000000000004,15
ExpectedSARSA,0,1150,-19.0,21
ExpectedSARSA,0,1151,-13.000000000000004,15
ExpectedSARSA,0,1152,-13.000000000000004,15
ExpectedSARSA,0,1153,-100.0,1
ExpectedSARSA,0,1154,-17.000000000000004,19
ExpectedSARSA,0,1155,-13.000000000000004,15
ExpectedSARSA,0,1156,-15.000000000000004,17
ExpectedSARSA,0,1157,-13.000000000000004,15
ExpectedSARSA,0,1158,-13.000000000000004,15
ExpectedSARSA,0,1159,-16.000000000000004,18
ExpectedSARSA,0,1160,-15.000000000000004,17
ExpectedSARSA,0,1161,-15.000000000000004,17
ExpectedSARSA,0,1162,-15.000000000000004,17
ExpectedSARSA,0,1163,-17.0,19
ExpectedSARSA,0,1164,-17.0,19
ExpectedSARSA,0,1165,-13.000000000000004,15
ExpectedSARSA,0,1166,-13.000000000000004,15
ExpectedSARSA,0,1167,-17.0,19
ExpectedSARSA,0,1168,-17.0,19
ExpectedSARSA,0,1169,-13.000000000000004,15
ExpectedSARSA,0,1170,-15.000000000000004,17
ExpectedSARSA,0,1171,-15.000000000000004,17
ExpectedSARSA,0,1172,-13.000000000000004,15
ExpectedSARSA,0,1173,-13.000000000000004,15
ExpectedSARSA,0,1174,-13.000000000000004,15
ExpectedSARSA,0,1175,-17.0,19
ExpectedSARSA,0,1176,-18.0,20
ExpectedSARSA,0,1177,-15.000000000000004,17
ExpectedSARSA,0,1178,-100.0,1
ExpectedSARSA,0,1179,-14.000000000000004,16
ExpectedSARSA,0,1180,-13.000000000000004,15
ExpectedSARSA,0,1181,-17.0,19
ExpectedSARSA,0,1182,-13.000000000000004,15
ExpectedSARSA,0,1183,-15.000000000000004,17
ExpectedSARSA,0,1184,-15.000000000000004,17
ExpectedSARSA,0,1185,-15.000000000000004,17
ExpectedSARSA,0,1186,-13.000000000000004,15
ExpectedSARSA,0,1187,-15.000000000000004,17
ExpectedSARSA,0,1188,-13.000000000000004,15
ExpectedSARSA,0,1189,-13.000000000000004,15
ExpectedSARSA,0,1190,-16.000000000000004,18
ExpectedSARSA,0,1191,-18.999999999999996,21
ExpectedSARSA,0,1192,-15.000000000000004,17
ExpectedSARSA,0,1193,-13.000000000000004,15
ExpectedSARSA,0,1194,-13.000000000000004,15
ExpectedSARSA,0,1195,-17.0,19
ExpectedSARSA,0,1196,-17.0,19
ExpectedSARSA,0,1197,-13.000000000000004,15
ExpectedSARSA,0,1198,-100.0,1
ExpectedSARSA,0,1199,-13.000000000000004,15
ExpectedSARSA,0,1200,-15.000000000000004,17
ExpectedSARSA,0,1201,-13.000000000000004,15
ExpectedSARSA,0,1202,-16.000000000000004,18
ExpectedSARSA,0,1203,-17.0,19
ExpectedSARSA,0,1204,-17.0,19
ExpectedSARSA,0,1205,-14.000000000000004,16
ExpectedSARSA,0,1206,-15.000000000000004,17
ExpectedSARSA,0,1207,-15.000000000000004,17
ExpectedSARSA,0,1208,-14.000000000000004,16
ExpectedSARSA,0,1209,-14.000000000000004,16
ExpectedSARSA,0,1210,-13.000000000000004,15
ExpectedSARSA,0,1211,-16.000000000000004,18
ExpectedSARSA,0,1212,-13.000000000000004,15
ExpectedSARSA,0,1213,-15.000000000000004,17
ExpectedSARSA,0,1214,-13.000000000000004,15
ExpectedSARSA,0,1215,-13.000000000000004,15
ExpectedSARSA,0,1216,-13.000000000000004,15
ExpectedSARSA,0,1217,-13.000000000000004,15
ExpectedSARSA,0,1218,-15.000000000000004,17
ExpectedSARSA,0,1219,-16.000000000000004,18
ExpectedSARSA,0,1220,-13.000000000000004,15
ExpectedSARSA,0,1221,-15.000000000000004,17
ExpectedSARSA,0,1222,-15.000000000000004,17
ExpectedSARSA,0,1223,-13.000000000000004,15
ExpectedSARSA,0,1224,-13.000000000000004,15
ExpectedSARSA,0,1225,-13.000000000000004,15
ExpectedSARSA,0,1226,-13.000000000000004,15
ExpectedSARSA,0,1227,-13.000000000000004,15
ExpectedSARSA,0,1228,-17.000000000000004,19
ExpectedSARSA,0,1229,-13.000000000000004,15
ExpectedSARSA,0,1230,-15.000000000000004,17
ExpectedSARSA,0,1231,-13.000000000000004,15
ExpectedSARSA,0,1232,-13.000000000000004,15
ExpectedSARSA,0,1233,-13.000000000000004,15
ExpectedSARSA,0,1234,-13.000000000000004,15
ExpectedSARSA,0,1235,-15.000000000000004,17
ExpectedSARSA,0,1236,-15.000000000000004,17
ExpectedSARSA,0,1237,-107.8,9
ExpectedSARSA,0,1238,-15.000000000000004,17
ExpectedSARSA,0,1239,-13.000000000000004,15
ExpectedSARSA,0,1240,-13.000000000000004,15
ExpectedSARSA,0,1241,-17.0,19
ExpectedSARSA,0,1242,-13.000000000000004,15
ExpectedSARSA,0,1243,-13.000000000000004,15
ExpectedSARSA,0,1244,-16.000000000000004,18
ExpectedSARSA,0,1245,-20.0,22
ExpectedSARSA,0,1246,-13.000000000000004,15
ExpectedSARSA,0,1247,-100.0,1
ExpectedSARSA,0,1248,-13.000000000000004,15
ExpectedSARSA,0,1249,-13.000000000000004,15
ExpectedSARSA,0,1250,-13.000000000000004,15
ExpectedSARSA,0,1251,-13.000000000000004,15
ExpectedSARSA,0,1252,-18.0,20
ExpectedSARSA,0,1253,-15.000000000000004,17
ExpectedSARSA,0,1254,-13.000000000000004,15
ExpectedSARSA,0,1255,-18.0,20
ExpectedSARSA,0,1256,-13.000000000000004,15
ExpectedSARSA,0,1257,-19.999999999999996,22
ExpectedSARSA,0,1258,-18.0,20
ExpectedSARSA,0,1259,-13.000000000000004,15
ExpectedSARSA,0,1260,-13.000000000000004,15
ExpectedSARSA,0,1261,-13.000000000000004,15
ExpectedSARSA,0,1262,-17.000000000000004,19
ExpectedSARSA,0,1263,-15.000000000000004,17
ExpectedSARSA,0,1264,-15.000000000000004,17
ExpectedSARSA,0,1265,-15.000000000000004,17
ExpectedSARSA,0,1266,-15.000000000000004,17
ExpectedSARSA,0,1267,-15.000000000000004,17
ExpectedSARSA,0,1268,-17.0,19
ExpectedSARSA,0,1269,-13.000000000000004,15
ExpectedSARSA,0,1270,-15.000000000000004,17
ExpectedSARSA,0,1271,-17.0,19
ExpectedSARSA,0,1272,-19.999999999999996,22
ExpectedSARSA,0,1273,-16.000000000000004,18
ExpectedSARSA,0,1274,-15.000000000000004,17
ExpectedSARSA,0,1275,-17.0,19
ExpectedSARSA,0,1276,-13.000000000000004,15
ExpectedSARSA,0,1277,-18.0,20
ExpectedSARSA,0,1278,-13.000000000000004,15
ExpectedSARSA,0,1279,-13.000000000000004,15
ExpectedSARSA,0,1280,-13.000000000000004,15
ExpectedSARSA,0,1281,-15.000000000000004,17
ExpectedSARSA,0,1282,-13.000000000000004,15
ExpectedSARSA,0,1283,-18.999999999999996,21
ExpectedSARSA,0,1284,-15.000000000000004,17
ExpectedSARSA,0,1285,-16.000000000000004,18
ExpectedSARSA,0,1286,-14.000000000000004,16
ExpectedSARSA,0,1287,-13.000000000000004,15
ExpectedSARSA,0,1288,-17.0,19
ExpectedSARSA,0,1289,-18.0,20
ExpectedSARSA,0,1290,-21.0,23
ExpectedSARSA,0,1291,-15.000000000000004,17
ExpectedSARSA,0,1292,-16.000000000000004,18
ExpectedSARSA,0,1293,-14.000000000000004,16
ExpectedSARSA,0,1294,-17.0,19
ExpectedSARSA,0,1295,-16.000000000000004,18
ExpectedSARSA,0,1296,-13.000000000000004,15
ExpectedSARSA,0,1297,-18.0,20
ExpectedSARSA,0,1298,-16.000000000000004,18
ExpectedSARSA,0,1299,-17.0,19
ExpectedSARSA,0,1300,-15.000000000000004,17
ExpectedSARSA,0,1301,-13.000000000000004,15
ExpectedSARSA,0,1302,-15.000000000000004,17
ExpectedSARSA,0,1303,-13.000000000000004,15
ExpectedSARSA,0,1304,-17.0,19
ExpectedSARSA,0,1305,-104.9,6
ExpectedSARSA,0,1306,-13.000000000000004,15
ExpectedSARSA,0,1307,-17.0,19
ExpectedSARSA,0,1308,-15.000000000000004,17
ExpectedSARSA,0,1309,-13.000000000000004,15
ExpectedSARSA,0,1310,-16.000000000000004,18
ExpectedSARSA,0,1311,-13.000000000000004,15
ExpectedSARSA,0,1312,-15.000000000000004,17
ExpectedSARSA,0,1313,-13.000000000000004,15
ExpectedSARSA,0,1314,-13.000000000000004,15
ExpectedSARSA,0,1315,-15.000000000000004,17
ExpectedSARSA,0,1316,-13.000000000000004,15
ExpectedSARSA,0,1317,-13.000000000000004,15
ExpectedSARSA,0,1318,-15.000000000000004,17
ExpectedSARSA,0,1319,-15.000000000000004,17
ExpectedSARSA,0,1320,-13.000000000000004,15
ExpectedSARSA,0,1321,-13.000000000000004,15
ExpectedSARSA,0,1322,-16.000000000000004,18
ExpectedSARSA,0,1323,-15.000000000000004,17
ExpectedSARSA,0,1324,-14.000000000000004,16
ExpectedSARSA,0,1325,-13.000000000000004,15
ExpectedSARSA,0,1326,-13.000000000000004,15
ExpectedSARSA,0,1327,-17.0,19
ExpectedSARSA,0,1328,-13.000000000000004,15
ExpectedSARSA,0,1329,-13.000000000000004,15
ExpectedSARSA,0,1330,-18.0,20
ExpectedSARSA,0,1331,-13.000000000000004,15
ExpectedSARSA,0,1332,-15.000000000000004,17
ExpectedSARSA,0,1333,-13.000000000000004,15
ExpectedSARSA,0,1334,-13.000000000000004,15
ExpectedSARSA,0,1335,-13.000000000000004,15
ExpectedSARSA,0,1336,-15.000000000000004,17
ExpectedSARSA,0,1337,-17.000000000000004,19
ExpectedSARSA,0,1338,-15.000000000000004,17
ExpectedSARSA,0,1339,-13.000000000000004,15
ExpectedSARSA,0,1340,-14.000000000000004,16
ExpectedSARSA,0,1341,-15.000000000000004,17
ExpectedSARSA,0,1342,-13.000000000000004,15
ExpectedSARSA,0,1343,-16.000000000000004,18
ExpectedSARSA,0,1344,-15.000000000000004,17
ExpectedSARSA,0,1345,-15.000000000000004,17
ExpectedSARSA,0,1346,-15.000000000000004,17
ExpectedSARSA,0,1347,-13.000000000000004,15
ExpectedSARSA,0,1348,-15.000000000000004,17
ExpectedSARSA,0,1349,-15.000000000000004,17
ExpectedSARSA,0,1350,-13.000000000000004,15
ExpectedSARSA,0,1351,-15.000000000000004,17
ExpectedSARSA,0,1352,-16.000000000000004,18
ExpectedSARSA,0,1353,-21.999999999999996,24
ExpectedSARSA,0,1354,-17.0,19
ExpectedSARSA,0,1355,-13.000000000000004,15
ExpectedSARSA,0,1356,-13.000000000000004,15
ExpectedSARSA,0,1357,-19.999999999999996,22
ExpectedSARSA,0,1358,-13.000000000000004,15
ExpectedSARSA,0,1359,-17.0,19
ExpectedSARSA,0,1360,-15.000000000000004,17
ExpectedSARSA,0,1361,-100.0,1
ExpectedSARSA,0,1362,-16.000000000000004,18
ExpectedSARSA,0,1363,-15.000000000000004,17
ExpectedSARSA,0,1364,-17.0,19
ExpectedSARSA,0,1365,-13.000000000000004,15
ExpectedSARSA,0,1366,-17.000000000000004,19
ExpectedSARSA,0,1367,-15.000000000000004,17
ExpectedSARSA,0,1368,-18.999999999999996,21
ExpectedSARSA,0,1369,-16.000000000000004,18
ExpectedSARSA,0,1370,-17.000000000000004,19
ExpectedSARSA,0,1371,-15.000000000000004,17
ExpectedSARSA,0,1372,-13.000000000000004,15
ExpectedSARSA,0,1373,-15.000000000000004,17
ExpectedSARSA,0,1374,-13.000000000000004,15
ExpectedSARSA,0,1375,-17.0,19
ExpectedSARSA,0,1376,-15.000000000000004,17
ExpectedSARSA,0,1377,-21.999999999999996,24
ExpectedSARSA,0,1378,-13.000000000000004,15
ExpectedSARSA,0,1379,-15.000000000000004,17
ExpectedSARSA,0,1380,-15.000000000000004,17
ExpectedSARSA,0,1381,-15.000000000000004,17
ExpectedSARSA,0,1382,-15.000000000000004,17
ExpectedSARSA,0,1383,-17.0,19
ExpectedSARSA,0,1384,-17.0,19
ExpectedSARSA,0,1385,-16.000000000000004,18
ExpectedSARSA,0,1386,-15.000000000000004,17
ExpectedSARSA,0,1387,-13.000000000000004,15
ExpectedSARSA,0,1388,-13.000000000000004,15
ExpectedSARSA,0,1389,-15.000000000000004,17
ExpectedSARSA,0,1390,-15.000000000000004,17
ExpectedSARSA,0,1391,-13.000000000000004,15
ExpectedSARSA,0,1392,-17.0,19
ExpectedSARSA,0,1393,-13.000000000000004,15
ExpectedSARSA,0,1394,-15.000000000000004,17
ExpectedSARSA,0,1395,-13.000000000000004,15
ExpectedSARSA,0,1396,-13.000000000000004,15
ExpectedSARSA,0,1397,-15.000000000000004,17
ExpectedSARSA,0,1398,-13.000000000000004,15
ExpectedSARSA,0,1399,-100.0,1
ExpectedSARSA,0,1400,-13.000000000000004,15
ExpectedSARSA,0,1401,-13.000000000000004,15
ExpectedSARSA,0,1402,-17.0,19
ExpectedSARSA,0,1403,-17.0,19
ExpectedSARSA,0,1404,-18.999999999999996,21
ExpectedSARSA,0,1405,-14.000000000000004,16
ExpectedSARSA,0,1406,-15.000000000000004,17
ExpectedSARSA,0,1407,-18.0,20
ExpectedSARSA,0,1408,-17.0,19
ExpectedSARSA,0,1409,-17.000000000000004,19
ExpectedSARSA,0,1410,-15.000000000000004,17
ExpectedSARSA,0,1411,-16.000000000000004,18
ExpectedSARSA,0,1412,-14.000000000000004,16
ExpectedSARSA,0,1413,-100.0,1
ExpectedSARSA,0,1414,-15.000000000000004,17
ExpectedSARSA,0,1415,-15.000000000000004,17
ExpectedSARSA,0,1416,-20.999999999999996,23
ExpectedSARSA,0,1417,-15.000000000000004,17
ExpectedSARSA,0,1418,-13.000000000000004,15
ExpectedSARSA,0,1419,-13.000000000000004,15
ExpectedSARSA,0,1420,-13.000000000000004,15
ExpectedSARSA,0,1421,-13.000000000000004,15
ExpectedSARSA,0,1422,-13.000000000000004,15
ExpectedSARSA,0,1423,-18.000000000000004,20
ExpectedSARSA,0,1424,-13.000000000000004,15
ExpectedSARSA,0,1425,-100.0,1
ExpectedSARSA,0,1426,-16.000000000000004,18
ExpectedSARSA,0,1427,-17.0,19
ExpectedSARSA,0,1428,-13.000000000000004,15
ExpectedSARSA,0,1429,-13.000000000000004,15
ExpectedSARSA,0,1430,-13.000000000000004,15
ExpectedSARSA,0,1431,-15.000000000000004,17
ExpectedSARSA,0,1432,-13.000000000000004,15
ExpectedSARSA,0,1433,-14.000000000000004,16
ExpectedSARSA,0,1434,-13.000000000000004,15
ExpectedSARSA,0,1435,-13.000000000000004,15
ExpectedSARSA,0,1436,-15.000000000000004,17
ExpectedSARSA,0,1437,-21.999999999999996,24
ExpectedSARSA,0,1438,-18.999999999999996,21
ExpectedSARSA,0,1439,-17.000000000000004,19
ExpectedSARSA,0,1440,-18.0,20
ExpectedSARSA,0,1441,-13.000000000000004,15
ExpectedSARSA,0,1442,-13.000000000000004,15
ExpectedSARSA,0,1443,-17.0,19
ExpectedSARSA,0,1444,-18.999999999999996,21
ExpectedSARSA,0,1445,-19.999999999999996,22
ExpectedSARSA,0,1446,-14.000000000000004,16
ExpectedSARSA,0,1447,-17.0,19
ExpectedSARSA,0,1448,-15.000000000000004,17
ExpectedSARSA,0,1449,-17.000000000000004,19
ExpectedSARSA,0,1450,-13.000000000000004,15
ExpectedSARSA,0,1451,-13.000000000000004,15
ExpectedSARSA,0,1452,-14.000000000000004,16
ExpectedSARSA,0,1453,-15.000000000000004,17
ExpectedSARSA,0,1454,-15.000000000000004,17
ExpectedSARSA,0,1455,-19.0,21
ExpectedSARSA,0,1456,-13.000000000000004,15
ExpectedSARSA,0,1457,-15.000000000000004,17
ExpectedSARSA,0,1458,-14.000000000000004,16
ExpectedSARSA,0,1459,-101.0,2
ExpectedSARSA,0,1460,-19.0,21
ExpectedSARSA,0,1461,-13.000000000000004,15
ExpectedSARSA,0,1462,-15.000000000000004,17
ExpectedSARSA,0,1463,-17.0,19
ExpectedSARSA,0,1464,-13.000000000000004,15
ExpectedSARSA,0,1465,-13.000000000000004,15
ExpectedSARSA,0,1466,-13.000000000000004,15
ExpectedSARSA,0,1467,-15.000000000000004,17
ExpectedSARSA,0,1468,-15.000000000000004,17
ExpectedSARSA,0,1469,-15.000000000000004,17
ExpectedSARSA,0,1470,-13.000000000000004,15
ExpectedSARSA,0,1471,-13.000000000000004,15
ExpectedSARSA,0,1472,-13.000000000000004,15
ExpectedSARSA,0,1473,-15.000000000000004,17
ExpectedSARSA,0,1474,-15.000000000000004,17
ExpectedSARSA,0,1475,-13.000000000000004,15
ExpectedSARSA,0,1476,-15.000000000000004,17
ExpectedSARSA,0,1477,-13.000000000000004,15
ExpectedSARSA,0,1478,-17.0,19
ExpectedSARSA,0,1479,-13.000000000000004,15
ExpectedSARSA,0,1480,-13.000000000000004,15
ExpectedSARSA,0,1481,-15.000000000000004,17
ExpectedSARSA,0,1482,-19.000000000000004,21
ExpectedSARSA,0,1483,-16.000000000000004,18
ExpectedSARSA,0,1484,-13.000000000000004,15
ExpectedSARSA,0,1485,-13.000000000000004,15
ExpectedSARSA,0,1486,-13.000000000000004,15
ExpectedSARSA,0,1487,-16.000000000000004,18
ExpectedSARSA,0,1488,-13.000000000000004,15
ExpectedSARSA,0,1489,-17.0,19
ExpectedSARSA,0,1490,-100.0,1
ExpectedSARSA,0,1491,-20.999999999999996,23
ExpectedSARSA,0,1492,-18.0,20
ExpectedSARSA,0,1493,-13.000000000000004,15
ExpectedSARSA,0,1494,-17.0,19
ExpectedSARSA,0,1495,-15.000000000000004,17
ExpectedSARSA,0,1496,-16.000000000000004,18
ExpectedSARSA,0,1497,-17.0,19
ExpectedSARSA,0,1498,-15.000000000000004,17
ExpectedSARSA,0,1499,-19.0,21
ExpectedSARSA,0,1500,-15.000000000000004,17
ExpectedSARSA,0,1501,-13.000000000000004,15
ExpectedSARSA,0,1502,-15.000000000000004,17
ExpectedSARSA,0,1503,-17.0,19
ExpectedSARSA,0,1504,-19.0,21
ExpectedSARSA,0,1505,-14.000000000000004,16
ExpectedSARSA,0,1506,-13.000000000000004,15
ExpectedSARSA,0,1507,-19.0,21
ExpectedSARSA,0,1508,-13.000000000000004,15
ExpectedSARSA,0,1509,-18.0,20
ExpectedSARSA,0,1510,-15.000000000000004,17
ExpectedSARSA,0,1511,-17.0,19
ExpectedSARSA,0,1512,-13.000000000000004,15
ExpectedSARSA,0,1513,-15.000000000000004,17
ExpectedSARSA,0,1514,-17.000000000000004,19
ExpectedSARSA,0,1515,-13.000000000000004,15
ExpectedSARSA,0,1516,-20.0,22
ExpectedSARSA,0,1517,-13.000000000000004,15
ExpectedSARSA,0,1518,-13.000000000000004,15
ExpectedSARSA,0,1519,-15.000000000000004,17
ExpectedSARSA,0,1520,-15.000000000000004,17
ExpectedSARSA,0,1521,-15.000000000000004,17
ExpectedSARSA,0,1522,-15.000000000000004,17
ExpectedSARSA,0,1523,-17.0,19
ExpectedSARSA,0,1524,-16.000000000000004,18
ExpectedSARSA,0,1525,-13.000000000000004,15
ExpectedSARSA,0,1526,-15.000000000000004,17
ExpectedSARSA,0,1527,-13.000000000000004,15
ExpectedSARSA,0,1528,-13.000000000000004,15
ExpectedSARSA,0,1529,-13.000000000000004,15
ExpectedSARSA,0,1530,-15.000000000000004,17
ExpectedSARSA,0,1531,-13.000000000000004,15
ExpectedSARSA,0,1532,-13.000000000000004,15
ExpectedSARSA,0,1533,-15.000000000000004,17
ExpectedSARSA,0,1534,-16.000000000000004,18
ExpectedSARSA,0,1535,-13.000000000000004,15
ExpectedSARSA,0,1536,-13.000000000000004,15
ExpectedSARSA,0,1537,-101.0,2
ExpectedSARSA,0,1538,-14.000000000000004,16
ExpectedSARSA,0,1539,-18.999999999999996,21
ExpectedSARSA,0,1540,-13.000000000000004,15
ExpectedSARSA,0,1541,-15.000000000000004,17
ExpectedSARSA,0,1542,-20.0,22
ExpectedSARSA,0,1543,-13.000000000000004,15
ExpectedSARSA,0,1544,-15.000000000000004,17
ExpectedSARSA,0,1545,-15.000000000000004,17
ExpectedSARSA,0,1546,-15.000000000000004,17
ExpectedSARSA,0,1547,-13.000000000000004,15
ExpectedSARSA,0,1548,-16.000000000000004,18
ExpectedSARSA,0,1549,-13.000000000000004,15
ExpectedSARSA,0,1550,-13.000000000000004,15
ExpectedSARSA,0,1551,-15.000000000000004,17
ExpectedSARSA,0,1552,-15.000000000000004,17
ExpectedSARSA,0,1553,-15.000000000000004,17
ExpectedSARSA,0,1554,-13.000000000000004,15
ExpectedSARSA,0,1555,-14.000000000000004,16
ExpectedSARSA,0,1556,-15.000000000000004,17
ExpectedSARSA,0,1557,-20.999999999999996,23
ExpectedSARSA,0,1558,-19.999999999999996,22
ExpectedSARSA,0,1559,-13.000000000000004,15
ExpectedSARSA,0,1560,-15.000000000000004,17
ExpectedSARSA,0,1561,-15.000000000000004,17
ExpectedSARSA,0,1562,-16.000000000000004,18
ExpectedSARSA,0,1563,-16.000000000000004,18
ExpectedSARSA,0,1564,-13.000000000000004,15
ExpectedSARSA,0,1565,-13.000000000000004,15
ExpectedSARSA,0,1566,-13.000000000000004,15
ExpectedSARSA,0,1567,-15.000000000000004,17
ExpectedSARSA,0,1568,-16.000000000000004,18
ExpectedSARSA,0,1569,-13.000000000000004,15
ExpectedSARSA,0,1570,-13.000000000000004,15
ExpectedSARSA,0,1571,-17.0,19
ExpectedSARSA,0,1572,-13.000000000000004,15
ExpectedSARSA,0,1573,-15.000000000000004,17
ExpectedSARSA,0,1574,-107.8,9
ExpectedSARSA,0,1575,-17.000000000000004,19
ExpectedSARSA,0,1576,-13.000000000000004,15
ExpectedSARSA,0,1577,-16.000000000000004,18
ExpectedSARSA,0,1578,-13.000000000000004,15
ExpectedSARSA,0,1579,-20.999999999999993,23
ExpectedSARSA,0,1580,-112.2,14
ExpectedSARSA,0,1581,-17.0,19
ExpectedSARSA,0,1582,-13.000000000000004,15
ExpectedSARSA,0,1583,-14.000000000000004,16
ExpectedSARSA,0,1584,-15.000000000000004,17
ExpectedSARSA,0,1585,-21.999999999999996,24
ExpectedSARSA,0,1586,-15.000000000000004,17
ExpectedSARSA,0,1587,-13.000000000000004,15
ExpectedSARSA,0,1588,-14.000000000000004,16
ExpectedSARSA,0,1589,-13.000000000000004,15
ExpectedSARSA,0,1590,-15.000000000000004,17
ExpectedSARSA,0,1591,-18.0,20
ExpectedSARSA,0,1592,-15.000000000000004,17
ExpectedSARSA,0,1593,-18.999999999999996,21
ExpectedSARSA,0,1594,-13.000000000000004,15
ExpectedSARSA,0,1595,-15.000000000000004,17
ExpectedSARSA,0,1596,-18.0,20
ExpectedSARSA,0,1597,-17.0,19
ExpectedSARSA,0,1598,-116.1,18
ExpectedSARSA,0,1599,-13.000000000000004,15
ExpectedSARSA,0,1600,-17.0,19
ExpectedSARSA,0,1601,-16.000000000000004,18
ExpectedSARSA,0,1602,-14.000000000000004,16
ExpectedSARSA,0,1603,-13.000000000000004,15
ExpectedSARSA,0,1604,-13.000000000000004,15
ExpectedSARSA,0,1605,-23.99999999999999,26
ExpectedSARSA,0,1606,-13.000000000000004,15
ExpectedSARSA,0,1607,-17.0,19
ExpectedSARSA,0,1608,-15.000000000000004,17
ExpectedSARSA,0,1609,-13.000000000000004,15
ExpectedSARSA,0,1610,-15.000000000000004,17
ExpectedSARSA,0,1611,-15.000000000000004,17
ExpectedSARSA,0,1612,-18.0,20
ExpectedSARSA,0,1613,-13.000000000000004,15
ExpectedSARSA,0,1614,-13.000000000000004,15
ExpectedSARSA,0,1615,-100.0,1
ExpectedSARSA,0,1616,-13.000000000000004,15
ExpectedSARSA,0,1617,-13.000000000000004,15
ExpectedSARSA,0,1618,-17.0,19
ExpectedSARSA,0,1619,-14.000000000000004,16
ExpectedSARSA,0,1620,-15.000000000000004,17
ExpectedSARSA,0,1621,-21.0,23
ExpectedSARSA,0,1622,-15.000000000000004,17
ExpectedSARSA,0,1623,-13.000000000000004,15
ExpectedSARSA,0,1624,-13.000000000000004,15
ExpectedSARSA,0,1625,-13.000000000000004,15
ExpectedSARSA,0,1626,-101.0,2
ExpectedSARSA,0,1627,-16.000000000000004,18
ExpectedSARSA,0,1628,-14.000000000000004,16
ExpectedSARSA,0,1629,-15.000000000000004,17
ExpectedSARSA,0,1630,-13.000000000000004,15
ExpectedSARSA,0,1631,-21.0,23
ExpectedSARSA,0,1632,-18.999999999999996,21
ExpectedSARSA,0,1633,-15.000000000000004,17
ExpectedSARSA,0,1634,-15.000000000000004,17
ExpectedSARSA,0,1635,-15.000000000000004,17
ExpectedSARSA,0,1636,-14.000000000000004,16
ExpectedSARSA,0,1637,-109.4,11
ExpectedSARSA,0,1638,-13.000000000000004,15
ExpectedSARSA,0,1639,-18.0,20
ExpectedSARSA,0,1640,-15.000000000000004,17
ExpectedSARSA,0,1641,-13.000000000000004,15
ExpectedSARSA,0,1642,-14.000000000000004,16
ExpectedSARSA,0,1643,-13.000000000000004,15
ExpectedSARSA,0,1644,-16.000000000000004,18
ExpectedSARSA,0,1645,-18.000000000000004,20
ExpectedSARSA,0,1646,-18.0,20
ExpectedSARSA,0,1647,-16.000000000000004,18
ExpectedSARSA,0,1648,-13.000000000000004,15
ExpectedSARSA,0,1649,-17.000000000000004,19
ExpectedSARSA,0,1650,-13.000000000000004,15
ExpectedSARSA,0,1651,-13.000000000000004,15
ExpectedSARSA,0,1652,-17.000000000000004,19
ExpectedSARSA,0,1653,-18.0,20
ExpectedSARSA,0,1654,-15.000000000000004,17
ExpectedSARSA,0,1655,-13.000000000000004,15
ExpectedSARSA,0,1656,-13.000000000000004,15
ExpectedSARSA,0,1657,-100.0,1
ExpectedSARSA,0,1658,-15.000000000000004,17
ExpectedSARSA,0,1659,-13.000000000000004,15
ExpectedSARSA,0,1660,-21.0,23
ExpectedSARSA,0,1661,-18.0,20
ExpectedSARSA,0,1662,-13.000000000000004,15
ExpectedSARSA,0,1663,-15.000000000000004,17
ExpectedSARSA,0,1664,-14.000000000000004,16
ExpectedSARSA,0,1665,-15.000000000000004,17
ExpectedSARSA,0,1666,-15.000000000000004,17
ExpectedSARSA,0,1667,-13.000000000000004,15
ExpectedSARSA,0,1668,-15.000000000000004,17
ExpectedSARSA,0,1669,-13.000000000000004,15
ExpectedSARSA,0,1670,-13.000000000000004,15
ExpectedSARSA,0,1671,-13.000000000000004,15
ExpectedSARSA,0,1672,-18.0,20
ExpectedSARSA,0,1673,-18.0,20
ExpectedSARSA,0,1674,-13.000000000000004,15
ExpectedSARSA,0,1675,-13.000000000000004,15
ExpectedSARSA,0,1676,-13.000000000000004,15
ExpectedSARSA,0,1677,-13.000000000000004,15
ExpectedSARSA,0,1678,-18.0,20
ExpectedSARSA,0,1679,-15.000000000000004,17
ExpectedSARSA,0,1680,-17.0,19
ExpectedSARSA,0,1681,-18.999999999999996,21
ExpectedSARSA,0,1682,-13.000000000000004,15
ExpectedSARSA,0,1683,-15.000000000000004,17
ExpectedSARSA,0,1684,-19.0,21
ExpectedSARSA,0,1685,-13.000000000000004,15
ExpectedSARSA,0,1686,-14.000000000000004,16
ExpectedSARSA,0,1687,-13.000000000000004,15
ExpectedSARSA,0,1688,-13.000000000000004,15
ExpectedSARSA,0,1689,-13.000000000000004,15
ExpectedSARSA,0,1690,-16.000000000000004,18
ExpectedSARSA,0,1691,-13.000000000000004,15
ExpectedSARSA,0,1692,-19.999999999999996,22
ExpectedSARSA,0,1693,-13.000000000000004,15
ExpectedSARSA,0,1694,-15.000000000000004,17
ExpectedSARSA,0,1695,-15.000000000000004,17
ExpectedSARSA,0,1696,-13.000000000000004,15
ExpectedSARSA,0,1697,-13.000000000000004,15
ExpectedSARSA,0,1698,-13.000000000000004,15
ExpectedSARSA,0,1699,-15.000000000000004,17
ExpectedSARSA,0,1700,-20.0,22
ExpectedSARSA,0,1701,-13.000000000000004,15
ExpectedSARSA,0,1702,-13.000000000000004,15
ExpectedSARSA,0,1703,-13.000000000000004,15
ExpectedSARSA,0,1704,-18.0,20
ExpectedSARSA,0,1705,-13.000000000000004,15
ExpectedSARSA,0,1706,-17.0,19
ExpectedSARSA,0,1707,-15.000000000000004,17
ExpectedSARSA,0,1708,-16.000000000000004,18
ExpectedSARSA,0,1709,-15.000000000000004,17
ExpectedSARSA,0,1710,-110.5,12
ExpectedSARSA,0,1711,-15.000000000000004,17
ExpectedSARSA,0,1712,-13.000000000000004,15
ExpectedSARSA,0,1713,-19.0,21
ExpectedSARSA,0,1714,-100.0,1
ExpectedSARSA,0,1715,-13.000000000000004,15
ExpectedSARSA,0,1716,-13.000000000000004,15
ExpectedSARSA,0,1717,-13.000000000000004,15
ExpectedSARSA,0,1718,-17.0,19
ExpectedSARSA,0,1719,-17.000000000000004,19
ExpectedSARSA,0,1720,-18.0,20
ExpectedSARSA,0,1721,-15.000000000000004,17
ExpectedSARSA,0,1722,-15.000000000000004,17
ExpectedSARSA,0,1723,-15.000000000000004,17
ExpectedSARSA,0,1724,-18.0,20
ExpectedSARSA,0,1725,-26.999999999999993,29
ExpectedSARSA,0,1726,-15.000000000000004,17
ExpectedSARSA,0,1727,-17.0,19
ExpectedSARSA,0,1728,-15.000000000000004,17
ExpectedSARSA,0,1729,-100.0,1
ExpectedSARSA,0,1730,-17.0,19
ExpectedSARSA,0,1731,-15.000000000000004,17
ExpectedSARSA,0,1732,-18.0,20
ExpectedSARSA,0,1733,-17.0,19
ExpectedSARSA,0,1734,-15.000000000000004,17
ExpectedSARSA,0,1735,-13.000000000000004,15
ExpectedSARSA,0,1736,-13.000000000000004,15
ExpectedSARSA,0,1737,-15.000000000000004,17
ExpectedSARSA,0,1738,-15.000000000000004,17
ExpectedSARSA,0,1739,-17.0,19
ExpectedSARSA,0,1740,-14.000000000000004,16
ExpectedSARSA,0,1741,-18.999999999999996,21
ExpectedSARSA,0,1742,-15.000000000000004,17
ExpectedSARSA,0,1743,-15.000000000000004,17
ExpectedSARSA,0,1744,-13.000000000000004,15
ExpectedSARSA,0,1745,-16.000000000000004,18
ExpectedSARSA,0,1746,-17.0,19
ExpectedSARSA,0,1747,-13.000000000000004,15
ExpectedSARSA,0,1748,-17.000000000000004,19
ExpectedSARSA,0,1749,-15.000000000000004,17
ExpectedSARSA,0,1750,-14.000000000000004,16
ExpectedSARSA,0,1751,-17.000000000000004,19
ExpectedSARSA,0,1752,-13.000000000000004,15
ExpectedSARSA,0,1753,-15.000000000000004,17
ExpectedSARSA,0,1754,-17.0,19
ExpectedSARSA,0,1755,-13.000000000000004,15
ExpectedSARSA,0,1756,-15.000000000000004,17
ExpectedSARSA,0,1757,-18.0,20
ExpectedSARSA,0,1758,-13.000000000000004,15
ExpectedSARSA,0,1759,-16.000000000000004,18
ExpectedSARSA,0,1760,-21.0,23
ExpectedSARSA,0,1761,-17.0,19
ExpectedSARSA,0,1762,-13.000000000000004,15
ExpectedSARSA,0,1763,-13.000000000000004,15
ExpectedSARSA,0,1764,-14.000000000000004,16
ExpectedSARSA,0,1765,-13.000000000000004,15
ExpectedSARSA,0,1766,-16.000000000000004,18
ExpectedSARSA,0,1767,-15.000000000000004,17
ExpectedSARSA,0,1768,-15.000000000000004,17
ExpectedSARSA,0,1769,-15.000000000000004,17
ExpectedSARSA,0,1770,-13.000000000000004,15
ExpectedSARSA,0,1771,-13.000000000000004,15
ExpectedSARSA,0,1772,-15.000000000000004,17
ExpectedSARSA,0,1773,-13.000000000000004,15
ExpectedSARSA,0,1774,-13.000000000000004,15
ExpectedSARSA,0,1775,-15.000000000000004,17
ExpectedSARSA,0,1776,-13.000000000000004,15
ExpectedSARSA,0,1777,-13.000000000000004,15
ExpectedSARSA,0,1778,-15.000000000000004,17
ExpectedSARSA,0,1779,-15.000000000000004,17
ExpectedSARSA,0,1780,-14.000000000000004,16
ExpectedSARSA,0,1781,-14.000000000000004,16
ExpectedSARSA,0,1782,-13.000000000000004,15
ExpectedSARSA,0,1783,-13.000000000000004,15
ExpectedSARSA,0,1784,-13.000000000000004,15
ExpectedSARSA,0,1785,-14.000000000000004,16
ExpectedSARSA,0,1786,-13.000000000000004,15
ExpectedSARSA,0,1787,-15.000000000000004,17
ExpectedSARSA,0,1788,-13.000000000000004,15
ExpectedSARSA,0,1789,-15.000000000000004,17
ExpectedSARSA,0,1790,-15.000000000000004,17
ExpectedSARSA,0,1791,-15.000000000000004,17
ExpectedSARSA,0,1792,-19.999999999999996,22
ExpectedSARSA,0,1793,-18.0,20
ExpectedSARSA,0,1794,-18.0,20
ExpectedSARSA,0,1795,-13.000000000000004,15
ExpectedSARSA,0,1796,-17.0,19
ExpectedSARSA,0,1797,-17.000000000000004,19
ExpectedSARSA,0,1798,-15.000000000000004,17
ExpectedSARSA,0,1799,-17.000000000000004,19
ExpectedSARSA,0,1800,-16.000000000000004,18
ExpectedSARSA,0,1801,-13.000000000000004,15
ExpectedSARSA,0,1802,-13.000000000000004,15
ExpectedSARSA,0,1803,-15.000000000000004,17
ExpectedSARSA,0,1804,-13.000000000000004,15
ExpectedSARSA,0,1805,-17.0,19
ExpectedSARSA,0,1806,-13.000000000000004,15
ExpectedSARSA,0,1807,-16.000000000000004,18
ExpectedSARSA,0,1808,-13.000000000000004,15
ExpectedSARSA,0,1809,-19.0,21
ExpectedSARSA,0,1810,-15.000000000000004,17
ExpectedSARSA,0,1811,-15.000000000000004,17
ExpectedSARSA,0,1812,-13.000000000000004,15
ExpectedSARSA,0,1813,-17.0,19
ExpectedSARSA,0,1814,-20.999999999999993,23
ExpectedSARSA,0,1815,-13.000000000000004,15
ExpectedSARSA,0,1816,-16.000000000000004,18
ExpectedSARSA,0,1817,-15.000000000000004,17
ExpectedSARSA,0,1818,-16.000000000000004,18
ExpectedSARSA,0,1819,-20.0,22
ExpectedSARSA,0,1820,-13.000000000000004,15
ExpectedSARSA,0,1821,-16.000000000000004,18
ExpectedSARSA,0,1822,-13.000000000000004,15
ExpectedSARSA,0,1823,-13.000000000000004,15
ExpectedSARSA,0,1824,-15.000000000000004,17
ExpectedSARSA,0,1825,-17.0,19
ExpectedSARSA,0,1826,-13.000000000000004,15
ExpectedSARSA,0,1827,-100.0,1
ExpectedSARSA,0,1828,-13.000000000000004,15
ExpectedSARSA,0,1829,-15.000000000000004,17
ExpectedSARSA,0,1830,-16.000000000000004,18
ExpectedSARSA,0,1831,-15.000000000000004,17
ExpectedSARSA,0,1832,-15.000000000000004,17
ExpectedSARSA,0,1833,-19.0,21
ExpectedSARSA,0,1834,-13.000000000000004,15
ExpectedSARSA,0,1835,-13.000000000000004,15
ExpectedSARSA,0,1836,-13.000000000000004,15
ExpectedSARSA,0,1837,-15.000000000000004,17
ExpectedSARSA,0,1838,-16.000000000000004,18
ExpectedSARSA,0,1839,-17.0,19
ExpectedSARSA,0,1840,-15.000000000000004,17
ExpectedSARSA,0,1841,-15.000000000000004,17
ExpectedSARSA,0,1842,-13.000000000000004,15
ExpectedSARSA,0,1843,-16.000000000000004,18
ExpectedSARSA,0,1844,-13.000000000000004,15
ExpectedSARSA,0,1845,-22.0,24
ExpectedSARSA,0,1846,-13.000000000000004,15
ExpectedSARSA,0,1847,-13.000000000000004,15
ExpectedSARSA,0,1848,-15.000000000000004,17
ExpectedSARSA,0,1849,-13.000000000000004,15
ExpectedSARSA,0,1850,-13.000000000000004,15
ExpectedSARSA,0,1851,-13.000000000000004,15
ExpectedSARSA,0,1852,-15.000000000000004,17
ExpectedSARSA,0,1853,-17.0,19
ExpectedSARSA,0,1854,-15.000000000000004,17
ExpectedSARSA,0,1855,-14.000000000000004,16
ExpectedSARSA,0,1856,-13.000000000000004,15
ExpectedSARSA,0,1857,-15.000000000000004,17
ExpectedSARSA,0,1858,-13.000000000000004,15
ExpectedSARSA,0,1859,-15.000000000000004,17
ExpectedSARSA,0,1860,-17.0,19
ExpectedSARSA,0,1861,-14.000000000000004,16
ExpectedSARSA,0,1862,-16.000000000000004,18
ExpectedSARSA,0,1863,-13.000000000000004,15
ExpectedSARSA,0,1864,-17.0,19
ExpectedSARSA,0,1865,-15.000000000000004,17
ExpectedSARSA,0,1866,-15.000000000000004,17
ExpectedSARSA,0,1867,-16.000000000000004,18
ExpectedSARSA,0,1868,-18.0,20
ExpectedSARSA,0,1869,-17.0,19
ExpectedSARSA,0,1870,-13.000000000000004,15
ExpectedSARSA,0,1871,-17.000000000000004,19
ExpectedSARSA,0,1872,-13.000000000000004,15
ExpectedSARSA,0,1873,-15.000000000000004,17
ExpectedSARSA,0,1874,-13.000000000000004,15
ExpectedSARSA,0,1875,-13.000000000000004,15
ExpectedSARSA,0,1876,-14.000000000000004,16
ExpectedSARSA,0,1877,-17.0,19
ExpectedSARSA,0,1878,-13.000000000000004,15
ExpectedSARSA,0,1879,-17.0,19
ExpectedSARSA,0,1880,-20.000000000000004,22
ExpectedSARSA,0,1881,-15.000000000000004,17
ExpectedSARSA,0,1882,-18.0,20
ExpectedSARSA,0,1883,-15.000000000000004,17
ExpectedSARSA,0,1884,-13.000000000000004,15
ExpectedSARSA,0,1885,-13.000000000000004,15
ExpectedSARSA,0,1886,-100.0,1
ExpectedSARSA,0,1887,-17.0,19
ExpectedSARSA,0,1888,-15.000000000000004,17
ExpectedSARSA,0,1889,-15.000000000000004,17
ExpectedSARSA,0,1890,-13.000000000000004,15
ExpectedSARSA,0,1891,-13.000000000000004,15
ExpectedSARSA,0,1892,-13.000000000000004,15
ExpectedSARSA,0,1893,-13.000000000000004,15
ExpectedSARSA,0,1894,-14.000000000000004,16
ExpectedSARSA,0,1895,-13.000000000000004,15
ExpectedSARSA,0,1896,-15.000000000000004,17
ExpectedSARSA,0,1897,-16.000000000000004,18
ExpectedSARSA,0,1898,-13.000000000000004,15
ExpectedSARSA,0,1899,-13.000000000000004,15
ExpectedSARSA,0,1900,-17.0,19
ExpectedSARSA,0,1901,-17.0,19
ExpectedSARSA,0,1902,-17.0,19
ExpectedSARSA,0,1903,-15.000000000000004,17
ExpectedSARSA,0,1904,-18.999999999999996,21
ExpectedSARSA,0,1905,-13.000000000000004,15
ExpectedSARSA,0,1906,-15.000000000000004,17
ExpectedSARSA,0,1907,-17.0,19
ExpectedSARSA,0,1908,-14.000000000000004,16
ExpectedSARSA,0,1909,-13.000000000000004,15
ExpectedSARSA,0,1910,-15.000000000000004,17
ExpectedSARSA,0,1911,-18.0,20
ExpectedSARSA,0,1912,-13.000000000000004,15
ExpectedSARSA,0,1913,-16.000000000000004,18
ExpectedSARSA,0,1914,-13.000000000000004,15
ExpectedSARSA,0,1915,-15.000000000000004,17
ExpectedSARSA,0,1916,-15.000000000000004,17
ExpectedSARSA,0,1917,-15.000000000000004,17
ExpectedSARSA,0,1918,-13.000000000000004,15
ExpectedSARSA,0,1919,-15.000000000000004,17
ExpectedSARSA,0,1920,-15.000000000000004,17
ExpectedSARSA,0,1921,-15.000000000000004,17
ExpectedSARSA,0,1922,-13.000000000000004,15
ExpectedSARSA,0,1923,-17.0,19
ExpectedSARSA,0,1924,-15.000000000000004,17
ExpectedSARSA,0,1925,-19.0,21
ExpectedSARSA,0,1926,-15.000000000000004,17
ExpectedSARSA,0,1927,-15.000000000000004,17
ExpectedSARSA,0,1928,-100.0,1
ExpectedSARSA,0,1929,-15.000000000000004,17
ExpectedSARSA,0,1930,-14.000000000000004,16
ExpectedSARSA,0,1931,-13.000000000000004,15
ExpectedSARSA,0,1932,-13.000000000000004,15
ExpectedSARSA,0,1933,-13.000000000000004,15
ExpectedSARSA,0,1934,-13.000000000000004,15
ExpectedSARSA,0,1935,-14.000000000000004,16
ExpectedSARSA,0,1936,-13.000000000000004,15
ExpectedSARSA,0,1937,-15.000000000000004,17
ExpectedSARSA,0,1938,-13.000000000000004,15
ExpectedSARSA,0,1939,-19.0,21
ExpectedSARSA,0,1940,-15.000000000000004,17
ExpectedSARSA,0,1941,-13.000000000000004,15
ExpectedSARSA,0,1942,-20.0,22
ExpectedSARSA,0,1943,-16.000000000000004,18
ExpectedSARSA,0,1944,-13.000000000000004,15
ExpectedSARSA,0,1945,-13.000000000000004,15
ExpectedSARSA,0,1946,-15.000000000000004,17
ExpectedSARSA,0,1947,-13.000000000000004,15
ExpectedSARSA,0,1948,-13.000000000000004,15
ExpectedSARSA,0,1949,-13.000000000000004,15
ExpectedSARSA,0,1950,-15.000000000000004,17
ExpectedSARSA,0,1951,-17.0,19
ExpectedSARSA,0,1952,-15.000000000000004,17
ExpectedSARSA,0,1953,-13.000000000000004,15
ExpectedSARSA,0,1954,-15.000000000000004,17
ExpectedSARSA,0,1955,-18.0,20
ExpectedSARSA,0,1956,-17.0,19
ExpectedSARSA,0,1957,-13.000000000000004,15
ExpectedSARSA,0,1958,-13.000000000000004,15
ExpectedSARSA,0,1959,-15.000000000000004,17
ExpectedSARSA,0,1960,-17.0,19
ExpectedSARSA,0,1961,-14.000000000000004,16
ExpectedSARSA,0,1962,-15.000000000000004,17
ExpectedSARSA,0,1963,-13.000000000000004,15
ExpectedSARSA,0,1964,-15.000000000000004,17
ExpectedSARSA,0,1965,-13.000000000000004,15
ExpectedSARSA,0,1966,-13.000000000000004,15
ExpectedSARSA,0,1967,-13.000000000000004,15
ExpectedSARSA,0,1968,-17.0,19
ExpectedSARSA,0,1969,-15.000000000000004,17
ExpectedSARSA,0,1970,-15.000000000000004,17
ExpectedSARSA,0,1971,-17.000000000000004,19
ExpectedSARSA,0,1972,-16.000000000000004,18
ExpectedSARSA,0,1973,-17.0,19
ExpectedSARSA,0,1974,-13.000000000000004,15
ExpectedSARSA,0,1975,-13.000000000000004,15
ExpectedSARSA,0,1976,-15.000000000000004,17
ExpectedSARSA,0,1977,-13.000000000000004,15
ExpectedSARSA,0,1978,-14.000000000000004,16
ExpectedSARSA,0,1979,-15.000000000000004,17
ExpectedSARSA,0,1980,-13.000000000000004,15
ExpectedSARSA,0,1981,-17.0,19
ExpectedSARSA,0,1982,-15.000000000000004,17
ExpectedSARSA,0,1983,-15.000000000000004,17
ExpectedSARSA,0,1984,-15.000000000000004,17
ExpectedSARSA,0,1985,-19.0,21
ExpectedSARSA,0,1986,-18.0,20
ExpectedSARSA,0,1987,-19.0,21
ExpectedSARSA,0,1988,-13.000000000000004,15
ExpectedSARSA,0,1989,-15.000000000000004,17
ExpectedSARSA,0,1990,-13.000000000000004,15
ExpectedSARSA,0,1991,-15.000000000000004,17
ExpectedSARSA,0,1992,-15.000000000000004,17
ExpectedSARSA,0,1993,-13.000000000000004,15
ExpectedSARSA,0,1994,-15.000000000000004,17
ExpectedSARSA,0,1995,-13.000000000000004,15
ExpectedSARSA,0,1996,-13.000000000000004,15
ExpectedSARSA,0,1997,-13.000000000000004,15
ExpectedSARSA,0,1998,-15.000000000000004,17
ExpectedSARSA,0,1999,-13.000000000000004,15
ExpectedSARSA,0,2000,-15.000000000000004,17
ExpectedSARSA,0,2001,-100.0,1
ExpectedSARSA,0,2002,-17.000000000000004,19
ExpectedSARSA,0,2003,-13.000000000000004,15
ExpectedSARSA,0,2004,-15.000000000000004,17
ExpectedSARSA,0,2005,-16.000000000000004,18
ExpectedSARSA,0,2006,-14.000000000000004,16
ExpectedSARSA,0,2007,-17.000000000000004,19
ExpectedSARSA,0,2008,-18.0,20
ExpectedSARSA,0,2009,-18.0,20
ExpectedSARSA,0,2010,-17.0,19
ExpectedSARSA,0,2011,-13.000000000000004,15
ExpectedSARSA,0,2012,-14.000000000000004,16
ExpectedSARSA,0,2013,-13.000000000000004,15
ExpectedSARSA,0,2014,-13.000000000000004,15
ExpectedSARSA,0,2015,-18.0,20
ExpectedSARSA,0,2016,-19.999999999999996,22
ExpectedSARSA,0,2017,-17.000000000000004,19
ExpectedSARSA,0,2018,-17.0,19
ExpectedSARSA,0,2019,-18.999999999999996,21
ExpectedSARSA,0,2020,-14.000000000000004,16
ExpectedSARSA,0,2021,-15.000000000000004,17
ExpectedSARSA,0,2022,-15.000000000000004,17
ExpectedSARSA,0,2023,-13.000000000000004,15
ExpectedSARSA,0,2024,-13.000000000000004,15
ExpectedSARSA,0,2025,-13.000000000000004,15
ExpectedSARSA,0,2026,-13.000000000000004,15
ExpectedSARSA,0,2027,-15.000000000000004,17
ExpectedSARSA,0,2028,-17.000000000000004,19
ExpectedSARSA,0,2029,-13.000000000000004,15
ExpectedSARSA,0,2030,-17.0,19
ExpectedSARSA,0,2031,-14.000000000000004,16
ExpectedSARSA,0,2032,-15.000000000000004,17
ExpectedSARSA,0,2033,-13.000000000000004,15
ExpectedSARSA,0,2034,-13.000000000000004,15
ExpectedSARSA,0,2035,-18.999999999999996,21
ExpectedSARSA,0,2036,-13.000000000000004,15
ExpectedSARSA,0,2037,-16.000000000000004,18
ExpectedSARSA,0,2038,-13.000000000000004,15
ExpectedSARSA,0,2039,-13.000000000000004,15
ExpectedSARSA,0,2040,-15.000000000000004,17
ExpectedSARSA,0,2041,-15.000000000000004,17
ExpectedSARSA,0,2042,-13.000000000000004,15
ExpectedSARSA,0,2043,-15.000000000000004,17
ExpectedSARSA,0,2044,-16.000000000000004,18
ExpectedSARSA,0,2045,-13.000000000000004,15
ExpectedSARSA,0,2046,-13.000000000000004,15
ExpectedSARSA,0,2047,-15.000000000000004,17
ExpectedSARSA,0,2048,-19.0,21
ExpectedSARSA,0,2049,-15.000000000000004,17
ExpectedSARSA,0,2050,-13.000000000000004,15
ExpectedSARSA,0,2051,-19.0,21
ExpectedSARSA,0,2052,-13.000000000000004,15
ExpectedSARSA,0,2053,-14.000000000000004,16
ExpectedSARSA,0,2054,-13.000000000000004,15
ExpectedSARSA,0,2055,-17.0,19
ExpectedSARSA,0,2056,-100.0,1
ExpectedSARSA,0,2057,-15.000000000000004,17
ExpectedSARSA,0,2058,-13.000000000000004,15
ExpectedSARSA,0,2059,-15.000000000000004,17
ExpectedSARSA,0,2060,-13.000000000000004,15
ExpectedSARSA,0,2061,-16.000000000000004,18
ExpectedSARSA,0,2062,-13.000000000000004,15
ExpectedSARSA,0,2063,-13.000000000000004,15
ExpectedSARSA,0,2064,-17.0,19
ExpectedSARSA,0,2065,-112.4,14
ExpectedSARSA,0,2066,-20.0,22
ExpectedSARSA,0,2067,-13.000000000000004,15
ExpectedSARSA,0,2068,-19.000000000000004,21
ExpectedSARSA,0,2069,-17.0,19
ExpectedSARSA,0,2070,-14.000000000000004,16
ExpectedSARSA,0,2071,-20.0,22
ExpectedSARSA,0,2072,-17.0,19
ExpectedSARSA,0,2073,-17.0,19
ExpectedSARSA,0,2074,-17.000000000000004,19
ExpectedSARSA,0,2075,-13.000000000000004,15
ExpectedSARSA,0,2076,-13.000000000000004,15
ExpectedSARSA,0,2077,-15.000000000000004,17
ExpectedSARSA,0,2078,-17.0,19
ExpectedSARSA,0,2079,-13.000000000000004,15
ExpectedSARSA,0,2080,-19.0,21
ExpectedSARSA,0,2081,-19.000000000000004,21
ExpectedSARSA,0,2082,-15.000000000000004,17
ExpectedSARSA,0,2083,-15.000000000000004,17
ExpectedSARSA,0,2084,-16.000000000000004,18
ExpectedSARSA,0,2085,-100.0,1
ExpectedSARSA,0,2086,-13.000000000000004,15
ExpectedSARSA,0,2087,-15.000000000000004,17
ExpectedSARSA,0,2088,-14.000000000000004,16
ExpectedSARSA,0,2089,-15.000000000000004,17
ExpectedSARSA,0,2090,-17.0,19
ExpectedSARSA,0,2091,-13.000000000000004,15
ExpectedSARSA,0,2092,-15.000000000000004,17
ExpectedSARSA,0,2093,-13.000000000000004,15
ExpectedSARSA,0,2094,-15.000000000000004,17
ExpectedSARSA,0,2095,-17.0,19
ExpectedSARSA,0,2096,-13.000000000000004,15
ExpectedSARSA,0,2097,-13.000000000000004,15
ExpectedSARSA,0,2098,-16.000000000000004,18
ExpectedSARSA,0,2099,-14.000000000000004,16
ExpectedSARSA,0,2100,-17.0,19
ExpectedSARSA,0,2101,-16.000000000000004,18
ExpectedSARSA,0,2102,-13.000000000000004,15
ExpectedSARSA,0,2103,-14.000000000000004,16
ExpectedSARSA,0,2104,-14.000000000000004,16
ExpectedSARSA,0,2105,-15.000000000000004,17
ExpectedSARSA,0,2106,-13.000000000000004,15
ExpectedSARSA,0,2107,-13.000000000000004,15
ExpectedSARSA,0,2108,-13.000000000000004,15
ExpectedSARSA,0,2109,-17.0,19
ExpectedSARSA,0,2110,-13.000000000000004,15
ExpectedSARSA,0,2111,-13.000000000000004,15
ExpectedSARSA,0,2112,-15.000000000000004,17
ExpectedSARSA,0,2113,-15.000000000000004,17
ExpectedSARSA,0,2114,-13.000000000000004,15
ExpectedSARSA,0,2115,-16.000000000000004,18
ExpectedSARSA,0,2116,-15.000000000000004,17
ExpectedSARSA,0,2117,-13.000000000000004,15
ExpectedSARSA,0,2118,-18.999999999999996,21
ExpectedSARSA,0,2119,-13.000000000000004,15
ExpectedSARSA,0,2120,-14.000000000000004,16
ExpectedSARSA,0,2121,-13.000000000000004,15
ExpectedSARSA,0,2122,-108.5,10
ExpectedSARSA,0,2123,-100.0,1
ExpectedSARSA,0,2124,-14.000000000000004,16
ExpectedSARSA,0,2125,-13.000000000000004,15
ExpectedSARSA,0,2126,-13.000000000000004,15
ExpectedSARSA,0,2127,-15.000000000000004,17
ExpectedSARSA,0,2128,-13.000000000000004,15
ExpectedSARSA,0,2129,-13.000000000000004,15
ExpectedSARSA,0,2130,-15.000000000000004,17
ExpectedSARSA,0,2131,-15.000000000000004,17
ExpectedSARSA,0,2132,-13.000000000000004,15
ExpectedSARSA,0,2133,-16.000000000000004,18
ExpectedSARSA,0,2134,-15.000000000000004,17
ExpectedSARSA,0,2135,-13.000000000000004,15
ExpectedSARSA,0,2136,-13.000000000000004,15
ExpectedSARSA,0,2137,-13.000000000000004,15
ExpectedSARSA,0,2138,-15.000000000000004,17
ExpectedSARSA,0,2139,-100.0,1
ExpectedSARSA,0,2140,-15.000000000000004,17
ExpectedSARSA,0,2141,-15.000000000000004,17
ExpectedSARSA,0,2142,-15.000000000000004,17
ExpectedSARSA,0,2143,-17.0,19
ExpectedSARSA,0,2144,-13.000000000000004,15
ExpectedSARSA,0,2145,-13.000000000000004,15
ExpectedSARSA,0,2146,-17.0,19
ExpectedSARSA,0,2147,-21.999999999999996,24
ExpectedSARSA,0,2148,-13.000000000000004,15
ExpectedSARSA,0,2149,-17.000000000000004,19
ExpectedSARSA,0,2150,-17.0,19
ExpectedSARSA,0,2151,-13.000000000000004,15
ExpectedSARSA,0,2152,-16.000000000000004,18
ExpectedSARSA,0,2153,-17.0,19
ExpectedSARSA,0,2154,-17.000000000000004,19
ExpectedSARSA,0,2155,-15.000000000000004,17
ExpectedSARSA,0,2156,-13.000000000000004,15
ExpectedSARSA,0,2157,-17.0,19
ExpectedSARSA,0,2158,-17.0,19
ExpectedSARSA,0,2159,-13.000000000000004,15
ExpectedSARSA,0,2160,-17.0,19
ExpectedSARSA,0,2161,-13.000000000000004,15
ExpectedSARSA,0,2162,-15.000000000000004,17
ExpectedSARSA,0,2163,-15.000000000000004,17
ExpectedSARSA,0,2164,-13.000000000000004,15
ExpectedSARSA,0,2165,-13.000000000000004,15
ExpectedSARSA,0,2166,-13.000000000000004,15
ExpectedSARSA,0,2167,-13.000000000000004,15
ExpectedSARSA,0,2168,-19.000000000000004,21
ExpectedSARSA,0,2169,-19.0,21
ExpectedSARSA,0,2170,-13.000000000000004,15
ExpectedSARSA,0,2171,-15.000000000000004,17
ExpectedSARSA,0,2172,-15.000000000000004,17
ExpectedSARSA,0,2173,-13.000000000000004,15
ExpectedSARSA,0,2174,-18.0,20
ExpectedSARSA,0,2175,-13.000000000000004,15
ExpectedSARSA,0,2176,-16.000000000000004,18
ExpectedSARSA,0,2177,-13.000000000000004,15
ExpectedSARSA,0,2178,-17.0,19
ExpectedSARSA,0,2179,-15.000000000000004,17
ExpectedSARSA,0,2180,-15.000000000000004,17
ExpectedSARSA,0,2181,-15.000000000000004,17
ExpectedSARSA,0,2182,-15.000000000000004,17
ExpectedSARSA,0,2183,-15.000000000000004,17
ExpectedSARSA,0,2184,-18.0,20
ExpectedSARSA,0,2185,-13.000000000000004,15
ExpectedSARSA,0,2186,-13.000000000000004,15
ExpectedSARSA,0,2187,-15.000000000000004,17
ExpectedSARSA,0,2188,-15.000000000000004,17
ExpectedSARSA,0,2189,-19.999999999999996,22
ExpectedSARSA,0,2190,-14.000000000000004,16
ExpectedSARSA,0,2191,-14.000000000000004,16
ExpectedSARSA,0,2192,-15.000000000000004,17
ExpectedSARSA,0,2193,-16.000000000000004,18
ExpectedSARSA,0,2194,-21.0,23
ExpectedSARSA,0,2195,-15.000000000000004,17
ExpectedSARSA,0,2196,-19.000000000000004,21
ExpectedSARSA,0,2197,-17.0,19
ExpectedSARSA,0,2198,-15.000000000000004,17
ExpectedSARSA,0,2199,-15.000000000000004,17
ExpectedSARSA,0,2200,-18.000000000000004,20
ExpectedSARSA,0,2201,-13.000000000000004,15
ExpectedSARSA,0,2202,-17.0,19
ExpectedSARSA,0,2203,-13.000000000000004,15
ExpectedSARSA,0,2204,-14.000000000000004,16
ExpectedSARSA,0,2205,-13.000000000000004,15
ExpectedSARSA,0,2206,-17.0,19
ExpectedSARSA,0,2207,-13.000000000000004,15
ExpectedSARSA,0,2208,-15.000000000000004,17
ExpectedSARSA,0,2209,-16.000000000000004,18
ExpectedSARSA,0,2210,-15.000000000000004,17
ExpectedSARSA,0,2211,-15.000000000000004,17
ExpectedSARSA,0,2212,-17.0,19
ExpectedSARSA,0,2213,-14.000000000000004,16
ExpectedSARSA,0,2214,-16.000000000000004,18
ExpectedSARSA,0,2215,-15.000000000000004,17
ExpectedSARSA,0,2216,-16.000000000000004,18
ExpectedSARSA,0,2217,-19.0,21
ExpectedSARSA,0,2218,-15.000000000000004,17
ExpectedSARSA,0,2219,-17.0,19
ExpectedSARSA,0,2220,-15.000000000000004,17
ExpectedSARSA,0,2221,-13.000000000000004,15
ExpectedSARSA,0,2222,-13.000000000000004,15
ExpectedSARSA,0,2223,-13.000000000000004,15
ExpectedSARSA,0,2224,-17.000000000000004,19
ExpectedSARSA,0,2225,-15.000000000000004,17
ExpectedSARSA,0,2226,-15.000000000000004,17
ExpectedSARSA,0,2227,-16.000000000000004,18
ExpectedSARSA,0,2228,-18.0,20
ExpectedSARSA,0,2229,-17.000000000000004,19
ExpectedSARSA,0,2230,-17.0,19
ExpectedSARSA,0,2231,-15.000000000000004,17
ExpectedSARSA,0,2232,-13.000000000000004,15
ExpectedSARSA,0,2233,-15.000000000000004,17
ExpectedSARSA,0,2234,-13.000000000000004,15
ExpectedSARSA,0,2235,-14.000000000000004,16
ExpectedSARSA,0,2236,-16.000000000000004,18
ExpectedSARSA,0,2237,-13.000000000000004,15
ExpectedSARSA,0,2238,-15.000000000000004,17
ExpectedSARSA,0,2239,-13.000000000000004,15
ExpectedSARSA,0,2240,-15.000000000000004,17
ExpectedSARSA,0,2241,-15.000000000000004,17
ExpectedSARSA,0,2242,-19.999999999999996,22
ExpectedSARSA,0,2243,-15.000000000000004,17
ExpectedSARSA,0,2244,-17.0,19
ExpectedSARSA,0,2245,-18.0,20
ExpectedSARSA,0,2246,-18.000000000000004,20
ExpectedSARSA,0,2247,-13.000000000000004,15
ExpectedSARSA,0,2248,-17.0,19
ExpectedSARSA,0,2249,-17.0,19
ExpectedSARSA,0,2250,-13.000000000000004,15
ExpectedSARSA,0,2251,-13.000000000000004,15
ExpectedSARSA,0,2252,-14.000000000000004,16
ExpectedSARSA,0,2253,-13.000000000000004,15
ExpectedSARSA,0,2254,-13.000000000000004,15
ExpectedSARSA,0,2255,-13.000000000000004,15
ExpectedSARSA,0,2256,-15.000000000000004,17
ExpectedSARSA,0,2257,-15.000000000000004,17
ExpectedSARSA,0,2258,-100.0,1
ExpectedSARSA,0,2259,-15.000000000000004,17
ExpectedSARSA,0,2260,-13.000000000000004,15
ExpectedSARSA,0,2261,-15.000000000000004,17
ExpectedSARSA,0,2262,-15.000000000000004,17
ExpectedSARSA,0,2263,-13.000000000000004,15
ExpectedSARSA,0,2264,-13.000000000000004,15
ExpectedSARSA,0,2265,-16.000000000000004,18
ExpectedSARSA,0,2266,-18.0,20
ExpectedSARSA,0,2267,-18.000000000000004,20
ExpectedSARSA,0,2268,-14.000000000000004,16
ExpectedSARSA,0,2269,-15.000000000000004,17
ExpectedSARSA,0,2270,-15.000000000000004,17
ExpectedSARSA,0,2271,-16.000000000000004,18
ExpectedSARSA,0,2272,-13.000000000000004,15
ExpectedSARSA,0,2273,-15.000000000000004,17
ExpectedSARSA,0,2274,-15.000000000000004,17
ExpectedSARSA,0,2275,-13.000000000000004,15
ExpectedSARSA,0,2276,-15.000000000000004,17
ExpectedSARSA,0,2277,-13.000000000000004,15
ExpectedSARSA,0,2278,-19.0,21
ExpectedSARSA,0,2279,-18.0,20
ExpectedSARSA,0,2280,-13.000000000000004,15
ExpectedSARSA,0,2281,-19.0,21
ExpectedSARSA,0,2282,-17.0,19
ExpectedSARSA,0,2283,-17.0,19
ExpectedSARSA,0,2284,-21.999999999999993,24
ExpectedSARSA,0,2285,-13.000000000000004,15
ExpectedSARSA,0,2286,-114.10000000000001,16
ExpectedSARSA,0,2287,-17.0,19
ExpectedSARSA,0,2288,-14.000000000000004,16
ExpectedSARSA,0,2289,-13.000000000000004,15
ExpectedSARSA,0,2290,-15.000000000000004,17
ExpectedSARSA,0,2291,-17.000000000000004,19
ExpectedSARSA,0,2292,-13.000000000000004,15
ExpectedSARSA,0,2293,-17.0,19
ExpectedSARSA,0,2294,-17.0,19
ExpectedSARSA,0,2295,-15.000000000000004,17
ExpectedSARSA,0,2296,-15.000000000000004,17
ExpectedSARSA,0,2297,-15.000000000000004,17
ExpectedSARSA,0,2298,-18.0,20
ExpectedSARSA,0,2299,-13.000000000000004,15
ExpectedSARSA,0,2300,-15.000000000000004,17
ExpectedSARSA,0,2301,-17.0,19
ExpectedSARSA,0,2302,-15.000000000000004,17
ExpectedSARSA,0,2303,-15.000000000000004,17
ExpectedSARSA,0,2304,-14.000000000000004,16
ExpectedSARSA,0,2305,-13.000000000000004,15
ExpectedSARSA,0,2306,-15.000000000000004,17
ExpectedSARSA,0,2307,-15.000000000000004,17
ExpectedSARSA,0,2308,-15.000000000000004,17
ExpectedSARSA,0,2309,-15.000000000000004,17
ExpectedSARSA,0,2310,-13.000000000000004,15
ExpectedSARSA,0,2311,-17.0,19
ExpectedSARSA,0,2312,-15.000000000000004,17
ExpectedSARSA,0,2313,-13.000000000000004,15
ExpectedSARSA,0,2314,-15.000000000000004,17
ExpectedSARSA,0,2315,-17.0,19
ExpectedSARSA,0,2316,-15.000000000000004,17
ExpectedSARSA,0,2317,-15.000000000000004,17
ExpectedSARSA,0,2318,-13.000000000000004,15
ExpectedSARSA,0,2319,-13.000000000000004,15
ExpectedSARSA,0,2320,-15.000000000000004,17
ExpectedSARSA,0,2321,-13.000000000000004,15
ExpectedSARSA,0,2322,-13.000000000000004,15
ExpectedSARSA,0,2323,-15.000000000000004,17
ExpectedSARSA,0,2324,-18.0,20
ExpectedSARSA,0,2325,-13.000000000000004,15
ExpectedSARSA,0,2326,-15.000000000000004,17
ExpectedSARSA,0,2327,-13.000000000000004,15
ExpectedSARSA,0,2328,-15.000000000000004,17
ExpectedSARSA,0,2329,-15.000000000000004,17
ExpectedSARSA,0,2330,-13.000000000000004,15
ExpectedSARSA,0,2331,-102.9,4
ExpectedSARSA,0,2332,-13.000000000000004,15
ExpectedSARSA,0,2333,-19.0,21
ExpectedSARSA,0,2334,-15.000000000000004,17
ExpectedSARSA,0,2335,-13.000000000000004,15
ExpectedSARSA,0,2336,-13.000000000000004,15
ExpectedSARSA,0,2337,-17.000000000000004,19
ExpectedSARSA,0,2338,-15.000000000000004,17
ExpectedSARSA,0,2339,-13.000000000000004,15
ExpectedSARSA,0,2340,-15.000000000000004,17
ExpectedSARSA,0,2341,-15.000000000000004,17
ExpectedSARSA,0,2342,-15.000000000000004,17
ExpectedSARSA,0,2343,-17.0,19
ExpectedSARSA,0,2344,-15.000000000000004,17
ExpectedSARSA,0,2345,-20.999999999999996,23
ExpectedSARSA,0,2346,-110.3,12
ExpectedSARSA,0,2347,-15.000000000000004,17
ExpectedSARSA,0,2348,-15.000000000000004,17
ExpectedSARSA,0,2349,-13.000000000000004,15
ExpectedSARSA,0,2350,-100.0,1
ExpectedSARSA,0,2351,-17.0,19
ExpectedSARSA,0,2352,-15.000000000000004,17
ExpectedSARSA,0,2353,-15.000000000000004,17
ExpectedSARSA,0,2354,-14.000000000000004,16
ExpectedSARSA,0,2355,-15.000000000000004,17
ExpectedSARSA,0,2356,-17.0,19
ExpectedSARSA,0,2357,-19.999999999999996,22
ExpectedSARSA,0,2358,-14.000000000000004,16
ExpectedSARSA,0,2359,-100.0,1
ExpectedSARSA,0,2360,-16.000000000000004,18
ExpectedSARSA,0,2361,-15.000000000000004,17
ExpectedSARSA,0,2362,-19.0,21
ExpectedSARSA,0,2363,-13.000000000000004,15
ExpectedSARSA,0,2364,-13.000000000000004,15
ExpectedSARSA,0,2365,-17.0,19
ExpectedSARSA,0,2366,-13.000000000000004,15
ExpectedSARSA,0,2367,-18.999999999999996,21
ExpectedSARSA,0,2368,-22.999999999999996,25
ExpectedSARSA,0,2369,-13.000000000000004,15
ExpectedSARSA,0,2370,-13.000000000000004,15
ExpectedSARSA,0,2371,-16.000000000000004,18
ExpectedSARSA,0,2372,-13.000000000000004,15
ExpectedSARSA,0,2373,-15.000000000000004,17
ExpectedSARSA,0,2374,-15.000000000000004,17
ExpectedSARSA,0,2375,-13.000000000000004,15
ExpectedSARSA,0,2376,-17.0,19
ExpectedSARSA,0,2377,-15.000000000000004,17
ExpectedSARSA,0,2378,-14.000000000000004,16
ExpectedSARSA,0,2379,-15.000000000000004,17
ExpectedSARSA,0,2380,-15.000000000000004,17
ExpectedSARSA,0,2381,-13.000000000000004,15
ExpectedSARSA,0,2382,-16.000000000000004,18
ExpectedSARSA,0,2383,-13.000000000000004,15
ExpectedSARSA,0,2384,-13.000000000000004,15
ExpectedSARSA,0,2385,-15.000000000000004,17
ExpectedSARSA,0,2386,-13.000000000000004,15
ExpectedSARSA,0,2387,-15.000000000000004,17
ExpectedSARSA,0,2388,-14.000000000000004,16
ExpectedSARSA,0,2389,-14.000000000000004,16
ExpectedSARSA,0,2390,-15.000000000000004,17
ExpectedSARSA,0,2391,-13.000000000000004,15
ExpectedSARSA,0,2392,-101.0,2
ExpectedSARSA,0,2393,-17.0,19
ExpectedSARSA,0,2394,-17.000000000000004,19
ExpectedSARSA,0,2395,-13.000000000000004,15
ExpectedSARSA,0,2396,-16.000000000000004,18
ExpectedSARSA,0,2397,-18.0,20
ExpectedSARSA,0,2398,-18.0,20
ExpectedSARSA,0,2399,-13.000000000000004,15
ExpectedSARSA,0,2400,-15.000000000000004,17
ExpectedSARSA,0,2401,-13.000000000000004,15
ExpectedSARSA,0,2402,-13.000000000000004,15
ExpectedSARSA,0,2403,-13.000000000000004,15
ExpectedSARSA,0,2404,-17.0,19
ExpectedSARSA,0,2405,-15.000000000000004,17
ExpectedSARSA,0,2406,-100.0,1
ExpectedSARSA,0,2407,-13.000000000000004,15
ExpectedSARSA,0,2408,-13.000000000000004,15
ExpectedSARSA,0,2409,-15.000000000000004,17
ExpectedSARSA,0,2410,-15.000000000000004,17
ExpectedSARSA,0,2411,-20.0,22
ExpectedSARSA,0,2412,-15.000000000000004,17
ExpectedSARSA,0,2413,-17.0,19
ExpectedSARSA,0,2414,-15.000000000000004,17
ExpectedSARSA,0,2415,-14.000000000000004,16
ExpectedSARSA,0,2416,-15.000000000000004,17
ExpectedSARSA,0,2417,-15.000000000000004,17
ExpectedSARSA,0,2418,-15.000000000000004,17
ExpectedSARSA,0,2419,-13.000000000000004,15
ExpectedSARSA,0,2420,-15.000000000000004,17
ExpectedSARSA,0,2421,-13.000000000000004,15
ExpectedSARSA,0,2422,-13.000000000000004,15
ExpectedSARSA,0,2423,-15.000000000000004,17
ExpectedSARSA,0,2424,-14.000000000000004,16
ExpectedSARSA,0,2425,-15.000000000000004,17
ExpectedSARSA,0,2426,-17.0,19
ExpectedSARSA,0,2427,-15.000000000000004,17
ExpectedSARSA,0,2428,-15.000000000000004,17
ExpectedSARSA,0,2429,-17.000000000000004,19
ExpectedSARSA,0,2430,-15.000000000000004,17
ExpectedSARSA,0,2431,-13.000000000000004,15
ExpectedSARSA,0,2432,-14.000000000000004,16
ExpectedSARSA,0,2433,-13.000000000000004,15
ExpectedSARSA,0,2434,-13.000000000000004,15
ExpectedSARSA,0,2435,-13.000000000000004,15
ExpectedSARSA,0,2436,-13.000000000000004,15
ExpectedSARSA,0,2437,-15.000000000000004,17
ExpectedSARSA,0,2438,-16.000000000000004,18
ExpectedSARSA,0,2439,-13.000000000000004,15
ExpectedSARSA,0,2440,-15.000000000000004,17
ExpectedSARSA,0,2441,-17.0,19
ExpectedSARSA,0,2442,-15.000000000000004,17
ExpectedSARSA,0,2443,-16.000000000000004,18
ExpectedSARSA,0,2444,-13.000000000000004,15
ExpectedSARSA,0,2445,-13.000000000000004,15
ExpectedSARSA,0,2446,-15.000000000000004,17
ExpectedSARSA,0,2447,-13.000000000000004,15
ExpectedSARSA,0,2448,-13.000000000000004,15
ExpectedSARSA,0,2449,-13.000000000000004,15
ExpectedSARSA,0,2450,-15.000000000000004,17
ExpectedSARSA,0,2451,-15.000000000000004,17
ExpectedSARSA,0,2452,-18.999999999999996,21
ExpectedSARSA,0,2453,-13.000000000000004,15
ExpectedSARSA,0,2454,-15.000000000000004,17
ExpectedSARSA,0,2455,-15.000000000000004,17
ExpectedSARSA,0,2456,-15.000000000000004,17
ExpectedSARSA,0,2457,-13.000000000000004,15
ExpectedSARSA,0,2458,-17.000000000000004,19
ExpectedSARSA,0,2459,-15.000000000000004,17
ExpectedSARSA,0,2460,-17.0,19
ExpectedSARSA,0,2461,-15.000000000000004,17
ExpectedSARSA,0,2462,-14.000000000000004,16
ExpectedSARSA,0,2463,-13.000000000000004,15
ExpectedSARSA,0,2464,-13.000000000000004,15
ExpectedSARSA,0,2465,-18.999999999999996,21
ExpectedSARSA,0,2466,-13.000000000000004,15
ExpectedSARSA,0,2467,-14.000000000000004,16
ExpectedSARSA,0,2468,-15.000000000000004,17
ExpectedSARSA,0,2469,-18.999999999999996,21
ExpectedSARSA,0,2470,-111.4,13
ExpectedSARSA,0,2471,-17.0,19
ExpectedSARSA,0,2472,-18.000000000000004,20
ExpectedSARSA,0,2473,-13.000000000000004,15
ExpectedSARSA,0,2474,-13.000000000000004,15
ExpectedSARSA,0,2475,-14.000000000000004,16
ExpectedSARSA,0,2476,-15.000000000000004,17
ExpectedSARSA,0,2477,-13.000000000000004,15
ExpectedSARSA,0,2478,-15.000000000000004,17
ExpectedSARSA,0,2479,-13.000000000000004,15
ExpectedSARSA,0,2480,-13.000000000000004,15
ExpectedSARSA,0,2481,-15.000000000000004,17
ExpectedSARSA,0,2482,-15.000000000000004,17
ExpectedSARSA,0,2483,-13.000000000000004,15
ExpectedSARSA,0,2484,-19.0,21
ExpectedSARSA,0,2485,-20.0,22
ExpectedSARSA,0,2486,-13.000000000000004,15
ExpectedSARSA,0,2487,-19.0,21
ExpectedSARSA,0,2488,-15.000000000000004,17
ExpectedSARSA,0,2489,-18.999999999999996,21
ExpectedSARSA,0,2490,-15.000000000000004,17
ExpectedSARSA,0,2491,-13.000000000000004,15
ExpectedSARSA,0,2492,-14.000000000000004,16
ExpectedSARSA,0,2493,-17.0,19
ExpectedSARSA,0,2494,-19.0,21
ExpectedSARSA,0,2495,-15.000000000000004,17
ExpectedSARSA,0,2496,-13.000000000000004,15
ExpectedSARSA,0,2497,-17.0,19
ExpectedSARSA,0,2498,-15.000000000000004,17
ExpectedSARSA,0,2499,-13.000000000000004,15
ExpectedSARSA,0,2500,-17.0,19
ExpectedSARSA,0,2501,-17.0,19
ExpectedSARSA,0,2502,-13.000000000000004,15
ExpectedSARSA,0,2503,-17.0,19
ExpectedSARSA,0,2504,-13.000000000000004,15
ExpectedSARSA,0,2505,-13.000000000000004,15
ExpectedSARSA,0,2506,-13.000000000000004,15
ExpectedSARSA,0,2507,-13.000000000000004,15
ExpectedSARSA,0,2508,-13.000000000000004,15
ExpectedSARSA,0,2509,-17.0,19
ExpectedSARSA,0,2510,-13.000000000000004,15
ExpectedSARSA,0,2511,-18.999999999999996,21
ExpectedSARSA,0,2512,-15.000000000000004,17
ExpectedSARSA,0,2513,-13.000000000000004,15
ExpectedSARSA,0,2514,-15.000000000000004,17
ExpectedSARSA,0,2515,-13.000000000000004,15
ExpectedSARSA,0,2516,-13.000000000000004,15
ExpectedSARSA,0,2517,-17.0,19
ExpectedSARSA,0,2518,-15.000000000000004,17
ExpectedSARSA,0,2519,-15.000000000000004,17
ExpectedSARSA,0,2520,-13.000000000000004,15
ExpectedSARSA,0,2521,-16.000000000000004,18
ExpectedSARSA,0,2522,-13.000000000000004,15
ExpectedSARSA,0,2523,-13.000000000000004,15
ExpectedSARSA,0,2524,-15.000000000000004,17
ExpectedSARSA,0,2525,-13.000000000000004,15
ExpectedSARSA,0,2526,-15.000000000000004,17
ExpectedSARSA,0,2527,-15.000000000000004,17
ExpectedSARSA,0,2528,-15.000000000000004,17
ExpectedSARSA,0,2529,-13.000000000000004,15
ExpectedSARSA,0,2530,-17.000000000000004,19
ExpectedSARSA,0,2531,-15.000000000000004,17
ExpectedSARSA,0,2532,-17.0,19
ExpectedSARSA,0,2533,-15.000000000000004,17
ExpectedSARSA,0,2534,-16.000000000000004,18
ExpectedSARSA,0,2535,-15.000000000000004,17
ExpectedSARSA,0,2536,-15.000000000000004,17
ExpectedSARSA,0,2537,-13.000000000000004,15
ExpectedSARSA,0,2538,-17.0,19
ExpectedSARSA,0,2539,-16.000000000000004,18
ExpectedSARSA,0,2540,-15.000000000000004,17
ExpectedSARSA,0,2541,-15.000000000000004,17
ExpectedSARSA,0,2542,-15.000000000000004,17
ExpectedSARSA,0,2543,-15.000000000000004,17
ExpectedSARSA,0,2544,-17.0,19
ExpectedSARSA,0,2545,-15.000000000000004,17
ExpectedSARSA,0,2546,-13.000000000000004,15
ExpectedSARSA,0,2547,-13.000000000000004,15
ExpectedSARSA,0,2548,-15.000000000000004,17
ExpectedSARSA,0,2549,-13.000000000000004,15
ExpectedSARSA,0,2550,-13.000000000000004,15
ExpectedSARSA,0,2551,-13.000000000000004,15
ExpectedSARSA,0,2552,-13.000000000000004,15
ExpectedSARSA,0,2553,-15.000000000000004,17
ExpectedSARSA,0,2554,-13.000000000000004,15
ExpectedSARSA,0,2555,-14.000000000000004,16
ExpectedSARSA,0,2556,-13.000000000000004,15
ExpectedSARSA,0,2557,-13.000000000000004,15
ExpectedSARSA,0,2558,-17.0,19
ExpectedSARSA,0,2559,-14.000000000000004,16
ExpectedSARSA,0,2560,-13.000000000000004,15
ExpectedSARSA,0,2561,-19.0,21
ExpectedSARSA,0,2562,-20.999999999999996,23
ExpectedSARSA,0,2563,-15.000000000000004,17
ExpectedSARSA,0,2564,-13.000000000000004,15
ExpectedSARSA,0,2565,-16.000000000000004,18
ExpectedSARSA,0,2566,-15.000000000000004,17
ExpectedSARSA,0,2567,-15.000000000000004,17
ExpectedSARSA,0,2568,-14.000000000000004,16
ExpectedSARSA,0,2569,-14.000000000000004,16
ExpectedSARSA,0,2570,-17.000000000000004,19
ExpectedSARSA,0,2571,-13.000000000000004,15
ExpectedSARSA,0,2572,-15.000000000000004,17
ExpectedSARSA,0,2573,-13.000000000000004,15
ExpectedSARSA,0,2574,-17.0,19
ExpectedSARSA,0,2575,-16.000000000000004,18
ExpectedSARSA,0,2576,-15.000000000000004,17
ExpectedSARSA,0,2577,-13.000000000000004,15
ExpectedSARSA,0,2578,-13.000000000000004,15
ExpectedSARSA,0,2579,-13.000000000000004,15
ExpectedSARSA,0,2580,-13.000000000000004,15
ExpectedSARSA,0,2581,-13.000000000000004,15
ExpectedSARSA,0,2582,-14.000000000000004,16
ExpectedSARSA,0,2583,-13.000000000000004,15
ExpectedSARSA,0,2584,-13.000000000000004,15
ExpectedSARSA,0,2585,-15.000000000000004,17
ExpectedSARSA,0,2586,-17.0,19
ExpectedSARSA,0,2587,-13.000000000000004,15
ExpectedSARSA,0,2588,-13.000000000000004,15
ExpectedSARSA,0,2589,-13.000000000000004,15
ExpectedSARSA,0,2590,-100.0,1
ExpectedSARSA,0,2591,-13.000000000000004,15
ExpectedSARSA,0,2592,-15.000000000000004,17
ExpectedSARSA,0,2593,-13.000000000000004,15
ExpectedSARSA,0,2594,-15.000000000000004,17
ExpectedSARSA,0,2595,-13.000000000000004,15
ExpectedSARSA,0,2596,-16.000000000000004,18
ExpectedSARSA,0,2597,-15.000000000000004,17
ExpectedSARSA,0,2598,-19.0,21
ExpectedSARSA,0,2599,-15.000000000000004,17
ExpectedSARSA,0,2600,-13.000000000000004,15
ExpectedSARSA,0,2601,-100.0,1
ExpectedSARSA,0,2602,-100.0,1
ExpectedSARSA,0,2603,-15.000000000000004,17
ExpectedSARSA,0,2604,-13.000000000000004,15
ExpectedSARSA,0,2605,-13.000000000000004,15
ExpectedSARSA,0,2606,-13.000000000000004,15
ExpectedSARSA,0,2607,-13.000000000000004,15
ExpectedSARSA,0,2608,-13.000000000000004,15
ExpectedSARSA,0,2609,-17.000000000000004,19
ExpectedSARSA,0,2610,-16.000000000000004,18
ExpectedSARSA,0,2611,-13.000000000000004,15
ExpectedSARSA,0,2612,-15.000000000000004,17
ExpectedSARSA,0,2613,-18.999999999999996,21
ExpectedSARSA,0,2614,-17.000000000000004,19
ExpectedSARSA,0,2615,-15.000000000000004,17
ExpectedSARSA,0,2616,-13.000000000000004,15
ExpectedSARSA,0,2617,-102.0,3
ExpectedSARSA,0,2618,-17.000000000000004,19
ExpectedSARSA,0,2619,-13.000000000000004,15
ExpectedSARSA,0,2620,-13.000000000000004,15
ExpectedSARSA,0,2621,-19.0,21
ExpectedSARSA,0,2622,-15.000000000000004,17
ExpectedSARSA,0,2623,-15.000000000000004,17
ExpectedSARSA,0,2624,-13.000000000000004,15
ExpectedSARSA,0,2625,-13.000000000000004,15
ExpectedSARSA,0,2626,-18.999999999999996,21
ExpectedSARSA,0,2627,-15.000000000000004,17
ExpectedSARSA,0,2628,-13.000000000000004,15
ExpectedSARSA,0,2629,-13.000000000000004,15
ExpectedSARSA,0,2630,-15.000000000000004,17
ExpectedSARSA,0,2631,-15.000000000000004,17
ExpectedSARSA,0,2632,-16.000000000000004,18
ExpectedSARSA,0,2633,-15.000000000000004,17
ExpectedSARSA,0,2634,-13.000000000000004,15
ExpectedSARSA,0,2635,-15.000000000000004,17
ExpectedSARSA,0,2636,-13.000000000000004,15
ExpectedSARSA,0,2637,-13.000000000000004,15
ExpectedSARSA,0,2638,-17.0,19
ExpectedSARSA,0,2639,-15.000000000000004,17
ExpectedSARSA,0,2640,-18.999999999999996,21
ExpectedSARSA,0,2641,-15.000000000000004,17
ExpectedSARSA,0,2642,-19.0,21
ExpectedSARSA,0,2643,-13.000000000000004,15
ExpectedSARSA,0,2644,-15.000000000000004,17
ExpectedSARSA,0,2645,-15.000000000000004,17
ExpectedSARSA,0,2646,-17.0,19
ExpectedSARSA,0,2647,-16.000000000000004,18
ExpectedSARSA,0,2648,-17.0,19
ExpectedSARSA,0,2649,-13.000000000000004,15
ExpectedSARSA,0,2650,-100.0,1
ExpectedSARSA,0,2651,-15.000000000000004,17
ExpectedSARSA,0,2652,-13.000000000000004,15
ExpectedSARSA,0,2653,-14.000000000000004,16
ExpectedSARSA,0,2654,-13.000000000000004,15
ExpectedSARSA,0,2655,-13.000000000000004,15
ExpectedSARSA,0,2656,-17.0,19
ExpectedSARSA,0,2657,-14.000000000000004,16
ExpectedSARSA,0,2658,-14.000000000000004,16
ExpectedSARSA,0,2659,-13.000000000000004,15
ExpectedSARSA,0,2660,-15.000000000000004,17
ExpectedSARSA,0,2661,-13.000000000000004,15
ExpectedSARSA,0,2662,-14.000000000000004,16
ExpectedSARSA,0,2663,-16.000000000000004,18
ExpectedSARSA,0,2664,-16.000000000000004,18
ExpectedSARSA,0,2665,-16.000000000000004,18
ExpectedSARSA,0,2666,-15.000000000000004,17
ExpectedSARSA,0,2667,-13.000000000000004,15
ExpectedSARSA,0,2668,-15.000000000000004,17
ExpectedSARSA,0,2669,-13.000000000000004,15
ExpectedSARSA,0,2670,-18.999999999999996,21
ExpectedSARSA,0,2671,-16.000000000000004,18
ExpectedSARSA,0,2672,-15.000000000000004,17
ExpectedSARSA,0,2673,-13.000000000000004,15
ExpectedSARSA,0,2674,-17.0,19
ExpectedSARSA,0,2675,-100.0,1
ExpectedSARSA,0,2676,-16.000000000000004,18
ExpectedSARSA,0,2677,-15.000000000000004,17
ExpectedSARSA,0,2678,-23.999999999999996,26
ExpectedSARSA,0,2679,-13.000000000000004,15
ExpectedSARSA,0,2680,-16.000000000000004,18
ExpectedSARSA,0,2681,-19.000000000000004,21
ExpectedSARSA,0,2682,-18.999999999999996,21
ExpectedSARSA,0,2683,-15.000000000000004,17
ExpectedSARSA,0,2684,-13.000000000000004,15
ExpectedSARSA,0,2685,-13.000000000000004,15
ExpectedSARSA,0,2686,-15.000000000000004,17
ExpectedSARSA,0,2687,-13.000000000000004,15
ExpectedSARSA,0,2688,-16.000000000000004,18
ExpectedSARSA,0,2689,-13.000000000000004,15
ExpectedSARSA,0,2690,-15.000000000000004,17
ExpectedSARSA,0,2691,-15.000000000000004,17
ExpectedSARSA,0,2692,-13.000000000000004,15
ExpectedSARSA,0,2693,-16.000000000000004,18
ExpectedSARSA,0,2694,-15.000000000000004,17
ExpectedSARSA,0,2695,-100.0,1
ExpectedSARSA,0,2696,-17.0,19
ExpectedSARSA,0,2697,-15.000000000000004,17
ExpectedSARSA,0,2698,-104.0,5
ExpectedSARSA,0,2699,-16.000000000000004,18
ExpectedSARSA,0,2700,-17.0,19
ExpectedSARSA,0,2701,-13.000000000000004,15
ExpectedSARSA,0,2702,-116.1,18
ExpectedSARSA,0,2703,-15.000000000000004,17
ExpectedSARSA,0,2704,-100.0,1
ExpectedSARSA,0,2705,-19.0,21
ExpectedSARSA,0,2706,-18.999999999999996,21
ExpectedSARSA,0,2707,-13.000000000000004,15
ExpectedSARSA,0,2708,-21.999999999999996,24
ExpectedSARSA,0,2709,-18.999999999999996,21
ExpectedSARSA,0,2710,-17.0,19
ExpectedSARSA,0,2711,-16.000000000000004,18
ExpectedSARSA,0,2712,-15.000000000000004,17
ExpectedSARSA,0,2713,-18.999999999999996,21
ExpectedSARSA,0,2714,-13.000000000000004,15
ExpectedSARSA,0,2715,-13.000000000000004,15
ExpectedSARSA,0,2716,-18.999999999999996,21
ExpectedSARSA,0,2717,-15.000000000000004,17
ExpectedSARSA,0,2718,-15.000000000000004,17
ExpectedSARSA,0,2719,-17.0,19
ExpectedSARSA,0,2720,-15.000000000000004,17
ExpectedSARSA,0,2721,-13.000000000000004,15
ExpectedSARSA,0,2722,-16.000000000000004,18
ExpectedSARSA,0,2723,-14.000000000000004,16
ExpectedSARSA,0,2724,-17.0,19
ExpectedSARSA,0,2725,-13.000000000000004,15
ExpectedSARSA,0,2726,-18.0,20
ExpectedSARSA,0,2727,-16.000000000000004,18
ExpectedSARSA,0,2728,-13.000000000000004,15
ExpectedSARSA,0,2729,-13.000000000000004,15
ExpectedSARSA,0,2730,-13.000000000000004,15
ExpectedSARSA,0,2731,-14.000000000000004,16
ExpectedSARSA,0,2732,-17.000000000000004,19
ExpectedSARSA,0,2733,-13.000000000000004,15
ExpectedSARSA,0,2734,-15.000000000000004,17
ExpectedSARSA,0,2735,-13.000000000000004,15
ExpectedSARSA,0,2736,-15.000000000000004,17
ExpectedSARSA,0,2737,-13.000000000000004,15
ExpectedSARSA,0,2738,-13.000000000000004,15
ExpectedSARSA,0,2739,-21.0,23
ExpectedSARSA,0,2740,-15.000000000000004,17
ExpectedSARSA,0,2741,-18.0,20
ExpectedSARSA,0,2742,-13.000000000000004,15
ExpectedSARSA,0,2743,-13.000000000000004,15
ExpectedSARSA,0,2744,-15.000000000000004,17
ExpectedSARSA,0,2745,-13.000000000000004,15
ExpectedSARSA,0,2746,-19.000000000000004,21
ExpectedSARSA,0,2747,-13.000000000000004,15
ExpectedSARSA,0,2748,-17.0,19
ExpectedSARSA,0,2749,-13.000000000000004,15
ExpectedSARSA,0,2750,-15.000000000000004,17
ExpectedSARSA,0,2751,-19.999999999999996,22
ExpectedSARSA,0,2752,-15.000000000000004,17
ExpectedSARSA,0,2753,-13.000000000000004,15
ExpectedSARSA,0,2754,-100.0,1
ExpectedSARSA,0,2755,-13.000000000000004,15
ExpectedSARSA,0,2756,-15.000000000000004,17
ExpectedSARSA,0,2757,-14.000000000000004,16
ExpectedSARSA,0,2758,-15.000000000000004,17
ExpectedSARSA,0,2759,-15.000000000000004,17
ExpectedSARSA,0,2760,-13.000000000000004,15
ExpectedSARSA,0,2761,-13.000000000000004,15
ExpectedSARSA,0,2762,-13.000000000000004,15
ExpectedSARSA,0,2763,-13.000000000000004,15
ExpectedSARSA,0,2764,-15.000000000000004,17
ExpectedSARSA,0,2765,-16.000000000000004,18
ExpectedSARSA,0,2766,-15.000000000000004,17
ExpectedSARSA,0,2767,-17.0,19
ExpectedSARSA,0,2768,-13.000000000000004,15
ExpectedSARSA,0,2769,-15.000000000000004,17
ExpectedSARSA,0,2770,-17.000000000000004,19
ExpectedSARSA,0,2771,-13.000000000000004,15
ExpectedSARSA,0,2772,-15.000000000000004,17
ExpectedSARSA,0,2773,-15.000000000000004,17
ExpectedSARSA,0,2774,-15.000000000000004,17
ExpectedSARSA,0,2775,-13.000000000000004,15
ExpectedSARSA,0,2776,-13.000000000000004,15
ExpectedSARSA,0,2777,-13.000000000000004,15
ExpectedSARSA,0,2778,-15.000000000000004,17
ExpectedSARSA,0,2779,-13.000000000000004,15
ExpectedSARSA,0,2780,-13.000000000000004,15
ExpectedSARSA,0,2781,-13.000000000000004,15
ExpectedSARSA,0,2782,-13.000000000000004,15
ExpectedSARSA,0,2783,-13.000000000000004,15
ExpectedSARSA,0,2784,-18.0,20
ExpectedSARSA,0,2785,-15.000000000000004,17
ExpectedSARSA,0,2786,-17.0,19
ExpectedSARSA,0,2787,-13.000000000000004,15
ExpectedSARSA,0,2788,-13.000000000000004,15
ExpectedSARSA,0,2789,-14.000000000000004,16
ExpectedSARSA,0,2790,-17.0,19
ExpectedSARSA,0,2791,-15.000000000000004,17
ExpectedSARSA,0,2792,-14.000000000000004,16
ExpectedSARSA,0,2793,-14.000000000000004,16
ExpectedSARSA,0,2794,-13.000000000000004,15
ExpectedSARSA,0,2795,-15.000000000000004,17
ExpectedSARSA,0,2796,-15.000000000000004,17
ExpectedSARSA,0,2797,-15.000000000000004,17
ExpectedSARSA,0,2798,-17.0,19
ExpectedSARSA,0,2799,-16.000000000000004,18
ExpectedSARSA,0,2800,-18.999999999999996,21
ExpectedSARSA,0,2801,-15.000000000000004,17
ExpectedSARSA,0,2802,-17.000000000000004,19
ExpectedSARSA,0,2803,-17.000000000000004,19
ExpectedSARSA,0,2804,-17.0,19
ExpectedSARSA,0,2805,-16.000000000000004,18
ExpectedSARSA,0,2806,-15.000000000000004,17
ExpectedSARSA,0,2807,-19.0,21
ExpectedSARSA,0,2808,-15.000000000000004,17
ExpectedSARSA,0,2809,-15.000000000000004,17
ExpectedSARSA,0,2810,-15.000000000000004,17
ExpectedSARSA,0,2811,-16.000000000000004,18
ExpectedSARSA,0,2812,-13.000000000000004,15
ExpectedSARSA,0,2813,-19.0,21
ExpectedSARSA,0,2814,-16.000000000000004,18
ExpectedSARSA,0,2815,-15.000000000000004,17
ExpectedSARSA,0,2816,-15.000000000000004,17
ExpectedSARSA,0,2817,-17.0,19
ExpectedSARSA,0,2818,-15.000000000000004,17
ExpectedSARSA,0,2819,-16.000000000000004,18
ExpectedSARSA,0,2820,-13.000000000000004,15
ExpectedSARSA,0,2821,-15.000000000000004,17
ExpectedSARSA,0,2822,-13.000000000000004,15
ExpectedSARSA,0,2823,-17.0,19
ExpectedSARSA,0,2824,-13.000000000000004,15
ExpectedSARSA,0,2825,-14.000000000000004,16
ExpectedSARSA,0,2826,-14.000000000000004,16
ExpectedSARSA,0,2827,-15.000000000000004,17
ExpectedSARSA,0,2828,-15.000000000000004,17
ExpectedSARSA,0,2829,-13.000000000000004,15
ExpectedSARSA,0,2830,-15.000000000000004,17
ExpectedSARSA,0,2831,-13.000000000000004,15
ExpectedSARSA,0,2832,-19.000000000000004,21
ExpectedSARSA,0,2833,-15.000000000000004,17
ExpectedSARSA,0,2834,-13.000000000000004,15
ExpectedSARSA,0,2835,-13.000000000000004,15
ExpectedSARSA,0,2836,-13.000000000000004,15
ExpectedSARSA,0,2837,-13.000000000000004,15
ExpectedSARSA,0,2838,-13.000000000000004,15
ExpectedSARSA,0,2839,-13.000000000000004,15
ExpectedSARSA,0,2840,-13.000000000000004,15
ExpectedSARSA,0,2841,-15.000000000000004,17
ExpectedSARSA,0,2842,-19.0,21
ExpectedSARSA,0,2843,-13.000000000000004,15
ExpectedSARSA,0,2844,-13.000000000000004,15
ExpectedSARSA,0,2845,-13.000000000000004,15
ExpectedSARSA,0,2846,-15.000000000000004,17
ExpectedSARSA,0,2847,-18.999999999999996,21
ExpectedSARSA,0,2848,-13.000000000000004,15
ExpectedSARSA,0,2849,-15.000000000000004,17
ExpectedSARSA,0,2850,-17.0,19
ExpectedSARSA,0,2851,-21.0,23
ExpectedSARSA,0,2852,-15.000000000000004,17
ExpectedSARSA,0,2853,-17.000000000000004,19
ExpectedSARSA,0,2854,-19.999999999999996,22
ExpectedSARSA,0,2855,-13.000000000000004,15
ExpectedSARSA,0,2856,-15.000000000000004,17
ExpectedSARSA,0,2857,-18.999999999999996,21
ExpectedSARSA,0,2858,-15.000000000000004,17
ExpectedSARSA,0,2859,-13.000000000000004,15
ExpectedSARSA,0,2860,-13.000000000000004,15
ExpectedSARSA,0,2861,-19.0,21
ExpectedSARSA,0,2862,-17.0,19
ExpectedSARSA,0,2863,-18.0,20
ExpectedSARSA,0,2864,-15.000000000000004,17
ExpectedSARSA,0,2865,-18.0,20
ExpectedSARSA,0,2866,-13.000000000000004,15
ExpectedSARSA,0,2867,-14.000000000000004,16
ExpectedSARSA,0,2868,-14.000000000000004,16
ExpectedSARSA,0,2869,-17.0,19
ExpectedSARSA,0,2870,-13.000000000000004,15
ExpectedSARSA,0,2871,-20.0,22
ExpectedSARSA,0,2872,-24.999999999999996,27
ExpectedSARSA,0,2873,-15.000000000000004,17
ExpectedSARSA,0,2874,-16.000000000000004,18
ExpectedSARSA,0,2875,-14.000000000000004,16
ExpectedSARSA,0,2876,-14.000000000000004,16
ExpectedSARSA,0,2877,-16.000000000000004,18
ExpectedSARSA,0,2878,-13.000000000000004,15
ExpectedSARSA,0,2879,-13.000000000000004,15
ExpectedSARSA,0,2880,-17.0,19
ExpectedSARSA,0,2881,-15.000000000000004,17
ExpectedSARSA,0,2882,-14.000000000000004,16
ExpectedSARSA,0,2883,-13.000000000000004,15
ExpectedSARSA,0,2884,-16.000000000000004,18
ExpectedSARSA,0,2885,-15.000000000000004,17
ExpectedSARSA,0,2886,-13.000000000000004,15
ExpectedSARSA,0,2887,-16.000000000000004,18
ExpectedSARSA,0,2888,-15.000000000000004,17
ExpectedSARSA,0,2889,-13.000000000000004,15
ExpectedSARSA,0,2890,-15.000000000000004,17
ExpectedSARSA,0,2891,-15.000000000000004,17
ExpectedSARSA,0,2892,-16.000000000000004,18
ExpectedSARSA,0,2893,-13.000000000000004,15
ExpectedSARSA,0,2894,-15.000000000000004,17
ExpectedSARSA,0,2895,-18.0,20
ExpectedSARSA,0,2896,-15.000000000000004,17
ExpectedSARSA,0,2897,-19.999999999999996,22
ExpectedSARSA,0,2898,-13.000000000000004,15
ExpectedSARSA,0,2899,-15.000000000000004,17
ExpectedSARSA,0,2900,-19.0,21
ExpectedSARSA,0,2901,-17.000000000000004,19
ExpectedSARSA,0,2902,-15.000000000000004,17
ExpectedSARSA,0,2903,-14.000000000000004,16
ExpectedSARSA,0,2904,-13.000000000000004,15
ExpectedSARSA,0,2905,-13.000000000000004,15
ExpectedSARSA,0,2906,-15.000000000000004,17
ExpectedSARSA,0,2907,-13.000000000000004,15
ExpectedSARSA,0,2908,-15.000000000000004,17
ExpectedSARSA,0,2909,-15.000000000000004,17
ExpectedSARSA,0,2910,-19.999999999999996,22
ExpectedSARSA,0,2911,-19.0,21
ExpectedSARSA,0,2912,-13.000000000000004,15
ExpectedSARSA,0,2913,-13.000000000000004,15
ExpectedSARSA,0,2914,-13.000000000000004,15
ExpectedSARSA,0,2915,-15.000000000000004,17
ExpectedSARSA,0,2916,-100.0,1
ExpectedSARSA,0,2917,-15.000000000000004,17
ExpectedSARSA,0,2918,-16.000000000000004,18
ExpectedSARSA,0,2919,-13.000000000000004,15
ExpectedSARSA,0,2920,-15.000000000000004,17
ExpectedSARSA,0,2921,-13.000000000000004,15
ExpectedSARSA,0,2922,-13.000000000000004,15
ExpectedSARSA,0,2923,-18.999999999999996,21
ExpectedSARSA,0,2924,-17.0,19
ExpectedSARSA,0,2925,-15.000000000000004,17
ExpectedSARSA,0,2926,-15.000000000000004,17
ExpectedSARSA,0,2927,-13.000000000000004,15
ExpectedSARSA,0,2928,-13.000000000000004,15
ExpectedSARSA,0,2929,-15.000000000000004,17
ExpectedSARSA,0,2930,-17.0,19
ExpectedSARSA,0,2931,-13.000000000000004,15
ExpectedSARSA,0,2932,-17.0,19
ExpectedSARSA,0,2933,-13.000000000000004,15
ExpectedSARSA,0,2934,-13.000000000000004,15
ExpectedSARSA,0,2935,-13.000000000000004,15
ExpectedSARSA,0,2936,-15.000000000000004,17
ExpectedSARSA,0,2937,-15.000000000000004,17
ExpectedSARSA,0,2938,-13.000000000000004,15
ExpectedSARSA,0,2939,-13.000000000000004,15
ExpectedSARSA,0,2940,-13.000000000000004,15
ExpectedSARSA,0,2941,-13.000000000000004,15
ExpectedSARSA,0,2942,-13.000000000000004,15
ExpectedSARSA,0,2943,-15.000000000000004,17
ExpectedSARSA,0,2944,-13.000000000000004,15
ExpectedSARSA,0,2945,-14.000000000000004,16
ExpectedSARSA,0,2946,-15.000000000000004,17
ExpectedSARSA,0,2947,-13.000000000000004,15
ExpectedSARSA,0,2948,-17.0,19
ExpectedSARSA,0,2949,-13.000000000000004,15
ExpectedSARSA,0,2950,-13.000000000000004,15
ExpectedSARSA,0,2951,-15.000000000000004,17
ExpectedSARSA,0,2952,-15.000000000000004,17
ExpectedSARSA,0,2953,-16.000000000000004,18
ExpectedSARSA,0,2954,-13.000000000000004,15
ExpectedSARSA,0,2955,-15.000000000000004,17
ExpectedSARSA,0,2956,-19.0,21
ExpectedSARSA,0,2957,-19.0,21
ExpectedSARSA,0,2958,-13.000000000000004,15
ExpectedSARSA,0,2959,-15.000000000000004,17
ExpectedSARSA,0,2960,-15.000000000000004,17
ExpectedSARSA,0,2961,-15.000000000000004,17
ExpectedSARSA,0,2962,-13.000000000000004,15
ExpectedSARSA,0,2963,-17.0,19
ExpectedSARSA,0,2964,-17.0,19
ExpectedSARSA,0,2965,-15.000000000000004,17
ExpectedSARSA,0,2966,-15.000000000000004,17
ExpectedSARSA,0,2967,-16.000000000000004,18
ExpectedSARSA,0,2968,-15.000000000000004,17
ExpectedSARSA,0,2969,-13.000000000000004,15
ExpectedSARSA,0,2970,-13.000000000000004,15
ExpectedSARSA,0,2971,-15.000000000000004,17
ExpectedSARSA,0,2972,-15.000000000000004,17
ExpectedSARSA,0,2973,-17.000000000000004,19
ExpectedSARSA,0,2974,-16.000000000000004,18
ExpectedSARSA,0,2975,-13.000000000000004,15
ExpectedSARSA,0,2976,-13.000000000000004,15
ExpectedSARSA,0,2977,-15.000000000000004,17
ExpectedSARSA,0,2978,-15.000000000000004,17
ExpectedSARSA,0,2979,-14.000000000000004,16
ExpectedSARSA,0,2980,-13.000000000000004,15
ExpectedSARSA,0,2981,-15.000000000000004,17
ExpectedSARSA,0,2982,-13.000000000000004,15
ExpectedSARSA,0,2983,-15.000000000000004,17
ExpectedSARSA,0,2984,-18.999999999999996,21
ExpectedSARSA,0,2985,-15.000000000000004,17
ExpectedSARSA,0,2986,-15.000000000000004,17
ExpectedSARSA,0,2987,-16.000000000000004,18
ExpectedSARSA,0,2988,-16.000000000000004,18
ExpectedSARSA,0,2989,-13.000000000000004,15
ExpectedSARSA,0,2990,-13.000000000000004,15
ExpectedSARSA,0,2991,-16.000000000000004,18
ExpectedSARSA,0,2992,-13.000000000000004,15
ExpectedSARSA,0,2993,-19.000000000000004,21
ExpectedSARSA,0,2994,-13.000000000000004,15
ExpectedSARSA,0,2995,-21.0,23
ExpectedSARSA,0,2996,-13.000000000000004,15
ExpectedSARSA,0,2997,-15.000000000000004,17
ExpectedSARSA,0,2998,-17.000000000000004,19
ExpectedSARSA,0,2999,-13.000000000000004,15
ExpectedSARSA,0,3000,-13.000000000000004,15
DoubleQLearning,0,1,-66.0,68
DoubleQLearning,0,2,-100.0,1
DoubleQLearning,0,3,-100.0,1
DoubleQLearning,0,4,-37.99999999999999,40
DoubleQLearning,0,5,-134.9,36
DoubleQLearning,0,6,-106.0,7
DoubleQLearning,0,7,-123.6,25
DoubleQLearning,0,8,-121.8,23
DoubleQLearning,0,9,-122.69999999999999,24
DoubleQLearning,0,10,-140.0,41
DoubleQLearning,0,11,-186.10000000000008,88
DoubleQLearning,0,12,-156.5,58
DoubleQLearning,0,13,-170.40000000000003,72
DoubleQLearning,0,14,-100.0,1
DoubleQLearning,0,15,-195.3,97
DoubleQLearning,0,16,-102.0,3
DoubleQLearning,0,17,-165.2,67
DoubleQLearning,0,18,-99.50000000000003,100
DoubleQLearning,0,19,-191.3,93
DoubleQLearning,0,20,-91.00000000000003,93
DoubleQLearning,0,21,-99.30000000000005,100
DoubleQLearning,0,22,-99.60000000000004,100
DoubleQLearning,0,23,-94.00000000000004,96
DoubleQLearning,0,24,-99.50000000000006,100
DoubleQLearning,0,25,-91.00000000000001,93
DoubleQLearning,0,26,-99.40000000000002,100
DoubleQLearning,0,27,-99.90000000000003,100
DoubleQLearning,0,28,-99.30000000000004,100
DoubleQLearning,0,29,-56.999999999999986,59
DoubleQLearning,0,30,-110.0,11
DoubleQLearning,0,31,-99.89999999999999,100
DoubleQLearning,0,32,-99.4,100
DoubleQLearning,0,33,-70.0,72
DoubleQLearning,0,34,-99.70000000000003,100
DoubleQLearning,0,35,-100.0,1
DoubleQLearning,0,36,-103.0,4
DoubleQLearning,0,37,-63.999999999999986,66
DoubleQLearning,0,38,-103.0,4
DoubleQLearning,0,39,-99.69999999999997,100
DoubleQLearning,0,40,-99.50000000000003,100
DoubleQLearning,0,41,-84.00000000000003,86
DoubleQLearning,0,42,-39.99999999999998,42
DoubleQLearning,0,43,-99.60000000000002,100
DoubleQLearning,0,44,-92.00000000000006,94
DoubleQLearning,0,45,-99.50000000000003,100
DoubleQLearning,0,46,-57.999999999999986,60
DoubleQLearning,0,47,-95.00000000000001,97
DoubleQLearning,0,48,-99.50000000000001,100
DoubleQLearning,0,49,-85.00000000000006,87
DoubleQLearning,0,50,-53.999999999999986,56
DoubleQLearning,0,51,-94.00000000000003,96
DoubleQLearning,0,52,-70.0,72
DoubleQLearning,0,53,-100.0,1
DoubleQLearning,0,54,-193.10000000000002,95
DoubleQLearning,0,55,-80.00000000000001,82
DoubleQLearning,0,56,-73.00000000000003,75
DoubleQLearning,0,57,-99.80000000000001,100
DoubleQLearning,0,58,-137.29999999999998,39
DoubleQLearning,0,59,-69.00000000000001,71
DoubleQLearning,0,60,-44.99999999999999,47
DoubleQLearning,0,61,-95.00000000000003,97
DoubleQLearning,0,62,-99.49999999999997,100
DoubleQLearning,0,63,-76.00000000000003,78
DoubleQLearning,0,64,-76.00000000000001,78
DoubleQLearning,0,65,-54.99999999999999,57
DoubleQLearning,0,66,-107.0,8
DoubleQLearning,0,67,-88.00000000000003,90
DoubleQLearning,0,68,-99.40000000000002,100
DoubleQLearning,0,69,-66.0,68
DoubleQLearning,0,70,-96.00000000000003,98
DoubleQLearning,0,71,-105.0,6
DoubleQLearning,0,72,-50.999999999999986,53
DoubleQLearning,0,73,-104.0,5
DoubleQLearning,0,74,-156.7,58
DoubleQLearning,0,75,-54.999999999999986,57
DoubleQLearning,0,76,-72.0,74
DoubleQLearning,0,77,-99.5,100
DoubleQLearning,0,78,-101.0,2
DoubleQLearning,0,79,-122.69999999999999,24
DoubleQLearning,0,80,-40.999999999999986,43
DoubleQLearning,0,81,-57.999999999999986,60
DoubleQLearning,0,82,-99.3,100
DoubleQLearning,0,83,-83.00000000000003,85
DoubleQLearning,0,84,-36.999999999999986,39
DoubleQLearning,0,85,-37.99999999999999,40
DoubleQLearning,0,86,-99.30000000000001,100
DoubleQLearning,0,87,-82.00000000000003,84
DoubleQLearning,0,88,-42.999999999999986,45
DoubleQLearning,0,89,-185.20000000000005,87
DoubleQLearning,0,90,-53.99999999999998,56
DoubleQLearning,0,91,-49.999999999999986,52
DoubleQLearning,0,92,-92.00000000000007,94
DoubleQLearning,0,93,-80.00000000000001,82
DoubleQLearning,0,94,-165.5,67
DoubleQLearning,0,95,-56.999999999999986,59
DoubleQLearning,0,96,-56.99999999999998,59
DoubleQLearning,0,97,-81.0,83
DoubleQLearning,0,98,-103.0,4
DoubleQLearning,0,99,-72.0,74
DoubleQLearning,0,100,-57.99999999999998,60
DoubleQLearning,0,101,-65.0,67
DoubleQLearning,0,102,-99.00000000000001,100
DoubleQLearning,0,103,-100.0,1
DoubleQLearning,0,104,-57.999999999999986,60
DoubleQLearning,0,105,-69.00000000000001,71
DoubleQLearning,0,106,-79.00000000000001,81
DoubleQLearning,0,107,-134.5,36
DoubleQLearning,0,108,-174.3,76
DoubleQLearning,0,109,-73.00000000000001,75
DoubleQLearning,0,110,-34.99999999999998,37
DoubleQLearning,0,111,-74.0,76
DoubleQLearning,0,112,-117.0,18
DoubleQLearning,0,113,-29.999999999999996,32
DoubleQLearning,0,114,-126.9,28
DoubleQLearning,0,115,-122.5,24
DoubleQLearning,0,116,-44.999999999999986,47
DoubleQLearning,0,117,-169.4,71
DoubleQLearning,0,118,-83.00000000000001,85
DoubleQLearning,0,119,-46.999999999999986,49
DoubleQLearning,0,120,-63.999999999999986,66
DoubleQLearning,0,121,-59.999999999999986,62
DoubleQLearning,0,122,-52.99999999999999,55
DoubleQLearning,0,123,-71.00000000000001,73
DoubleQLearning,0,124,-101.0,2
DoubleQLearning,0,125,-67.0,69
DoubleQLearning,0,126,-146.6,48
DoubleQLearning,0,127,-47.999999999999986,50
DoubleQLearning,0,128,-110.9,12
DoubleQLearning,0,129,-57.99999999999998,60
DoubleQLearning,0,130,-105.8,7
DoubleQLearning,0,131,-58.99999999999999,61
DoubleQLearning,0,132,-44.999999999999986,47
DoubleQLearning,0,133,-63.999999999999986,66
DoubleQLearning,0,134,-99.20000000000002,100
DoubleQLearning,0,135,-28.999999999999996,31
DoubleQLearning,0,136,-40.99999999999999,43
DoubleQLearning,0,137,-103.0,4
DoubleQLearning,0,138,-63.99999999999998,66
DoubleQLearning,0,139,-174.2,76
DoubleQLearning,0,140,-62.999999999999986,65
DoubleQLearning,0,141,-102.0,3
DoubleQLearning,0,142,-40.99999999999998,43
DoubleQLearning,0,143,-26.999999999999993,29
DoubleQLearning,0,144,-143.6,45
DoubleQLearning,0,145,-63.999999999999986,66
DoubleQLearning,0,146,-81.00000000000003,83
DoubleQLearning,0,147,-46.99999999999998,49
DoubleQLearning,0,148,-42.999999999999986,45
DoubleQLearning,0,149,-40.99999999999999,43
DoubleQLearning,0,150,-87.00000000000003,89
DoubleQLearning,0,151,-45.99999999999999,48
DoubleQLearning,0,152,-39.0,41
DoubleQLearning,0,153,-71.00000000000001,73
DoubleQLearning,0,154,-48.999999999999986,51
DoubleQLearning,0,155,-38.999999999999986,41
DoubleQLearning,0,156,-63.999999999999986,66
DoubleQLearning,0,157,-23.999999999999993,26
DoubleQLearning,0,158,-73.0,75
DoubleQLearning,0,159,-113.8,15
DoubleQLearning,0,160,-133.79999999999998,35
DoubleQLearning,0,161,-38.999999999999986,41
DoubleQLearning,0,162,-60.999999999999986,63
DoubleQLearning,0,163,-30.999999999999982,33
DoubleQLearning,0,164,-42.999999999999986,45
DoubleQLearning,0,165,-24.99999999999999,27
DoubleQLearning,0,166,-27.99999999999999,30
DoubleQLearning,0,167,-65.0,67
DoubleQLearning,0,168,-44.999999999999986,47
DoubleQLearning,0,169,-53.999999999999986,56
DoubleQLearning,0,170,-44.999999999999986,47
DoubleQLearning,0,171,-45.99999999999998,48
DoubleQLearning,0,172,-160.2,62
DoubleQLearning,0,173,-26.999999999999993,29
DoubleQLearning,0,174,-44.999999999999986,47
DoubleQLearning,0,175,-55.999999999999986,58
DoubleQLearning,0,176,-60.999999999999986,63
DoubleQLearning,0,177,-50.999999999999986,53
DoubleQLearning,0,178,-31.99999999999999,34
DoubleQLearning,0,179,-65.0,67
DoubleQLearning,0,180,-38.999999999999986,41
DoubleQLearning,0,181,-53.99999999999999,56
DoubleQLearning,0,182,-134.89999999999998,36
DoubleQLearning,0,183,-18.999999999999996,21
DoubleQLearning,0,184,-59.99999999999999,62
DoubleQLearning,0,185,-57.99999999999998,60
DoubleQLearning,0,186,-24.999999999999996,27
DoubleQLearning,0,187,-67.0,69
DoubleQLearning,0,188,-112.9,14
DoubleQLearning,0,189,-52.999999999999986,55
DoubleQLearning,0,190,-22.999999999999993,25
DoubleQLearning,0,191,-66.0,68
DoubleQLearning,0,192,-18.999999999999996,21
DoubleQLearning,0,193,-48.999999999999986,51
DoubleQLearning,0,194,-101.0,2
DoubleQLearning,0,195,-35.999999999999986,38
DoubleQLearning,0,196,-50.999999999999986,53
DoubleQLearning,0,197,-57.99999999999999,60
DoubleQLearning,0,198,-57.0,59
DoubleQLearning,0,199,-135.2,37
DoubleQLearning,0,200,-30.999999999999986,33
DoubleQLearning,0,201,-102.0,3
DoubleQLearning,0,202,-47.99999999999998,50
DoubleQLearning,0,203,-100.0,1
DoubleQLearning,0,204,-28.999999999999982,31
DoubleQLearning,0,205,-110.0,11
DoubleQLearning,0,206,-17.0,19
DoubleQLearning,0,207,-47.999999999999986,50
DoubleQLearning,0,208,-40.99999999999999,43
DoubleQLearning,0,209,-44.999999999999986,47
DoubleQLearning,0,210,-62.99999999999998,65
DoubleQLearning,0,211,-26.999999999999996,29
DoubleQLearning,0,212,-36.999999999999986,39
DoubleQLearning,0,213,-52.999999999999986,55
DoubleQLearning,0,214,-30.99999999999999,33
DoubleQLearning,0,215,-46.99999999999998,49
DoubleQLearning,0,216,-24.99999999999999,27
DoubleQLearning,0,217,-50.999999999999986,53
DoubleQLearning,0,218,-141.39999999999998,43
DoubleQLearning,0,219,-100.0,1
DoubleQLearning,0,220,-22.999999999999993,25
DoubleQLearning,0,221,-49.999999999999986,52
DoubleQLearning,0,222,-34.99999999999998,37
DoubleQLearning,0,223,-27.999999999999986,30
DoubleQLearning,0,224,-19.999999999999996,22
DoubleQLearning,0,225,-53.99999999999999,56
DoubleQLearning,0,226,-48.99999999999998,51
DoubleQLearning,0,227,-43.999999999999986,46
DoubleQLearning,0,228,-42.999999999999986,45
DoubleQLearning,0,229,-47.999999999999986,50
DoubleQLearning,0,230,-44.999999999999986,47
DoubleQLearning,0,231,-102.0,3
DoubleQLearning,0,232,-15.000000000000004,17
DoubleQLearning,0,233,-33.0,35
DoubleQLearning,0,234,-106.0,7
DoubleQLearning,0,235,-43.999999999999986,46
DoubleQLearning,0,236,-22.999999999999993,25
DoubleQLearning,0,237,-39.99999999999999,42
DoubleQLearning,0,238,-36.999999999999986,39
DoubleQLearning,0,239,-18.0,20
DoubleQLearning,0,240,-44.99999999999998,47
DoubleQLearning,0,241,-100.0,1
DoubleQLearning,0,242,-39.99999999999999,42
DoubleQLearning,0,243,-34.999999999999986,37
DoubleQLearning,0,244,-106.0,7
DoubleQLearning,0,245,-100.0,1
DoubleQLearning,0,246,-30.999999999999986,33
DoubleQLearning,0,247,-34.99999999999999,37
DoubleQLearning,0,248,-107.0,8
DoubleQLearning,0,249,-35.99999999999999,38
DoubleQLearning,0,250,-34.999999999999986,37
DoubleQLearning,0,251,-32.99999999999999,35
DoubleQLearning,0,252,-36.999999999999986,39
DoubleQLearning,0,253,-38.999999999999986,41
DoubleQLearning,0,254,-34.0,36
DoubleQLearning,0,255,-26.99999999999999,29
DoubleQLearning,0,256,-29.999999999999982,32
DoubleQLearning,0,257,-23.999999999999993,26
DoubleQLearning,0,258,-37.999999999999986,40
DoubleQLearning,0,259,-35.999999999999986,38
DoubleQLearning,0,260,-104.0,5
DoubleQLearning,0,261,-43.99999999999998,46
DoubleQLearning,0,262,-40.999999999999986,43
DoubleQLearning,0,263,-35.0,37
DoubleQLearning,0,264,-26.999999999999993,29
DoubleQLearning,0,265,-36.99999999999999,39
DoubleQLearning,0,266,-42.999999999999986,45
DoubleQLearning,0,267,-29.99999999999999,32
DoubleQLearning,0,268,-28.99999999999999,31
DoubleQLearning,0,269,-39.999999999999986,42
DoubleQLearning,0,270,-104.0,5
DoubleQLearning,0,271,-26.99999999999999,29
DoubleQLearning,0,272,-26.99999999999999,29
DoubleQLearning,0,273,-120.4,22
DoubleQLearning,0,274,-30.999999999999996,33
DoubleQLearning,0,275,-104.9,6
DoubleQLearning,0,276,-38.99999999999999,41
DoubleQLearning,0,277,-43.999999999999986,46
DoubleQLearning,0,278,-25.99999999999999,28
DoubleQLearning,0,279,-36.999999999999986,39
DoubleQLearning,0,280,-22.999999999999996,25
DoubleQLearning,0,281,-20.999999999999996,23
DoubleQLearning,0,282,-114.30000000000001,16
DoubleQLearning,0,283,-60.999999999999986,63
DoubleQLearning,0,284,-18.999999999999996,21
DoubleQLearning,0,285,-43.999999999999986,46
DoubleQLearning,0,286,-34.99999999999999,37
DoubleQLearning,0,287,-32.999999999999986,35
DoubleQLearning,0,288,-28.99999999999999,31
DoubleQLearning,0,289,-26.999999999999993,29
DoubleQLearning,0,290,-27.999999999999993,30
DoubleQLearning,0,291,-22.999999999999996,25
DoubleQLearning,0,292,-50.999999999999986,53
DoubleQLearning,0,293,-27.999999999999993,30
DoubleQLearning,0,294,-34.999999999999986,37
DoubleQLearning,0,295,-30.999999999999993,33
DoubleQLearning,0,296,-40.99999999999999,43
DoubleQLearning,0,297,-114.0,15
DoubleQLearning,0,298,-30.999999999999993,33
DoubleQLearning,0,299,-19.999999999999996,22
DoubleQLearning,0,300,-22.999999999999993,25
DoubleQLearning,0,301,-28.99999999999999,31
DoubleQLearning,0,302,-29.999999999999996,32
DoubleQLearning,0,303,-49.999999999999986,52
DoubleQLearning,0,304,-17.0,19
DoubleQLearning,0,305,-32.999999999999986,35
DoubleQLearning,0,306,-28.999999999999996,31
DoubleQLearning,0,307,-27.99999999999999,30
DoubleQLearning,0,308,-24.99999999999999,27
DoubleQLearning,0,309,-32.999999999999986,35
DoubleQLearning,0,310,-128.6,30
DoubleQLearning,0,311,-27.999999999999993,30
DoubleQLearning,0,312,-36.999999999999986,39
DoubleQLearning,0,313,-19.0,21
DoubleQLearning,0,314,-22.999999999999996,25
DoubleQLearning,0,315,-26.999999999999993,29
DoubleQLearning,0,316,-120.39999999999999,22
DoubleQLearning,0,317,-48.999999999999986,51
DoubleQLearning,0,318,-28.99999999999999,31
DoubleQLearning,0,319,-20.999999999999996,23
DoubleQLearning,0,320,-28.99999999999999,31
DoubleQLearning,0,321,-21.999999999999993,24
DoubleQLearning,0,322,-22.999999999999993,25
DoubleQLearning,0,323,-29.999999999999986,32
DoubleQLearning,0,324,-25.999999999999986,28
DoubleQLearning,0,325,-29.99999999999999,32
DoubleQLearning,0,326,-24.99999999999999,27
DoubleQLearning,0,327,-22.999999999999993,25
DoubleQLearning,0,328,-19.000000000000004,21
DoubleQLearning,0,329,-22.0,24
DoubleQLearning,0,330,-23.999999999999993,26
DoubleQLearning,0,331,-18.999999999999996,21
DoubleQLearning,0,332,-25.99999999999999,28
DoubleQLearning,0,333,-25.999999999999986,28
DoubleQLearning,0,334,-35.999999999999986,38
DoubleQLearning,0,335,-17.000000000000004,19
DoubleQLearning,0,336,-24.999999999999993,27
DoubleQLearning,0,337,-22.999999999999993,25
DoubleQLearning,0,338,-26.999999999999993,29
DoubleQLearning,0,339,-104.0,5
DoubleQLearning,0,340,-118.5,20
DoubleQLearning,0,341,-21.999999999999996,24
DoubleQLearning,0,342,-27.99999999999999,30
DoubleQLearning,0,343,-24.999999999999986,27
DoubleQLearning,0,344,-17.000000000000004,19
DoubleQLearning,0,345,-34.999999999999986,37
DoubleQLearning,0,346,-20.999999999999996,23
DoubleQLearning,0,347,-26.99999999999999,29
DoubleQLearning,0,348,-23.999999999999993,26
DoubleQLearning,0,349,-30.999999999999982,33
DoubleQLearning,0,350,-17.000000000000004,19
DoubleQLearning,0,351,-27.99999999999999,30
DoubleQLearning,0,352,-21.999999999999996,24
DoubleQLearning,0,353,-33.999999999999986,36
DoubleQLearning,0,354,-24.999999999999993,27
DoubleQLearning,0,355,-28.999999999999986,31
DoubleQLearning,0,356,-21.999999999999996,24
DoubleQLearning,0,357,-26.999999999999996,29
DoubleQLearning,0,358,-21.999999999999993,24
DoubleQLearning,0,359,-19.999999999999996,22
DoubleQLearning,0,360,-21.999999999999993,24
DoubleQLearning,0,361,-32.999999999999986,35
DoubleQLearning,0,362,-21.0,23
DoubleQLearning,0,363,-34.999999999999986,37
DoubleQLearning,0,364,-23.99999999999999,26
DoubleQLearning,0,365,-24.999999999999993,27
DoubleQLearning,0,366,-18.999999999999996,21
DoubleQLearning,0,367,-17.0,19
DoubleQLearning,0,368,-26.99999999999999,29
DoubleQLearning,0,369,-19.999999999999996,22
DoubleQLearning,0,370,-38.999999999999986,41
DoubleQLearning,0,371,-21.999999999999993,24
DoubleQLearning,0,372,-18.999999999999996,21
DoubleQLearning,0,373,-19.999999999999996,22
DoubleQLearning,0,374,-40.999999999999986,43
DoubleQLearning,0,375,-23.99999999999999,26
DoubleQLearning,0,376,-15.000000000000004,17
DoubleQLearning,0,377,-25.99999999999999,28
DoubleQLearning,0,378,-20.999999999999996,23
DoubleQLearning,0,379,-100.0,1
DoubleQLearning,0,380,-17.0,19
DoubleQLearning,0,381,-25.999999999999986,28
DoubleQLearning,0,382,-18.999999999999996,21
DoubleQLearning,0,383,-31.999999999999986,34
DoubleQLearning,0,384,-25.999999999999986,28
DoubleQLearning,0,385,-15.000000000000004,17
DoubleQLearning,0,386,-113.6,15
DoubleQLearning,0,387,-20.999999999999996,23
DoubleQLearning,0,388,-22.999999999999993,25
DoubleQLearning,0,389,-32.999999999999986,35
DoubleQLearning,0,390,-33.99999999999998,36
DoubleQLearning,0,391,-28.999999999999993,31
DoubleQLearning,0,392,-17.0,19
DoubleQLearning,0,393,-30.999999999999982,33
DoubleQLearning,0,394,-29.999999999999986,32
DoubleQLearning,0,395,-20.0,22
DoubleQLearning,0,396,-24.999999999999986,27
DoubleQLearning,0,397,-30.99999999999999,33
DoubleQLearning,0,398,-19.999999999999996,22
DoubleQLearning,0,399,-20.999999999999993,23
DoubleQLearning,0,400,-18.999999999999996,21
DoubleQLearning,0,401,-21.999999999999996,24
DoubleQLearning,0,402,-22.999999999999993,25
DoubleQLearning,0,403,-20.999999999999996,23
DoubleQLearning,0,404,-30.99999999999998,33
DoubleQLearning,0,405,-24.99999999999999,27
DoubleQLearning,0,406,-27.999999999999986,30
DoubleQLearning,0,407,-27.999999999999986,30
DoubleQLearning,0,408,-23.999999999999993,26
DoubleQLearning,0,409,-16.000000000000004,18
DoubleQLearning,0,410,-24.99999999999999,27
DoubleQLearning,0,411,-22.999999999999993,25
DoubleQLearning,0,412,-24.999999999999993,27
DoubleQLearning,0,413,-18.0,20
DoubleQLearning,0,414,-25.999999999999993,28
DoubleQLearning,0,415,-22.999999999999996,25
DoubleQLearning,0,416,-100.0,1
DoubleQLearning,0,417,-20.999999999999993,23
DoubleQLearning,0,418,-34.999999999999986,37
DoubleQLearning,0,419,-21.999999999999993,24
DoubleQLearning,0,420,-22.999999999999993,25
DoubleQLearning,0,421,-22.999999999999996,25
DoubleQLearning,0,422,-19.0,21
DoubleQLearning,0,423,-21.999999999999996,24
DoubleQLearning,0,424,-16.000000000000004,18
DoubleQLearning,0,425,-20.999999999999996,23
DoubleQLearning,0,426,-25.999999999999996,28
DoubleQLearning,0,427,-27.999999999999986,30
DoubleQLearning,0,428,-18.0,20
DoubleQLearning,0,429,-21.999999999999993,24
DoubleQLearning,0,430,-22.999999999999993,25
DoubleQLearning,0,431,-26.999999999999993,29
DoubleQLearning,0,432,-17.000000000000004,19
DoubleQLearning,0,433,-21.999999999999993,24
DoubleQLearning,0,434,-21.999999999999996,24
DoubleQLearning,0,435,-18.999999999999996,21
DoubleQLearning,0,436,-21.999999999999993,24
DoubleQLearning,0,437,-26.999999999999993,29
DoubleQLearning,0,438,-19.0,21
DoubleQLearning,0,439,-23.99999999999999,26
DoubleQLearning,0,440,-30.99999999999999,33
DoubleQLearning,0,441,-15.000000000000004,17
DoubleQLearning,0,442,-17.000000000000004,19
DoubleQLearning,0,443,-23.999999999999993,26
DoubleQLearning,0,444,-28.999999999999986,31
DoubleQLearning,0,445,-20.999999999999993,23
DoubleQLearning,0,446,-20.999999999999996,23
DoubleQLearning,0,447,-19.000000000000004,21
DoubleQLearning,0,448,-18.0,20
DoubleQLearning,0,449,-19.0,21
DoubleQLearning,0,450,-25.99999999999999,28
DoubleQLearning,0,451,-17.000000000000004,19
DoubleQLearning,0,452,-18.999999999999996,21
DoubleQLearning,0,453,-20.999999999999996,23
DoubleQLearning,0,454,-18.0,20
DoubleQLearning,0,455,-102.0,3
DoubleQLearning,0,456,-19.999999999999996,22
DoubleQLearning,0,457,-21.999999999999996,24
DoubleQLearning,0,458,-19.0,21
DoubleQLearning,0,459,-19.999999999999996,22
DoubleQLearning,0,460,-15.000000000000004,17
DoubleQLearning,0,461,-21.999999999999993,24
DoubleQLearning,0,462,-19.999999999999996,22
DoubleQLearning,0,463,-19.999999999999996,22
DoubleQLearning,0,464,-20.999999999999993,23
DoubleQLearning,0,465,-19.0,21
DoubleQLearning,0,466,-24.99999999999999,27
DoubleQLearning,0,467,-15.000000000000004,17
DoubleQLearning,0,468,-17.000000000000004,19
DoubleQLearning,0,469,-19.0,21
DoubleQLearning,0,470,-20.999999999999993,23
DoubleQLearning,0,471,-25.99999999999999,28
DoubleQLearning,0,472,-15.000000000000004,17
DoubleQLearning,0,473,-22.999999999999996,25
DoubleQLearning,0,474,-102.0,3
DoubleQLearning,0,475,-19.000000000000004,21
DoubleQLearning,0,476,-18.999999999999996,21
DoubleQLearning,0,477,-16.000000000000004,18
DoubleQLearning,0,478,-18.0,20
DoubleQLearning,0,479,-15.000000000000004,17
DoubleQLearning,0,480,-22.999999999999996,25
DoubleQLearning,0,481,-102.9,4
DoubleQLearning,0,482,-20.999999999999996,23
DoubleQLearning,0,483,-17.0,19
DoubleQLearning,0,484,-17.000000000000004,19
DoubleQLearning,0,485,-100.0,1
DoubleQLearning,0,486,-20.999999999999993,23
DoubleQLearning,0,487,-18.999999999999996,21
DoubleQLearning,0,488,-19.999999999999996,22
DoubleQLearning,0,489,-21.999999999999993,24
DoubleQLearning,0,490,-16.000000000000004,18
DoubleQLearning,0,491,-20.999999999999996,23
DoubleQLearning,0,492,-20.999999999999996,23
DoubleQLearning,0,493,-17.000000000000004,19
DoubleQLearning,0,494,-20.999999999999993,23
DoubleQLearning,0,495,-19.999999999999996,22
DoubleQLearning,0,496,-22.999999999999993,25
DoubleQLearning,0,497,-16.000000000000004,18
DoubleQLearning,0,498,-15.000000000000004,17
DoubleQLearning,0,499,-20.999999999999996,23
DoubleQLearning,0,500,-17.000000000000004,19
DoubleQLearning,0,501,-15.000000000000004,17
DoubleQLearning,0,502,-16.000000000000004,18
DoubleQLearning,0,503,-20.999999999999993,23
DoubleQLearning,0,504,-20.999999999999996,23
DoubleQLearning,0,505,-24.999999999999993,27
DoubleQLearning,0,506,-21.999999999999993,24
DoubleQLearning,0,507,-15.000000000000004,17
DoubleQLearning,0,508,-17.000000000000004,19
DoubleQLearning,0,509,-16.000000000000004,18
DoubleQLearning,0,510,-16.000000000000004,18
DoubleQLearning,0,511,-15.000000000000004,17
DoubleQLearning,0,512,-18.0,20
DoubleQLearning,0,513,-17.000000000000004,19
DoubleQLearning,0,514,-23.999999999999996,26
DoubleQLearning,0,515,-17.0,19
DoubleQLearning,0,516,-18.0,20
DoubleQLearning,0,517,-18.000000000000004,20
DoubleQLearning,0,518,-17.0,19
DoubleQLearning,0,519,-19.0,21
DoubleQLearning,0,520,-20.0,22
DoubleQLearning,0,521,-15.000000000000004,17
DoubleQLearning,0,522,-18.999999999999996,21
DoubleQLearning,0,523,-17.000000000000004,19
DoubleQLearning,0,524,-17.0,19
DoubleQLearning,0,525,-17.0,19
DoubleQLearning,0,526,-17.0,19
DoubleQLearning,0,527,-16.000000000000004,18
DoubleQLearning,0,528,-17.000000000000004,19
DoubleQLearning,0,529,-21.999999999999996,24
DoubleQLearning,0,530,-16.000000000000004,18
DoubleQLearning,0,531,-102.0,3
DoubleQLearning,0,532,-22.999999999999993,25
DoubleQLearning,0,533,-15.000000000000004,17
DoubleQLearning,0,534,-17.0,19
DoubleQLearning,0,535,-15.000000000000004,17
DoubleQLearning,0,536,-15.000000000000004,17
DoubleQLearning,0,537,-15.000000000000004,17
DoubleQLearning,0,538,-15.000000000000004,17
DoubleQLearning,0,539,-18.000000000000004,20
DoubleQLearning,0,540,-20.999999999999993,23
DoubleQLearning,0,541,-15.000000000000004,17
DoubleQLearning,0,542,-15.000000000000004,17
DoubleQLearning,0,543,-19.999999999999996,22
DoubleQLearning,0,544,-16.000000000000004,18
DoubleQLearning,0,545,-22.999999999999996,25
DoubleQLearning,0,546,-17.000000000000004,19
DoubleQLearning,0,547,-17.000000000000004,19
DoubleQLearning,0,548,-17.000000000000004,19
DoubleQLearning,0,549,-19.999999999999996,22
DoubleQLearning,0,550,-18.0,20
DoubleQLearning,0,551,-18.000000000000004,20
DoubleQLearning,0,552,-15.000000000000004,17
DoubleQLearning,0,553,-104.0,5
DoubleQLearning,0,554,-16.000000000000004,18
DoubleQLearning,0,555,-17.0,19
DoubleQLearning,0,556,-18.0,20
DoubleQLearning,0,557,-17.0,19
DoubleQLearning,0,558,-16.000000000000004,18
DoubleQLearning,0,559,-18.0,20
DoubleQLearning,0,560,-15.000000000000004,17
DoubleQLearning,0,561,-18.0,20
DoubleQLearning,0,562,-17.000000000000004,19
DoubleQLearning,0,563,-15.000000000000004,17
DoubleQLearning,0,564,-17.000000000000004,19
DoubleQLearning,0,565,-15.000000000000004,17
DoubleQLearning,0,566,-17.000000000000004,19
DoubleQLearning,0,567,-15.000000000000004,17
DoubleQLearning,0,568,-15.000000000000004,17
DoubleQLearning,0,569,-21.999999999999993,24
DoubleQLearning,0,570,-17.0,19
DoubleQLearning,0,571,-19.0,21
DoubleQLearning,0,572,-15.000000000000004,17
DoubleQLearning,0,573,-15.000000000000004,17
DoubleQLearning,0,574,-20.999999999999996,23
DoubleQLearning,0,575,-20.999999999999996,23
DoubleQLearning,0,576,-15.000000000000004,17
DoubleQLearning,0,577,-16.000000000000004,18
DoubleQLearning,0,578,-17.0,19
DoubleQLearning,0,579,-17.000000000000004,19
DoubleQLearning,0,580,-16.000000000000004,18
DoubleQLearning,0,581,-15.000000000000004,17
DoubleQLearning,0,582,-17.0,19
DoubleQLearning,0,583,-100.0,1
DoubleQLearning,0,584,-18.0,20
DoubleQLearning,0,585,-17.0,19
DoubleQLearning,0,586,-16.000000000000004,18
DoubleQLearning,0,587,-15.000000000000004,17
DoubleQLearning,0,588,-20.999999999999996,23
DoubleQLearning,0,589,-15.000000000000004,17
DoubleQLearning,0,590,-19.999999999999996,22
DoubleQLearning,0,591,-17.0,19
DoubleQLearning,0,592,-18.0,20
DoubleQLearning,0,593,-24.999999999999996,27
DoubleQLearning,0,594,-17.0,19
DoubleQLearning,0,595,-20.999999999999996,23
DoubleQLearning,0,596,-19.999999999999996,22
DoubleQLearning,0,597,-17.0,19
DoubleQLearning,0,598,-15.000000000000004,17
DoubleQLearning,0,599,-16.000000000000004,18
DoubleQLearning,0,600,-15.000000000000004,17
DoubleQLearning,0,601,-15.000000000000004,17
DoubleQLearning,0,602,-16.000000000000004,18
DoubleQLearning,0,603,-16.000000000000004,18
DoubleQLearning,0,604,-16.000000000000004,18
DoubleQLearning,0,605,-22.0,24
DoubleQLearning,0,606,-18.000000000000004,20
DoubleQLearning,0,607,-19.0,21
DoubleQLearning,0,608,-18.0,20
DoubleQLearning,0,609,-17.0,19
DoubleQLearning,0,610,-23.999999999999993,26
DoubleQLearning,0,611,-18.0,20
DoubleQLearning,0,612,-16.000000000000004,18
DoubleQLearning,0,613,-17.0,19
DoubleQLearning,0,614,-21.000000000000004,23
DoubleQLearning,0,615,-20.999999999999996,23
DoubleQLearning,0,616,-15.000000000000004,17
DoubleQLearning,0,617,-20.999999999999996,23
DoubleQLearning,0,618,-17.0,19
DoubleQLearning,0,619,-15.000000000000004,17
DoubleQLearning,0,620,-16.000000000000004,18
DoubleQLearning,0,621,-17.000000000000004,19
DoubleQLearning,0,622,-15.000000000000004,17
DoubleQLearning,0,623,-17.000000000000004,19
DoubleQLearning,0,624,-16.000000000000004,18
DoubleQLearning,0,625,-100.0,1
DoubleQLearning,0,626,-21.999999999999996,24
DoubleQLearning,0,627,-18.000000000000004,20
DoubleQLearning,0,628,-16.000000000000004,18
DoubleQLearning,0,629,-19.0,21
DoubleQLearning,0,630,-24.999999999999993,27
DoubleQLearning,0,631,-15.000000000000004,17
DoubleQLearning,0,632,-15.000000000000004,17
DoubleQLearning,0,633,-15.000000000000004,17
DoubleQLearning,0,634,-100.0,1
DoubleQLearning,0,635,-18.0,20
DoubleQLearning,0,636,-18.0,20
DoubleQLearning,0,637,-17.000000000000004,19
DoubleQLearning,0,638,-18.000000000000004,20
DoubleQLearning,0,639,-15.000000000000004,17
DoubleQLearning,0,640,-17.000000000000004,19
DoubleQLearning,0,641,-18.999999999999996,21
DoubleQLearning,0,642,-19.0,21
DoubleQLearning,0,643,-15.000000000000004,17
DoubleQLearning,0,644,-19.0,21
DoubleQLearning,0,645,-15.000000000000004,17
DoubleQLearning,0,646,-18.0,20
DoubleQLearning,0,647,-17.0,19
DoubleQLearning,0,648,-17.0,19
DoubleQLearning,0,649,-19.000000000000004,21
DoubleQLearning,0,650,-17.000000000000004,19
DoubleQLearning,0,651,-18.0,20
DoubleQLearning,0,652,-16.000000000000004,18
DoubleQLearning,0,653,-15.000000000000004,17
DoubleQLearning,0,654,-15.000000000000004,17
DoubleQLearning,0,655,-17.000000000000004,19
DoubleQLearning,0,656,-17.0,19
DoubleQLearning,0,657,-17.0,19
DoubleQLearning,0,658,-19.0,21
DoubleQLearning,0,659,-15.000000000000004,17
DoubleQLearning,0,660,-16.000000000000004,18
DoubleQLearning,0,661,-20.0,22
DoubleQLearning,0,662,-17.000000000000004,19
DoubleQLearning,0,663,-19.0,21
DoubleQLearning,0,664,-15.000000000000004,17
DoubleQLearning,0,665,-16.000000000000004,18
DoubleQLearning,0,666,-18.0,20
DoubleQLearning,0,667,-15.000000000000004,17
DoubleQLearning,0,668,-18.0,20
DoubleQLearning,0,669,-17.000000000000004,19
DoubleQLearning,0,670,-19.0,21
DoubleQLearning,0,671,-16.000000000000004,18
DoubleQLearning,0,672,-15.000000000000004,17
DoubleQLearning,0,673,-15.000000000000004,17
DoubleQLearning,0,674,-15.000000000000004,17
DoubleQLearning,0,675,-15.000000000000004,17
DoubleQLearning,0,676,-15.000000000000004,17
DoubleQLearning,0,677,-15.000000000000004,17
DoubleQLearning,0,678,-19.000000000000004,21
DoubleQLearning,0,679,-18.0,20
DoubleQLearning,0,680,-18.0,20
DoubleQLearning,0,681,-19.0,21
DoubleQLearning,0,682,-17.0,19
DoubleQLearning,0,683,-15.000000000000004,17
DoubleQLearning,0,684,-16.000000000000004,18
DoubleQLearning,0,685,-19.0,21
DoubleQLearning,0,686,-17.000000000000004,19
DoubleQLearning,0,687,-15.000000000000004,17
DoubleQLearning,0,688,-16.000000000000004,18
DoubleQLearning,0,689,-19.999999999999996,22
DoubleQLearning,0,690,-21.0,23
DoubleQLearning,0,691,-100.0,1
DoubleQLearning,0,692,-17.000000000000004,19
DoubleQLearning,0,693,-17.000000000000004,19
DoubleQLearning,0,694,-22.999999999999996,25
DoubleQLearning,0,695,-18.000000000000004,20
DoubleQLearning,0,696,-17.000000000000004,19
DoubleQLearning,0,697,-17.0,19
DoubleQLearning,0,698,-15.000000000000004,17
DoubleQLearning,0,699,-18.0,20
DoubleQLearning,0,700,-16.000000000000004,18
DoubleQLearning,0,701,-17.000000000000004,19
DoubleQLearning,0,702,-18.0,20
DoubleQLearning,0,703,-15.000000000000004,17
DoubleQLearning,0,704,-19.0,21
DoubleQLearning,0,705,-17.0,19
DoubleQLearning,0,706,-15.000000000000004,17
DoubleQLearning,0,707,-16.000000000000004,18
DoubleQLearning,0,708,-17.000000000000004,19
DoubleQLearning,0,709,-18.0,20
DoubleQLearning,0,710,-16.000000000000004,18
DoubleQLearning,0,711,-17.000000000000004,19
DoubleQLearning,0,712,-20.0,22
DoubleQLearning,0,713,-15.000000000000004,17
DoubleQLearning,0,714,-15.000000000000004,17
DoubleQLearning,0,715,-17.000000000000004,19
DoubleQLearning,0,716,-16.000000000000004,18
DoubleQLearning,0,717,-18.0,20
DoubleQLearning,0,718,-22.0,24
DoubleQLearning,0,719,-19.0,21
DoubleQLearning,0,720,-17.000000000000004,19
DoubleQLearning,0,721,-19.0,21
DoubleQLearning,0,722,-15.000000000000004,17
DoubleQLearning,0,723,-15.000000000000004,17
DoubleQLearning,0,724,-19.0,21
DoubleQLearning,0,725,-17.000000000000004,19
DoubleQLearning,0,726,-15.000000000000004,17
DoubleQLearning,0,727,-15.000000000000004,17
DoubleQLearning,0,728,-16.000000000000004,18
DoubleQLearning,0,729,-18.0,20
DoubleQLearning,0,730,-17.0,19
DoubleQLearning,0,731,-15.000000000000004,17
DoubleQLearning,0,732,-15.000000000000004,17
DoubleQLearning,0,733,-17.000000000000004,19
DoubleQLearning,0,734,-17.000000000000004,19
DoubleQLearning,0,735,-15.000000000000004,17
DoubleQLearning,0,736,-17.000000000000004,19
DoubleQLearning,0,737,-16.000000000000004,18
DoubleQLearning,0,738,-16.000000000000004,18
DoubleQLearning,0,739,-19.0,21
DoubleQLearning,0,740,-15.000000000000004,17
DoubleQLearning,0,741,-15.000000000000004,17
DoubleQLearning,0,742,-15.000000000000004,17
DoubleQLearning,0,743,-19.0,21
DoubleQLearning,0,744,-15.000000000000004,17
DoubleQLearning,0,745,-18.0,20
DoubleQLearning,0,746,-15.000000000000004,17
DoubleQLearning,0,747,-16.000000000000004,18
DoubleQLearning,0,748,-23.999999999999993,26
DoubleQLearning,0,749,-17.000000000000004,19
DoubleQLearning,0,750,-17.0,19
DoubleQLearning,0,751,-15.000000000000004,17
DoubleQLearning,0,752,-19.999999999999996,22
DoubleQLearning,0,753,-100.0,1
DoubleQLearning,0,754,-15.000000000000004,17
DoubleQLearning,0,755,-17.000000000000004,19
DoubleQLearning,0,756,-20.0,22
DoubleQLearning,0,757,-18.999999999999996,21
DoubleQLearning,0,758,-19.0,21
DoubleQLearning,0,759,-17.0,19
DoubleQLearning,0,760,-17.000000000000004,19
DoubleQLearning,0,761,-15.000000000000004,17
DoubleQLearning,0,762,-17.0,19
DoubleQLearning,0,763,-16.000000000000004,18
DoubleQLearning,0,764,-19.0,21
DoubleQLearning,0,765,-15.000000000000004,17
DoubleQLearning,0,766,-19.0,21
DoubleQLearning,0,767,-17.0,19
DoubleQLearning,0,768,-17.000000000000004,19
DoubleQLearning,0,769,-16.000000000000004,18
DoubleQLearning,0,770,-16.000000000000004,18
DoubleQLearning,0,771,-18.0,20
DoubleQLearning,0,772,-17.0,19
DoubleQLearning,0,773,-15.000000000000004,17
DoubleQLearning,0,774,-17.000000000000004,19
DoubleQLearning,0,775,-19.999999999999996,22
DoubleQLearning,0,776,-17.0,19
DoubleQLearning,0,777,-15.000000000000004,17
DoubleQLearning,0,778,-17.000000000000004,19
DoubleQLearning,0,779,-15.000000000000004,17
DoubleQLearning,0,780,-15.000000000000004,17
DoubleQLearning,0,781,-20.0,22
DoubleQLearning,0,782,-22.999999999999993,25
DoubleQLearning,0,783,-15.000000000000004,17
DoubleQLearning,0,784,-15.000000000000004,17
DoubleQLearning,0,785,-20.999999999999996,23
DoubleQLearning,0,786,-15.000000000000004,17
DoubleQLearning,0,787,-17.0,19
DoubleQLearning,0,788,-16.000000000000004,18
DoubleQLearning,0,789,-15.000000000000004,17
DoubleQLearning,0,790,-17.0,19
DoubleQLearning,0,791,-16.000000000000004,18
DoubleQLearning,0,792,-15.000000000000004,17
DoubleQLearning,0,793,-18.0,20
DoubleQLearning,0,794,-22.999999999999996,25
DoubleQLearning,0,795,-18.0,20
DoubleQLearning,0,796,-15.000000000000004,17
DoubleQLearning,0,797,-22.0,24
DoubleQLearning,0,798,-18.0,20
DoubleQLearning,0,799,-16.000000000000004,18
DoubleQLearning,0,800,-15.000000000000004,17
DoubleQLearning,0,801,-17.000000000000004,19
DoubleQLearning,0,802,-18.0,20
DoubleQLearning,0,803,-18.999999999999996,21
DoubleQLearning,0,804,-16.000000000000004,18
DoubleQLearning,0,805,-100.0,1
DoubleQLearning,0,806,-17.000000000000004,19
DoubleQLearning,0,807,-16.000000000000004,18
DoubleQLearning,0,808,-17.0,19
DoubleQLearning,0,809,-18.0,20
DoubleQLearning,0,810,-15.000000000000004,17
DoubleQLearning,0,811,-19.999999999999996,22
DoubleQLearning,0,812,-15.000000000000004,17
DoubleQLearning,0,813,-16.000000000000004,18
DoubleQLearning,0,814,-15.000000000000004,17
DoubleQLearning,0,815,-15.000000000000004,17
DoubleQLearning,0,816,-15.000000000000004,17
DoubleQLearning,0,817,-15.000000000000004,17
DoubleQLearning,0,818,-19.0,21
DoubleQLearning,0,819,-15.000000000000004,17
DoubleQLearning,0,820,-17.0,19
DoubleQLearning,0,821,-17.0,19
DoubleQLearning,0,822,-16.000000000000004,18
DoubleQLearning,0,823,-15.000000000000004,17
DoubleQLearning,0,824,-17.0,19
DoubleQLearning,0,825,-17.000000000000004,19
DoubleQLearning,0,826,-16.000000000000004,18
DoubleQLearning,0,827,-15.000000000000004,17
DoubleQLearning,0,828,-16.000000000000004,18
DoubleQLearning,0,829,-16.000000000000004,18
DoubleQLearning,0,830,-15.000000000000004,17
DoubleQLearning,0,831,-15.000000000000004,17
DoubleQLearning,0,832,-16.000000000000004,18
DoubleQLearning,0,833,-19.000000000000004,21
DoubleQLearning,0,834,-20.999999999999996,23
DoubleQLearning,0,835,-15.000000000000004,17
DoubleQLearning,0,836,-15.000000000000004,17
DoubleQLearning,0,837,-19.0,21
DoubleQLearning,0,838,-15.000000000000004,17
DoubleQLearning,0,839,-15.000000000000004,17
DoubleQLearning,0,840,-16.000000000000004,18
DoubleQLearning,0,841,-20.999999999999996,23
DoubleQLearning,0,842,-15.000000000000004,17
DoubleQLearning,0,843,-17.0,19
DoubleQLearning,0,844,-15.000000000000004,17
DoubleQLearning,0,845,-15.000000000000004,17
DoubleQLearning,0,846,-21.0,23
DoubleQLearning,0,847,-16.000000000000004,18
DoubleQLearning,0,848,-19.000000000000004,21
DoubleQLearning,0,849,-15.000000000000004,17
DoubleQLearning,0,850,-17.0,19
DoubleQLearning,0,851,-24.0,26
DoubleQLearning,0,852,-15.000000000000004,17
DoubleQLearning,0,853,-15.000000000000004,17
DoubleQLearning,0,854,-15.000000000000004,17
DoubleQLearning,0,855,-20.0,22
DoubleQLearning,0,856,-100.0,1
DoubleQLearning,0,857,-17.0,19
DoubleQLearning,0,858,-16.000000000000004,18
DoubleQLearning,0,859,-15.000000000000004,17
DoubleQLearning,0,860,-18.000000000000004,20
DoubleQLearning,0,861,-18.0,20
DoubleQLearning,0,862,-16.000000000000004,18
DoubleQLearning,0,863,-15.000000000000004,17
DoubleQLearning,0,864,-18.999999999999996,21
DoubleQLearning,0,865,-22.000000000000004,24
DoubleQLearning,0,866,-17.000000000000004,19
DoubleQLearning,0,867,-16.000000000000004,18
DoubleQLearning,0,868,-17.000000000000004,19
DoubleQLearning,0,869,-15.000000000000004,17
DoubleQLearning,0,870,-20.999999999999996,23
DoubleQLearning,0,871,-15.000000000000004,17
DoubleQLearning,0,872,-17.000000000000004,19
DoubleQLearning,0,873,-17.0,19
DoubleQLearning,0,874,-15.000000000000004,17
DoubleQLearning,0,875,-18.0,20
DoubleQLearning,0,876,-17.000000000000004,19
DoubleQLearning,0,877,-18.000000000000004,20
DoubleQLearning,0,878,-15.000000000000004,17
DoubleQLearning,0,879,-16.000000000000004,18
DoubleQLearning,0,880,-17.0,19
DoubleQLearning,0,881,-19.0,21
DoubleQLearning,0,882,-19.0,21
DoubleQLearning,0,883,-21.999999999999993,24
DoubleQLearning,0,884,-18.0,20
DoubleQLearning,0,885,-19.0,21
DoubleQLearning,0,886,-17.000000000000004,19
DoubleQLearning,0,887,-17.0,19
DoubleQLearning,0,888,-19.0,21
DoubleQLearning,0,889,-19.000000000000004,21
DoubleQLearning,0,890,-18.0,20
DoubleQLearning,0,891,-15.000000000000004,17
DoubleQLearning,0,892,-16.000000000000004,18
DoubleQLearning,0,893,-15.000000000000004,17
DoubleQLearning,0,894,-19.0,21
DoubleQLearning,0,895,-20.999999999999993,23
DoubleQLearning,0,896,-19.000000000000004,21
DoubleQLearning,0,897,-18.0,20
DoubleQLearning,0,898,-19.0,21
DoubleQLearning,0,899,-100.0,1
DoubleQLearning,0,900,-100.0,1
DoubleQLearning,0,901,-15.000000000000004,17
DoubleQLearning,0,902,-17.000000000000004,19
DoubleQLearning,0,903,-15.000000000000004,17
DoubleQLearning,0,904,-17.000000000000004,19
DoubleQLearning,0,905,-16.000000000000004,18
DoubleQLearning,0,906,-15.000000000000004,17
DoubleQLearning,0,907,-16.000000000000004,18
DoubleQLearning,0,908,-17.000000000000004,19
DoubleQLearning,0,909,-15.000000000000004,17
DoubleQLearning,0,910,-17.0,19
DoubleQLearning,0,911,-15.000000000000004,17
DoubleQLearning,0,912,-18.999999999999996,21
DoubleQLearning,0,913,-15.000000000000004,17
DoubleQLearning,0,914,-18.000000000000004,20
DoubleQLearning,0,915,-18.0,20
DoubleQLearning,0,916,-15.000000000000004,17
DoubleQLearning,0,917,-15.000000000000004,17
DoubleQLearning,0,918,-17.0,19
DoubleQLearning,0,919,-19.0,21
DoubleQLearning,0,920,-15.000000000000004,17
DoubleQLearning,0,921,-15.000000000000004,17
DoubleQLearning,0,922,-15.000000000000004,17
DoubleQLearning,0,923,-16.000000000000004,18
DoubleQLearning,0,924,-18.0,20
DoubleQLearning,0,925,-17.0,19
DoubleQLearning,0,926,-15.000000000000004,17
DoubleQLearning,0,927,-15.000000000000004,17
DoubleQLearning,0,928,-17.0,19
DoubleQLearning,0,929,-17.0,19
DoubleQLearning,0,930,-17.000000000000004,19
DoubleQLearning,0,931,-15.000000000000004,17
DoubleQLearning,0,932,-16.000000000000004,18
DoubleQLearning,0,933,-15.000000000000004,17
DoubleQLearning,0,934,-17.0,19
DoubleQLearning,0,935,-16.000000000000004,18
DoubleQLearning,0,936,-15.000000000000004,17
DoubleQLearning,0,937,-20.000000000000004,22
DoubleQLearning,0,938,-17.0,19
DoubleQLearning,0,939,-21.0,23
DoubleQLearning,0,940,-16.000000000000004,18
DoubleQLearning,0,941,-16.000000000000004,18
DoubleQLearning,0,942,-19.999999999999996,22
DoubleQLearning,0,943,-17.000000000000004,19
DoubleQLearning,0,944,-21.0,23
DoubleQLearning,0,945,-21.000000000000004,23
DoubleQLearning,0,946,-15.000000000000004,17
DoubleQLearning,0,947,-16.000000000000004,18
DoubleQLearning,0,948,-17.0,19
DoubleQLearning,0,949,-17.0,19
DoubleQLearning,0,950,-100.0,1
DoubleQLearning,0,951,-19.0,21
DoubleQLearning,0,952,-20.999999999999993,23
DoubleQLearning,0,953,-21.0,23
DoubleQLearning,0,954,-19.999999999999996,22
DoubleQLearning,0,955,-17.000000000000004,19
DoubleQLearning,0,956,-16.000000000000004,18
DoubleQLearning,0,957,-15.000000000000004,17
DoubleQLearning,0,958,-19.0,21
DoubleQLearning,0,959,-17.000000000000004,19
DoubleQLearning,0,960,-20.999999999999996,23
DoubleQLearning,0,961,-17.0,19
DoubleQLearning,0,962,-16.000000000000004,18
DoubleQLearning,0,963,-17.0,19
DoubleQLearning,0,964,-16.000000000000004,18
DoubleQLearning,0,965,-16.000000000000004,18
DoubleQLearning,0,966,-19.0,21
DoubleQLearning,0,967,-19.000000000000004,21
DoubleQLearning,0,968,-16.000000000000004,18
DoubleQLearning,0,969,-15.000000000000004,17
DoubleQLearning,0,970,-15.000000000000004,17
DoubleQLearning,0,971,-16.000000000000004,18
DoubleQLearning,0,972,-15.000000000000004,17
DoubleQLearning,0,973,-15.000000000000004,17
DoubleQLearning,0,974,-18.0,20
DoubleQLearning,0,975,-15.000000000000004,17
DoubleQLearning,0,976,-101.0,2
DoubleQLearning,0,977,-15.000000000000004,17
DoubleQLearning,0,978,-100.0,1
DoubleQLearning,0,979,-15.000000000000004,17
DoubleQLearning,0,980,-17.000000000000004,19
DoubleQLearning,0,981,-16.000000000000004,18
DoubleQLearning,0,982,-15.000000000000004,17
DoubleQLearning,0,983,-15.000000000000004,17
DoubleQLearning,0,984,-18.0,20
DoubleQLearning,0,985,-17.000000000000004,19
DoubleQLearning,0,986,-20.999999999999996,23
DoubleQLearning,0,987,-15.000000000000004,17
DoubleQLearning,0,988,-20.999999999999996,23
DoubleQLearning,0,989,-18.0,20
DoubleQLearning,0,990,-17.0,19
DoubleQLearning,0,991,-15.000000000000004,17
DoubleQLearning,0,992,-19.0,21
DoubleQLearning,0,993,-19.000000000000004,21
DoubleQLearning,0,994,-19.999999999999996,22
DoubleQLearning,0,995,-21.0,23
DoubleQLearning,0,996,-17.0,19
DoubleQLearning,0,997,-15.000000000000004,17
DoubleQLearning,0,998,-19.0,21
DoubleQLearning,0,999,-15.000000000000004,17
DoubleQLearning,0,1000,-15.000000000000004,17
DoubleQLearning,0,1001,-18.999999999999996,21
DoubleQLearning,0,1002,-17.000000000000004,19
DoubleQLearning,0,1003,-19.0,21
DoubleQLearning,0,1004,-18.0,20
DoubleQLearning,0,1005,-15.000000000000004,17
DoubleQLearning,0,1006,-15.000000000000004,17
DoubleQLearning,0,1007,-100.0,1
DoubleQLearning,0,1008,-17.0,19
DoubleQLearning,0,1009,-15.000000000000004,17
DoubleQLearning,0,1010,-17.000000000000004,19
DoubleQLearning,0,1011,-15.000000000000004,17
DoubleQLearning,0,1012,-15.000000000000004,17
DoubleQLearning,0,1013,-16.000000000000004,18
DoubleQLearning,0,1014,-21.999999999999993,24
DoubleQLearning,0,1015,-21.999999999999996,24
DoubleQLearning,0,1016,-24.0,26
DoubleQLearning,0,1017,-100.0,1
DoubleQLearning,0,1018,-15.000000000000004,17
DoubleQLearning,0,1019,-15.000000000000004,17
DoubleQLearning,0,1020,-100.0,1
DoubleQLearning,0,1021,-19.999999999999996,22
DoubleQLearning,0,1022,-22.999999999999993,25
DoubleQLearning,0,1023,-101.0,2
DoubleQLearning,0,1024,-18.0,20
DoubleQLearning,0,1025,-21.000000000000004,23
DoubleQLearning,0,1026,-15.000000000000004,17
DoubleQLearning,0,1027,-16.000000000000004,18
DoubleQLearning,0,1028,-15.000000000000004,17
DoubleQLearning,0,1029,-16.000000000000004,18
DoubleQLearning,0,1030,-17.000000000000004,19
DoubleQLearning,0,1031,-16.000000000000004,18
DoubleQLearning,0,1032,-16.000000000000004,18
DoubleQLearning,0,1033,-19.0,21
DoubleQLearning,0,1034,-15.000000000000004,17
DoubleQLearning,0,1035,-20.999999999999993,23
DoubleQLearning,0,1036,-17.000000000000004,19
DoubleQLearning,0,1037,-17.000000000000004,19
DoubleQLearning,0,1038,-100.0,1
DoubleQLearning,0,1039,-17.0,19
DoubleQLearning,0,1040,-18.0,20
DoubleQLearning,0,1041,-15.000000000000004,17
DoubleQLearning,0,1042,-15.000000000000004,17
DoubleQLearning,0,1043,-15.000000000000004,17
DoubleQLearning,0,1044,-18.0,20
DoubleQLearning,0,1045,-15.000000000000004,17
DoubleQLearning,0,1046,-18.0,20
DoubleQLearning,0,1047,-15.000000000000004,17
DoubleQLearning,0,1048,-15.000000000000004,17
DoubleQLearning,0,1049,-17.000000000000004,19
DoubleQLearning,0,1050,-17.000000000000004,19
DoubleQLearning,0,1051,-15.000000000000004,17
DoubleQLearning,0,1052,-15.000000000000004,17
DoubleQLearning,0,1053,-17.0,19
DoubleQLearning,0,1054,-16.000000000000004,18
DoubleQLearning,0,1055,-15.000000000000004,17
DoubleQLearning,0,1056,-15.000000000000004,17
DoubleQLearning,0,1057,-18.0,20
DoubleQLearning,0,1058,-19.0,21
DoubleQLearning,0,1059,-15.000000000000004,17
DoubleQLearning,0,1060,-15.000000000000004,17
DoubleQLearning,0,1061,-17.000000000000004,19
DoubleQLearning,0,1062,-16.000000000000004,18
DoubleQLearning,0,1063,-20.0,22
DoubleQLearning,0,1064,-18.000000000000004,20
DoubleQLearning,0,1065,-18.0,20
DoubleQLearning,0,1066,-18.0,20
DoubleQLearning,0,1067,-16.000000000000004,18
DoubleQLearning,0,1068,-18.0,20
DoubleQLearning,0,1069,-17.0,19
DoubleQLearning,0,1070,-19.0,21
DoubleQLearning,0,1071,-17.000000000000004,19
DoubleQLearning,0,1072,-19.0,21
DoubleQLearning,0,1073,-16.000000000000004,18
DoubleQLearning,0,1074,-15.000000000000004,17
DoubleQLearning,0,1075,-18.000000000000004,20
DoubleQLearning,0,1076,-19.000000000000004,21
DoubleQLearning,0,1077,-18.999999999999996,21
DoubleQLearning,0,1078,-15.000000000000004,17
DoubleQLearning,0,1079,-18.0,20
DoubleQLearning,0,1080,-16.000000000000004,18
DoubleQLearning,0,1081,-18.0,20
DoubleQLearning,0,1082,-18.0,20
DoubleQLearning,0,1083,-19.999999999999996,22
DoubleQLearning,0,1084,-15.000000000000004,17
DoubleQLearning,0,1085,-17.0,19
DoubleQLearning,0,1086,-19.0,21
DoubleQLearning,0,1087,-21.0,23
DoubleQLearning,0,1088,-15.000000000000004,17
DoubleQLearning,0,1089,-15.000000000000004,17
DoubleQLearning,0,1090,-17.0,19
DoubleQLearning,0,1091,-16.000000000000004,18
DoubleQLearning,0,1092,-18.000000000000004,20
DoubleQLearning,0,1093,-20.0,22
DoubleQLearning,0,1094,-16.000000000000004,18
DoubleQLearning,0,1095,-100.0,1
DoubleQLearning,0,1096,-16.000000000000004,18
DoubleQLearning,0,1097,-17.0,19
DoubleQLearning,0,1098,-15.000000000000004,17
DoubleQLearning,0,1099,-15.000000000000004,17
DoubleQLearning,0,1100,-15.000000000000004,17
DoubleQLearning,0,1101,-16.000000000000004,18
DoubleQLearning,0,1102,-15.000000000000004,17
DoubleQLearning,0,1103,-15.000000000000004,17
DoubleQLearning,0,1104,-21.999999999999993,24
DoubleQLearning,0,1105,-15.000000000000004,17
DoubleQLearning,0,1106,-15.000000000000004,17
DoubleQLearning,0,1107,-101.0,2
DoubleQLearning,0,1108,-16.000000000000004,18
DoubleQLearning,0,1109,-18.0,20
DoubleQLearning,0,1110,-15.000000000000004,17
DoubleQLearning,0,1111,-19.0,21
DoubleQLearning,0,1112,-19.0,21
DoubleQLearning,0,1113,-16.000000000000004,18
DoubleQLearning,0,1114,-16.000000000000004,18
DoubleQLearning,0,1115,-17.000000000000004,19
DoubleQLearning,0,1116,-15.000000000000004,17
DoubleQLearning,0,1117,-18.0,20
DoubleQLearning,0,1118,-15.000000000000004,17
DoubleQLearning,0,1119,-15.000000000000004,17
DoubleQLearning,0,1120,-21.999999999999996,24
DoubleQLearning,0,1121,-19.000000000000004,21
DoubleQLearning,0,1122,-15.000000000000004,17
DoubleQLearning,0,1123,-17.000000000000004,19
DoubleQLearning,0,1124,-17.0,19
DoubleQLearning,0,1125,-20.999999999999996,23
DoubleQLearning,0,1126,-19.0,21
DoubleQLearning,0,1127,-18.000000000000004,20
DoubleQLearning,0,1128,-15.000000000000004,17
DoubleQLearning,0,1129,-20.0,22
DoubleQLearning,0,1130,-17.000000000000004,19
DoubleQLearning,0,1131,-15.000000000000004,17
DoubleQLearning,0,1132,-15.000000000000004,17
DoubleQLearning,0,1133,-15.000000000000004,17
DoubleQLearning,0,1134,-18.0,20
DoubleQLearning,0,1135,-15.000000000000004,17
DoubleQLearning,0,1136,-15.000000000000004,17
DoubleQLearning,0,1137,-15.000000000000004,17
DoubleQLearning,0,1138,-19.0,21
DoubleQLearning,0,1139,-17.000000000000004,19
DoubleQLearning,0,1140,-24.999999999999993,27
DoubleQLearning,0,1141,-15.000000000000004,17
DoubleQLearning,0,1142,-18.000000000000004,20
DoubleQLearning,0,1143,-15.000000000000004,17
DoubleQLearning,0,1144,-25.999999999999993,28
DoubleQLearning,0,1145,-24.999999999999996,27
DoubleQLearning,0,1146,-15.000000000000004,17
DoubleQLearning,0,1147,-16.000000000000004,18
DoubleQLearning,0,1148,-15.000000000000004,17
DoubleQLearning,0,1149,-19.0,21
DoubleQLearning,0,1150,-18.999999999999996,21
DoubleQLearning,0,1151,-18.0,20
DoubleQLearning,0,1152,-15.000000000000004,17
DoubleQLearning,0,1153,-17.000000000000004,19
DoubleQLearning,0,1154,-20.0,22
DoubleQLearning,0,1155,-16.000000000000004,18
DoubleQLearning,0,1156,-19.0,21
DoubleQLearning,0,1157,-15.000000000000004,17
DoubleQLearning,0,1158,-18.000000000000004,20
DoubleQLearning,0,1159,-15.000000000000004,17
DoubleQLearning,0,1160,-17.000000000000004,19
DoubleQLearning,0,1161,-21.999999999999993,24
DoubleQLearning,0,1162,-17.0,19
DoubleQLearning,0,1163,-101.0,2
DoubleQLearning,0,1164,-19.0,21
DoubleQLearning,0,1165,-16.000000000000004,18
DoubleQLearning,0,1166,-15.000000000000004,17
DoubleQLearning,0,1167,-15.000000000000004,17
DoubleQLearning,0,1168,-22.999999999999996,25
DoubleQLearning,0,1169,-20.999999999999996,23
DoubleQLearning,0,1170,-16.000000000000004,18
DoubleQLearning,0,1171,-15.000000000000004,17
DoubleQLearning,0,1172,-17.000000000000004,19
DoubleQLearning,0,1173,-16.000000000000004,18
DoubleQLearning,0,1174,-18.0,20
DoubleQLearning,0,1175,-15.000000000000004,17
DoubleQLearning,0,1176,-15.000000000000004,17
DoubleQLearning,0,1177,-15.000000000000004,17
DoubleQLearning,0,1178,-15.000000000000004,17
DoubleQLearning,0,1179,-18.0,20
DoubleQLearning,0,1180,-16.000000000000004,18
DoubleQLearning,0,1181,-18.0,20
DoubleQLearning,0,1182,-19.0,21
DoubleQLearning,0,1183,-15.000000000000004,17
DoubleQLearning,0,1184,-15.000000000000004,17
DoubleQLearning,0,1185,-15.000000000000004,17
DoubleQLearning,0,1186,-101.0,2
DoubleQLearning,0,1187,-17.000000000000004,19
DoubleQLearning,0,1188,-15.000000000000004,17
DoubleQLearning,0,1189,-17.000000000000004,19
DoubleQLearning,0,1190,-18.0,20
DoubleQLearning,0,1191,-19.0,21
DoubleQLearning,0,1192,-19.999999999999996,22
DoubleQLearning,0,1193,-100.0,1
DoubleQLearning,0,1194,-16.000000000000004,18
DoubleQLearning,0,1195,-19.0,21
DoubleQLearning,0,1196,-17.000000000000004,19
DoubleQLearning,0,1197,-18.999999999999996,21
DoubleQLearning,0,1198,-19.0,21
DoubleQLearning,0,1199,-100.0,1
DoubleQLearning,0,1200,-16.000000000000004,18
DoubleQLearning,0,1201,-15.000000000000004,17
DoubleQLearning,0,1202,-20.0,22
DoubleQLearning,0,1203,-18.999999999999996,21
DoubleQLearning,0,1204,-15.000000000000004,17
DoubleQLearning,0,1205,-18.0,20
DoubleQLearning,0,1206,-17.0,19
DoubleQLearning,0,1207,-15.000000000000004,17
DoubleQLearning,0,1208,-16.000000000000004,18
DoubleQLearning,0,1209,-16.000000000000004,18
DoubleQLearning,0,1210,-15.000000000000004,17
DoubleQLearning,0,1211,-123.2,25
DoubleQLearning,0,1212,-17.0,19
DoubleQLearning,0,1213,-17.000000000000004,19
DoubleQLearning,0,1214,-16.000000000000004,18
DoubleQLearning,0,1215,-17.000000000000004,19
DoubleQLearning,0,1216,-17.000000000000004,19
DoubleQLearning,0,1217,-19.0,21
DoubleQLearning,0,1218,-18.0,20
DoubleQLearning,0,1219,-100.0,1
DoubleQLearning,0,1220,-15.000000000000004,17
DoubleQLearning,0,1221,-19.000000000000004,21
DoubleQLearning,0,1222,-15.000000000000004,17
DoubleQLearning,0,1223,-19.000000000000004,21
DoubleQLearning,0,1224,-19.0,21
DoubleQLearning,0,1225,-18.0,20
DoubleQLearning,0,1226,-15.000000000000004,17
DoubleQLearning,0,1227,-15.000000000000004,17
DoubleQLearning,0,1228,-17.0,19
DoubleQLearning,0,1229,-18.999999999999996,21
DoubleQLearning,0,1230,-16.000000000000004,18
DoubleQLearning,0,1231,-16.000000000000004,18
DoubleQLearning,0,1232,-16.000000000000004,18
DoubleQLearning,0,1233,-17.000000000000004,19
DoubleQLearning,0,1234,-19.0,21
DoubleQLearning,0,1235,-17.000000000000004,19
DoubleQLearning,0,1236,-15.000000000000004,17
DoubleQLearning,0,1237,-20.0,22
DoubleQLearning,0,1238,-17.0,19
DoubleQLearning,0,1239,-15.000000000000004,17
DoubleQLearning,0,1240,-20.0,22
DoubleQLearning,0,1241,-15.000000000000004,17
DoubleQLearning,0,1242,-16.000000000000004,18
DoubleQLearning,0,1243,-15.000000000000004,17
DoubleQLearning,0,1244,-15.000000000000004,17
DoubleQLearning,0,1245,-17.0,19
DoubleQLearning,0,1246,-17.000000000000004,19
DoubleQLearning,0,1247,-18.0,20
DoubleQLearning,0,1248,-16.000000000000004,18
DoubleQLearning,0,1249,-15.000000000000004,17
DoubleQLearning,0,1250,-18.0,20
DoubleQLearning,0,1251,-15.000000000000004,17
DoubleQLearning,0,1252,-15.000000000000004,17
DoubleQLearning,0,1253,-17.000000000000004,19
DoubleQLearning,0,1254,-22.999999999999993,25
DoubleQLearning,0,1255,-15.000000000000004,17
DoubleQLearning,0,1256,-15.000000000000004,17
DoubleQLearning,0,1257,-19.0,21
DoubleQLearning,0,1258,-15.000000000000004,17
DoubleQLearning,0,1259,-100.0,1
DoubleQLearning,0,1260,-17.000000000000004,19
DoubleQLearning,0,1261,-17.0,19
DoubleQLearning,0,1262,-17.000000000000004,19
DoubleQLearning,0,1263,-17.000000000000004,19
DoubleQLearning,0,1264,-24.999999999999993,27
DoubleQLearning,0,1265,-17.0,19
DoubleQLearning,0,1266,-19.0,21
DoubleQLearning,0,1267,-17.000000000000004,19
DoubleQLearning,0,1268,-15.000000000000004,17
DoubleQLearning,0,1269,-21.0,23
DoubleQLearning,0,1270,-19.0,21
DoubleQLearning,0,1271,-19.0,21
DoubleQLearning,0,1272,-16.000000000000004,18
DoubleQLearning,0,1273,-17.000000000000004,19
DoubleQLearning,0,1274,-17.000000000000004,19
DoubleQLearning,0,1275,-19.999999999999996,22
DoubleQLearning,0,1276,-20.0,22
DoubleQLearning,0,1277,-16.000000000000004,18
DoubleQLearning,0,1278,-18.0,20
DoubleQLearning,0,1279,-16.000000000000004,18
DoubleQLearning,0,1280,-21.999999999999996,24
DoubleQLearning,0,1281,-21.0,23
DoubleQLearning,0,1282,-20.0,22
DoubleQLearning,0,1283,-16.000000000000004,18
DoubleQLearning,0,1284,-15.000000000000004,17
DoubleQLearning,0,1285,-15.000000000000004,17
DoubleQLearning,0,1286,-16.000000000000004,18
DoubleQLearning,0,1287,-16.000000000000004,18
DoubleQLearning,0,1288,-100.0,1
DoubleQLearning,0,1289,-17.000000000000004,19
DoubleQLearning,0,1290,-15.000000000000004,17
DoubleQLearning,0,1291,-18.0,20
DoubleQLearning,0,1292,-100.0,1
DoubleQLearning,0,1293,-21.0,23
DoubleQLearning,0,1294,-15.000000000000004,17
DoubleQLearning,0,1295,-18.0,20
DoubleQLearning,0,1296,-18.999999999999996,21
DoubleQLearning,0,1297,-17.0,19
DoubleQLearning,0,1298,-20.0,22
DoubleQLearning,0,1299,-19.0,21
DoubleQLearning,0,1300,-21.0,23
DoubleQLearning,0,1301,-15.000000000000004,17
DoubleQLearning,0,1302,-16.000000000000004,18
DoubleQLearning,0,1303,-18.0,20
DoubleQLearning,0,1304,-16.000000000000004,18
DoubleQLearning,0,1305,-18.0,20
DoubleQLearning,0,1306,-16.000000000000004,18
DoubleQLearning,0,1307,-18.0,20
DoubleQLearning,0,1308,-19.999999999999996,22
DoubleQLearning,0,1309,-20.0,22
DoubleQLearning,0,1310,-15.000000000000004,17
DoubleQLearning,0,1311,-17.000000000000004,19
DoubleQLearning,0,1312,-15.000000000000004,17
DoubleQLearning,0,1313,-17.0,19
DoubleQLearning,0,1314,-15.000000000000004,17
DoubleQLearning,0,1315,-16.000000000000004,18
DoubleQLearning,0,1316,-16.000000000000004,18
DoubleQLearning,0,1317,-15.000000000000004,17
DoubleQLearning,0,1318,-100.0,1
DoubleQLearning,0,1319,-100.0,1
DoubleQLearning,0,1320,-16.000000000000004,18
DoubleQLearning,0,1321,-17.0,19
DoubleQLearning,0,1322,-15.000000000000004,17
DoubleQLearning,0,1323,-100.0,1
DoubleQLearning,0,1324,-15.000000000000004,17
DoubleQLearning,0,1325,-15.000000000000004,17
DoubleQLearning,0,1326,-15.000000000000004,17
DoubleQLearning,0,1327,-15.000000000000004,17
DoubleQLearning,0,1328,-15.000000000000004,17
DoubleQLearning,0,1329,-18.0,20
DoubleQLearning,0,1330,-16.000000000000004,18
DoubleQLearning,0,1331,-15.000000000000004,17
DoubleQLearning,0,1332,-15.000000000000004,17
DoubleQLearning,0,1333,-15.000000000000004,17
DoubleQLearning,0,1334,-15.000000000000004,17
DoubleQLearning,0,1335,-16.000000000000004,18
DoubleQLearning,0,1336,-17.000000000000004,19
DoubleQLearning,0,1337,-17.0,19
DoubleQLearning,0,1338,-17.000000000000004,19
DoubleQLearning,0,1339,-26.0,28
DoubleQLearning,0,1340,-15.000000000000004,17
DoubleQLearning,0,1341,-21.0,23
DoubleQLearning,0,1342,-16.000000000000004,18
DoubleQLearning,0,1343,-15.000000000000004,17
DoubleQLearning,0,1344,-19.999999999999996,22
DoubleQLearning,0,1345,-19.000000000000004,21
DoubleQLearning,0,1346,-18.0,20
DoubleQLearning,0,1347,-15.000000000000004,17
DoubleQLearning,0,1348,-100.0,1
DoubleQLearning,0,1349,-15.000000000000004,17
DoubleQLearning,0,1350,-17.0,19
DoubleQLearning,0,1351,-17.000000000000004,19
DoubleQLearning,0,1352,-15.000000000000004,17
DoubleQLearning,0,1353,-19.999999999999996,22
DoubleQLearning,0,1354,-18.000000000000004,20
DoubleQLearning,0,1355,-17.000000000000004,19
DoubleQLearning,0,1356,-18.0,20
DoubleQLearning,0,1357,-17.000000000000004,19
DoubleQLearning,0,1358,-16.000000000000004,18
DoubleQLearning,0,1359,-16.000000000000004,18
DoubleQLearning,0,1360,-18.0,20
DoubleQLearning,0,1361,-18.000000000000004,20
DoubleQLearning,0,1362,-18.0,20
DoubleQLearning,0,1363,-16.000000000000004,18
DoubleQLearning,0,1364,-17.000000000000004,19
DoubleQLearning,0,1365,-17.0,19
DoubleQLearning,0,1366,-16.000000000000004,18
DoubleQLearning,0,1367,-16.000000000000004,18
DoubleQLearning,0,1368,-15.000000000000004,17
DoubleQLearning,0,1369,-15.000000000000004,17
DoubleQLearning,0,1370,-17.000000000000004,19
DoubleQLearning,0,1371,-19.0,21
DoubleQLearning,0,1372,-17.0,19
DoubleQLearning,0,1373,-15.000000000000004,17
DoubleQLearning,0,1374,-19.0,21
DoubleQLearning,0,1375,-17.0,19
DoubleQLearning,0,1376,-19.0,21
DoubleQLearning,0,1377,-20.0,22
DoubleQLearning,0,1378,-15.000000000000004,17
DoubleQLearning,0,1379,-15.000000000000004,17
DoubleQLearning,0,1380,-17.0,19
DoubleQLearning,0,1381,-19.999999999999996,22
DoubleQLearning,0,1382,-19.000000000000004,21
DoubleQLearning,0,1383,-16.000000000000004,18
DoubleQLearning,0,1384,-16.000000000000004,18
DoubleQLearning,0,1385,-15.000000000000004,17
DoubleQLearning,0,1386,-17.000000000000004,19
DoubleQLearning,0,1387,-19.0,21
DoubleQLearning,0,1388,-19.0,21
DoubleQLearning,0,1389,-18.000000000000004,20
DoubleQLearning,0,1390,-16.000000000000004,18
DoubleQLearning,0,1391,-17.0,19
DoubleQLearning,0,1392,-15.000000000000004,17
DoubleQLearning,0,1393,-17.0,19
DoubleQLearning,0,1394,-15.000000000000004,17
DoubleQLearning,0,1395,-19.0,21
DoubleQLearning,0,1396,-18.0,20
DoubleQLearning,0,1397,-15.000000000000004,17
DoubleQLearning,0,1398,-17.0,19
DoubleQLearning,0,1399,-15.000000000000004,17
DoubleQLearning,0,1400,-18.0,20
DoubleQLearning,0,1401,-20.999999999999996,23
DoubleQLearning,0,1402,-18.0,20
DoubleQLearning,0,1403,-15.000000000000004,17
DoubleQLearning,0,1404,-19.0,21
DoubleQLearning,0,1405,-25.0,27
DoubleQLearning,0,1406,-15.000000000000004,17
DoubleQLearning,0,1407,-19.0,21
DoubleQLearning,0,1408,-16.000000000000004,18
DoubleQLearning,0,1409,-18.000000000000004,20
DoubleQLearning,0,1410,-19.0,21
DoubleQLearning,0,1411,-15.000000000000004,17
DoubleQLearning,0,1412,-15.000000000000004,17
DoubleQLearning,0,1413,-15.000000000000004,17
DoubleQLearning,0,1414,-18.999999999999996,21
DoubleQLearning,0,1415,-17.0,19
DoubleQLearning,0,1416,-16.000000000000004,18
DoubleQLearning,0,1417,-17.0,19
DoubleQLearning,0,1418,-17.000000000000004,19
DoubleQLearning,0,1419,-21.0,23
DoubleQLearning,0,1420,-19.000000000000004,21
DoubleQLearning,0,1421,-17.0,19
DoubleQLearning,0,1422,-15.000000000000004,17
DoubleQLearning,0,1423,-17.000000000000004,19
DoubleQLearning,0,1424,-17.000000000000004,19
DoubleQLearning,0,1425,-19.999999999999996,22
DoubleQLearning,0,1426,-16.000000000000004,18
DoubleQLearning,0,1427,-15.000000000000004,17
DoubleQLearning,0,1428,-15.000000000000004,17
DoubleQLearning,0,1429,-18.999999999999996,21
DoubleQLearning,0,1430,-16.000000000000004,18
DoubleQLearning,0,1431,-17.0,19
DoubleQLearning,0,1432,-18.000000000000004,20
DoubleQLearning,0,1433,-15.000000000000004,17
DoubleQLearning,0,1434,-15.000000000000004,17
DoubleQLearning,0,1435,-18.0,20
DoubleQLearning,0,1436,-18.0,20
DoubleQLearning,0,1437,-19.0,21
DoubleQLearning,0,1438,-18.0,20
DoubleQLearning,0,1439,-19.0,21
DoubleQLearning,0,1440,-15.000000000000004,17
DoubleQLearning,0,1441,-20.0,22
DoubleQLearning,0,1442,-17.000000000000004,19
DoubleQLearning,0,1443,-15.000000000000004,17
DoubleQLearning,0,1444,-24.0,26
DoubleQLearning,0,1445,-15.000000000000004,17
DoubleQLearning,0,1446,-19.0,21
DoubleQLearning,0,1447,-16.000000000000004,18
DoubleQLearning,0,1448,-16.000000000000004,18
DoubleQLearning,0,1449,-17.000000000000004,19
DoubleQLearning,0,1450,-16.000000000000004,18
DoubleQLearning,0,1451,-15.000000000000004,17
DoubleQLearning,0,1452,-20.0,22
DoubleQLearning,0,1453,-17.0,19
DoubleQLearning,0,1454,-15.000000000000004,17
DoubleQLearning,0,1455,-19.0,21
DoubleQLearning,0,1456,-17.000000000000004,19
DoubleQLearning,0,1457,-17.000000000000004,19
DoubleQLearning,0,1458,-19.0,21
DoubleQLearning,0,1459,-18.0,20
DoubleQLearning,0,1460,-20.999999999999996,23
DoubleQLearning,0,1461,-15.000000000000004,17
DoubleQLearning,0,1462,-15.000000000000004,17
DoubleQLearning,0,1463,-15.000000000000004,17
DoubleQLearning,0,1464,-15.000000000000004,17
DoubleQLearning,0,1465,-15.000000000000004,17
DoubleQLearning,0,1466,-17.0,19
DoubleQLearning,0,1467,-15.000000000000004,17
DoubleQLearning,0,1468,-18.000000000000004,20
DoubleQLearning,0,1469,-15.000000000000004,17
DoubleQLearning,0,1470,-16.000000000000004,18
DoubleQLearning,0,1471,-19.0,21
DoubleQLearning,0,1472,-19.999999999999996,22
DoubleQLearning,0,1473,-15.000000000000004,17
DoubleQLearning,0,1474,-15.000000000000004,17
DoubleQLearning,0,1475,-18.0,20
DoubleQLearning,0,1476,-15.000000000000004,17
DoubleQLearning,0,1477,-15.000000000000004,17
DoubleQLearning,0,1478,-100.0,1
DoubleQLearning,0,1479,-17.000000000000004,19
DoubleQLearning,0,1480,-19.0,21
DoubleQLearning,0,1481,-17.0,19
DoubleQLearning,0,1482,-19.0,21
DoubleQLearning,0,1483,-20.0,22
DoubleQLearning,0,1484,-18.0,20
DoubleQLearning,0,1485,-17.000000000000004,19
DoubleQLearning,0,1486,-16.000000000000004,18
DoubleQLearning,0,1487,-18.999999999999996,21
DoubleQLearning,0,1488,-17.0,19
DoubleQLearning,0,1489,-15.000000000000004,17
DoubleQLearning,0,1490,-17.000000000000004,19
DoubleQLearning,0,1491,-15.000000000000004,17
DoubleQLearning,0,1492,-16.000000000000004,18
DoubleQLearning,0,1493,-15.000000000000004,17
DoubleQLearning,0,1494,-15.000000000000004,17
DoubleQLearning,0,1495,-17.000000000000004,19
DoubleQLearning,0,1496,-17.0,19
DoubleQLearning,0,1497,-23.0,25
DoubleQLearning,0,1498,-17.0,19
DoubleQLearning,0,1499,-16.000000000000004,18
DoubleQLearning,0,1500,-17.000000000000004,19
DoubleQLearning,0,1501,-17.000000000000004,19
DoubleQLearning,0,1502,-16.000000000000004,18
DoubleQLearning,0,1503,-15.000000000000004,17
DoubleQLearning,0,1504,-16.000000000000004,18
DoubleQLearning,0,1505,-15.000000000000004,17
DoubleQLearning,0,1506,-15.000000000000004,17
DoubleQLearning,0,1507,-16.000000000000004,18
DoubleQLearning,0,1508,-20.0,22
DoubleQLearning,0,1509,-17.0,19
DoubleQLearning,0,1510,-24.000000000000004,26
DoubleQLearning,0,1511,-19.999999999999996,22
DoubleQLearning,0,1512,-19.999999999999996,22
DoubleQLearning,0,1513,-15.000000000000004,17
DoubleQLearning,0,1514,-15.000000000000004,17
DoubleQLearning,0,1515,-17.0,19
DoubleQLearning,0,1516,-17.0,19
DoubleQLearning,0,1517,-18.0,20
DoubleQLearning,0,1518,-17.000000000000004,19
DoubleQLearning,0,1519,-15.000000000000004,17
DoubleQLearning,0,1520,-15.000000000000004,17
DoubleQLearning,0,1521,-18.0,20
DoubleQLearning,0,1522,-16.000000000000004,18
DoubleQLearning,0,1523,-16.000000000000004,18
DoubleQLearning,0,1524,-17.0,19
DoubleQLearning,0,1525,-15.000000000000004,17
DoubleQLearning,0,1526,-17.0,19
DoubleQLearning,0,1527,-18.999999999999996,21
DoubleQLearning,0,1528,-19.000000000000004,21
DoubleQLearning,0,1529,-17.000000000000004,19
DoubleQLearning,0,1530,-22.0,24
DoubleQLearning,0,1531,-100.0,1
DoubleQLearning,0,1532,-17.0,19
DoubleQLearning,0,1533,-15.000000000000004,17
DoubleQLearning,0,1534,-17.000000000000004,19
DoubleQLearning,0,1535,-15.000000000000004,17
DoubleQLearning,0,1536,-15.000000000000004,17
DoubleQLearning,0,1537,-19.999999999999996,22
DoubleQLearning,0,1538,-21.999999999999996,24
DoubleQLearning,0,1539,-18.0,20
DoubleQLearning,0,1540,-17.000000000000004,19
DoubleQLearning,0,1541,-22.999999999999996,25
DoubleQLearning,0,1542,-18.0,20
DoubleQLearning,0,1543,-17.000000000000004,19
DoubleQLearning,0,1544,-15.000000000000004,17
DoubleQLearning,0,1545,-15.000000000000004,17
DoubleQLearning,0,1546,-17.0,19
DoubleQLearning,0,1547,-16.000000000000004,18
DoubleQLearning,0,1548,-15.000000000000004,17
DoubleQLearning,0,1549,-18.0,20
DoubleQLearning,0,1550,-19.0,21
DoubleQLearning,0,1551,-18.0,20
DoubleQLearning,0,1552,-17.000000000000004,19
DoubleQLearning,0,1553,-17.000000000000004,19
DoubleQLearning,0,1554,-23.0,25
DoubleQLearning,0,1555,-15.000000000000004,17
DoubleQLearning,0,1556,-18.0,20
DoubleQLearning,0,1557,-15.000000000000004,17
DoubleQLearning,0,1558,-15.000000000000004,17
DoubleQLearning,0,1559,-17.000000000000004,19
DoubleQLearning,0,1560,-17.000000000000004,19
DoubleQLearning,0,1561,-17.000000000000004,19
DoubleQLearning,0,1562,-18.0,20
DoubleQLearning,0,1563,-15.000000000000004,17
DoubleQLearning,0,1564,-17.0,19
DoubleQLearning,0,1565,-19.0,21
DoubleQLearning,0,1566,-18.0,20
DoubleQLearning,0,1567,-16.000000000000004,18
DoubleQLearning,0,1568,-19.0,21
DoubleQLearning,0,1569,-17.000000000000004,19
DoubleQLearning,0,1570,-17.000000000000004,19
DoubleQLearning,0,1571,-16.000000000000004,18
DoubleQLearning,0,1572,-19.0,21
DoubleQLearning,0,1573,-16.000000000000004,18
DoubleQLearning,0,1574,-16.000000000000004,18
DoubleQLearning,0,1575,-17.000000000000004,19
DoubleQLearning,0,1576,-19.0,21
DoubleQLearning,0,1577,-15.000000000000004,17
DoubleQLearning,0,1578,-15.000000000000004,17
DoubleQLearning,0,1579,-17.000000000000004,19
DoubleQLearning,0,1580,-23.99999999999999,26
DoubleQLearning,0,1581,-16.000000000000004,18
DoubleQLearning,0,1582,-18.0,20
DoubleQLearning,0,1583,-20.000000000000004,22
DoubleQLearning,0,1584,-17.000000000000004,19
DoubleQLearning,0,1585,-21.0,23
DoubleQLearning,0,1586,-18.0,20
DoubleQLearning,0,1587,-18.0,20
DoubleQLearning,0,1588,-17.0,19
DoubleQLearning,0,1589,-16.000000000000004,18
DoubleQLearning,0,1590,-15.000000000000004,17
DoubleQLearning,0,1591,-15.000000000000004,17
DoubleQLearning,0,1592,-17.000000000000004,19
DoubleQLearning,0,1593,-20.0,22
DoubleQLearning,0,1594,-18.999999999999996,21
DoubleQLearning,0,1595,-17.000000000000004,19
DoubleQLearning,0,1596,-18.0,20
DoubleQLearning,0,1597,-17.0,19
DoubleQLearning,0,1598,-100.0,1
DoubleQLearning,0,1599,-15.000000000000004,17
DoubleQLearning,0,1600,-18.000000000000004,20
DoubleQLearning,0,1601,-15.000000000000004,17
DoubleQLearning,0,1602,-102.0,3
DoubleQLearning,0,1603,-16.000000000000004,18
DoubleQLearning,0,1604,-18.0,20
DoubleQLearning,0,1605,-15.000000000000004,17
DoubleQLearning,0,1606,-16.000000000000004,18
DoubleQLearning,0,1607,-17.000000000000004,19
DoubleQLearning,0,1608,-19.0,21
DoubleQLearning,0,1609,-15.000000000000004,17
DoubleQLearning,0,1610,-18.000000000000004,20
DoubleQLearning,0,1611,-17.0,19
DoubleQLearning,0,1612,-20.999999999999996,23
DoubleQLearning,0,1613,-17.000000000000004,19
DoubleQLearning,0,1614,-17.0,19
DoubleQLearning,0,1615,-18.0,20
DoubleQLearning,0,1616,-17.0,19
DoubleQLearning,0,1617,-15.000000000000004,17
DoubleQLearning,0,1618,-15.000000000000004,17
DoubleQLearning,0,1619,-15.000000000000004,17
DoubleQLearning,0,1620,-17.0,19
DoubleQLearning,0,1621,-15.000000000000004,17
DoubleQLearning,0,1622,-18.0,20
DoubleQLearning,0,1623,-17.000000000000004,19
DoubleQLearning,0,1624,-16.000000000000004,18
DoubleQLearning,0,1625,-20.0,22
DoubleQLearning,0,1626,-17.0,19
DoubleQLearning,0,1627,-15.000000000000004,17
DoubleQLearning,0,1628,-18.0,20
DoubleQLearning,0,1629,-18.999999999999996,21
DoubleQLearning,0,1630,-15.000000000000004,17
DoubleQLearning,0,1631,-16.000000000000004,18
DoubleQLearning,0,1632,-16.000000000000004,18
DoubleQLearning,0,1633,-15.000000000000004,17
DoubleQLearning,0,1634,-17.0,19
DoubleQLearning,0,1635,-15.000000000000004,17
DoubleQLearning,0,1636,-16.000000000000004,18
DoubleQLearning,0,1637,-16.000000000000004,18
DoubleQLearning,0,1638,-16.000000000000004,18
DoubleQLearning,0,1639,-17.000000000000004,19
DoubleQLearning,0,1640,-17.0,19
DoubleQLearning,0,1641,-17.000000000000004,19
DoubleQLearning,0,1642,-15.000000000000004,17
DoubleQLearning,0,1643,-15.000000000000004,17
DoubleQLearning,0,1644,-17.0,19
DoubleQLearning,0,1645,-18.0,20
DoubleQLearning,0,1646,-16.000000000000004,18
DoubleQLearning,0,1647,-16.000000000000004,18
DoubleQLearning,0,1648,-17.000000000000004,19
DoubleQLearning,0,1649,-17.0,19
DoubleQLearning,0,1650,-15.000000000000004,17
DoubleQLearning,0,1651,-22.0,24
DoubleQLearning,0,1652,-17.000000000000004,19
DoubleQLearning,0,1653,-15.000000000000004,17
DoubleQLearning,0,1654,-21.999999999999996,24
DoubleQLearning,0,1655,-15.000000000000004,17
DoubleQLearning,0,1656,-18.0,20
DoubleQLearning,0,1657,-19.0,21
DoubleQLearning,0,1658,-17.000000000000004,19
DoubleQLearning,0,1659,-18.0,20
DoubleQLearning,0,1660,-18.999999999999996,21
DoubleQLearning,0,1661,-18.000000000000004,20
DoubleQLearning,0,1662,-18.0,20
DoubleQLearning,0,1663,-18.999999999999996,21
DoubleQLearning,0,1664,-15.000000000000004,17
DoubleQLearning,0,1665,-16.000000000000004,18
DoubleQLearning,0,1666,-16.000000000000004,18
DoubleQLearning,0,1667,-17.0,19
DoubleQLearning,0,1668,-15.000000000000004,17
DoubleQLearning,0,1669,-15.000000000000004,17
DoubleQLearning,0,1670,-17.0,19
DoubleQLearning,0,1671,-18.999999999999996,21
DoubleQLearning,0,1672,-15.000000000000004,17
DoubleQLearning,0,1673,-16.000000000000004,18
DoubleQLearning,0,1674,-17.0,19
DoubleQLearning,0,1675,-15.000000000000004,17
DoubleQLearning,0,1676,-15.000000000000004,17
DoubleQLearning,0,1677,-15.000000000000004,17
DoubleQLearning,0,1678,-17.000000000000004,19
DoubleQLearning,0,1679,-15.000000000000004,17
DoubleQLearning,0,1680,-19.0,21
DoubleQLearning,0,1681,-18.000000000000004,20
DoubleQLearning,0,1682,-15.000000000000004,17
DoubleQLearning,0,1683,-17.0,19
DoubleQLearning,0,1684,-17.0,19
DoubleQLearning,0,1685,-21.999999999999993,24
DoubleQLearning,0,1686,-15.000000000000004,17
DoubleQLearning,0,1687,-15.000000000000004,17
DoubleQLearning,0,1688,-18.999999999999996,21
DoubleQLearning,0,1689,-19.0,21
DoubleQLearning,0,1690,-18.0,20
DoubleQLearning,0,1691,-15.000000000000004,17
DoubleQLearning,0,1692,-17.000000000000004,19
DoubleQLearning,0,1693,-17.0,19
DoubleQLearning,0,1694,-21.999999999999996,24
DoubleQLearning,0,1695,-17.0,19
DoubleQLearning,0,1696,-20.0,22
DoubleQLearning,0,1697,-18.0,20
DoubleQLearning,0,1698,-16.000000000000004,18
DoubleQLearning,0,1699,-20.999999999999996,23
DoubleQLearning,0,1700,-17.000000000000004,19
DoubleQLearning,0,1701,-20.0,22
DoubleQLearning,0,1702,-17.000000000000004,19
DoubleQLearning,0,1703,-16.000000000000004,18
DoubleQLearning,0,1704,-19.0,21
DoubleQLearning,0,1705,-17.000000000000004,19
DoubleQLearning,0,1706,-18.0,20
DoubleQLearning,0,1707,-16.000000000000004,18
DoubleQLearning,0,1708,-18.0,20
DoubleQLearning,0,1709,-18.0,20
DoubleQLearning,0,1710,-17.000000000000004,19
DoubleQLearning,0,1711,-20.000000000000004,22
DoubleQLearning,0,1712,-17.0,19
DoubleQLearning,0,1713,-16.000000000000004,18
DoubleQLearning,0,1714,-20.0,22
DoubleQLearning,0,1715,-15.000000000000004,17
DoubleQLearning,0,1716,-17.0,19
DoubleQLearning,0,1717,-18.0,20
DoubleQLearning,0,1718,-15.000000000000004,17
DoubleQLearning,0,1719,-15.000000000000004,17
DoubleQLearning,0,1720,-15.000000000000004,17
DoubleQLearning,0,1721,-18.0,20
DoubleQLearning,0,1722,-17.0,19
DoubleQLearning,0,1723,-18.000000000000004,20
DoubleQLearning,0,1724,-18.0,20
DoubleQLearning,0,1725,-20.0,22
DoubleQLearning,0,1726,-22.999999999999996,25
DoubleQLearning,0,1727,-17.000000000000004,19
DoubleQLearning,0,1728,-15.000000000000004,17
DoubleQLearning,0,1729,-18.000000000000004,20
DoubleQLearning,0,1730,-17.0,19
DoubleQLearning,0,1731,-16.000000000000004,18
DoubleQLearning,0,1732,-16.000000000000004,18
DoubleQLearning,0,1733,-17.0,19
DoubleQLearning,0,1734,-15.000000000000004,17
DoubleQLearning,0,1735,-16.000000000000004,18
DoubleQLearning,0,1736,-15.000000000000004,17
DoubleQLearning,0,1737,-26.999999999999993,29
DoubleQLearning,0,1738,-20.999999999999996,23
DoubleQLearning,0,1739,-22.999999999999993,25
DoubleQLearning,0,1740,-18.0,20
DoubleQLearning,0,1741,-100.0,1
DoubleQLearning,0,1742,-15.000000000000004,17
DoubleQLearning,0,1743,-19.999999999999996,22
DoubleQLearning,0,1744,-18.0,20
DoubleQLearning,0,1745,-15.000000000000004,17
DoubleQLearning,0,1746,-15.000000000000004,17
DoubleQLearning,0,1747,-102.0,3
DoubleQLearning,0,1748,-15.000000000000004,17
DoubleQLearning,0,1749,-16.000000000000004,18
DoubleQLearning,0,1750,-17.0,19
DoubleQLearning,0,1751,-18.0,20
DoubleQLearning,0,1752,-17.0,19
DoubleQLearning,0,1753,-15.000000000000004,17
DoubleQLearning,0,1754,-17.000000000000004,19
DoubleQLearning,0,1755,-17.0,19
DoubleQLearning,0,1756,-15.000000000000004,17
DoubleQLearning,0,1757,-15.000000000000004,17
DoubleQLearning,0,1758,-18.0,20
DoubleQLearning,0,1759,-15.000000000000004,17
DoubleQLearning,0,1760,-20.0,22
DoubleQLearning,0,1761,-17.0,19
DoubleQLearning,0,1762,-15.000000000000004,17
DoubleQLearning,0,1763,-18.0,20
DoubleQLearning,0,1764,-15.000000000000004,17
DoubleQLearning,0,1765,-17.0,19
DoubleQLearning,0,1766,-17.0,19
DoubleQLearning,0,1767,-15.000000000000004,17
DoubleQLearning,0,1768,-16.000000000000004,18
DoubleQLearning,0,1769,-15.000000000000004,17
DoubleQLearning,0,1770,-18.0,20
DoubleQLearning,0,1771,-18.0,20
DoubleQLearning,0,1772,-17.0,19
DoubleQLearning,0,1773,-19.0,21
DoubleQLearning,0,1774,-100.0,1
DoubleQLearning,0,1775,-21.999999999999996,24
DoubleQLearning,0,1776,-21.999999999999996,24
DoubleQLearning,0,1777,-15.000000000000004,17
DoubleQLearning,0,1778,-15.000000000000004,17
DoubleQLearning,0,1779,-19.0,21
DoubleQLearning,0,1780,-16.000000000000004,18
DoubleQLearning,0,1781,-15.000000000000004,17
DoubleQLearning,0,1782,-116.10000000000001,18
DoubleQLearning,0,1783,-15.000000000000004,17
DoubleQLearning,0,1784,-15.000000000000004,17
DoubleQLearning,0,1785,-18.0,20
DoubleQLearning,0,1786,-16.000000000000004,18
DoubleQLearning,0,1787,-17.000000000000004,19
DoubleQLearning,0,1788,-17.000000000000004,19
DoubleQLearning,0,1789,-22.0,24
DoubleQLearning,0,1790,-15.000000000000004,17
DoubleQLearning,0,1791,-17.0,19
DoubleQLearning,0,1792,-20.999999999999996,23
DoubleQLearning,0,1793,-16.000000000000004,18
DoubleQLearning,0,1794,-18.0,20
DoubleQLearning,0,1795,-17.000000000000004,19
DoubleQLearning,0,1796,-17.0,19
DoubleQLearning,0,1797,-19.0,21
DoubleQLearning,0,1798,-17.0,19
DoubleQLearning,0,1799,-16.000000000000004,18
DoubleQLearning,0,1800,-21.0,23
DoubleQLearning,0,1801,-16.000000000000004,18
DoubleQLearning,0,1802,-15.000000000000004,17
DoubleQLearning,0,1803,-15.000000000000004,17
DoubleQLearning,0,1804,-20.0,22
DoubleQLearning,0,1805,-17.000000000000004,19
DoubleQLearning,0,1806,-16.000000000000004,18
DoubleQLearning,0,1807,-18.999999999999996,21
DoubleQLearning,0,1808,-18.0,20
DoubleQLearning,0,1809,-15.000000000000004,17
DoubleQLearning,0,1810,-15.000000000000004,17
DoubleQLearning,0,1811,-18.0,20
DoubleQLearning,0,1812,-18.0,20
DoubleQLearning,0,1813,-15.000000000000004,17
DoubleQLearning,0,1814,-15.000000000000004,17
DoubleQLearning,0,1815,-19.0,21
DoubleQLearning,0,1816,-17.000000000000004,19
DoubleQLearning,0,1817,-15.000000000000004,17
DoubleQLearning,0,1818,-17.0,19
DoubleQLearning,0,1819,-20.0,22
DoubleQLearning,0,1820,-16.000000000000004,18
DoubleQLearning,0,1821,-15.000000000000004,17
DoubleQLearning,0,1822,-20.999999999999996,23
DoubleQLearning,0,1823,-18.0,20
DoubleQLearning,0,1824,-16.000000000000004,18
DoubleQLearning,0,1825,-17.0,19
DoubleQLearning,0,1826,-17.000000000000004,19
DoubleQLearning,0,1827,-16.000000000000004,18
DoubleQLearning,0,1828,-19.0,21
DoubleQLearning,0,1829,-19.000000000000004,21
DoubleQLearning,0,1830,-19.0,21
DoubleQLearning,0,1831,-20.999999999999996,23
DoubleQLearning,0,1832,-18.000000000000004,20
DoubleQLearning,0,1833,-15.000000000000004,17
DoubleQLearning,0,1834,-16.000000000000004,18
DoubleQLearning,0,1835,-16.000000000000004,18
DoubleQLearning,0,1836,-17.000000000000004,19
DoubleQLearning,0,1837,-15.000000000000004,17
DoubleQLearning,0,1838,-17.000000000000004,19
DoubleQLearning,0,1839,-25.0,27
DoubleQLearning,0,1840,-17.000000000000004,19
DoubleQLearning,0,1841,-17.0,19
DoubleQLearning,0,1842,-17.000000000000004,19
DoubleQLearning,0,1843,-20.0,22
DoubleQLearning,0,1844,-15.000000000000004,17
DoubleQLearning,0,1845,-15.000000000000004,17
DoubleQLearning,0,1846,-17.000000000000004,19
DoubleQLearning,0,1847,-15.000000000000004,17
DoubleQLearning,0,1848,-20.0,22
DoubleQLearning,0,1849,-19.0,21
DoubleQLearning,0,1850,-15.000000000000004,17
DoubleQLearning,0,1851,-17.000000000000004,19
DoubleQLearning,0,1852,-15.000000000000004,17
DoubleQLearning,0,1853,-19.000000000000004,21
DoubleQLearning,0,1854,-17.0,19
DoubleQLearning,0,1855,-15.000000000000004,17
DoubleQLearning,0,1856,-19.0,21
DoubleQLearning,0,1857,-19.0,21
DoubleQLearning,0,1858,-16.000000000000004,18
DoubleQLearning,0,1859,-19.0,21
DoubleQLearning,0,1860,-15.000000000000004,17
DoubleQLearning,0,1861,-17.0,19
DoubleQLearning,0,1862,-15.000000000000004,17
DoubleQLearning,0,1863,-15.000000000000004,17
DoubleQLearning,0,1864,-16.000000000000004,18
DoubleQLearning,0,1865,-15.000000000000004,17
DoubleQLearning,0,1866,-18.0,20
DoubleQLearning,0,1867,-18.000000000000004,20
DoubleQLearning,0,1868,-17.0,19
DoubleQLearning,0,1869,-16.000000000000004,18
DoubleQLearning,0,1870,-19.0,21
DoubleQLearning,0,1871,-18.0,20
DoubleQLearning,0,1872,-19.999999999999996,22
DoubleQLearning,0,1873,-17.0,19
DoubleQLearning,0,1874,-22.0,24
DoubleQLearning,0,1875,-16.000000000000004,18
DoubleQLearning,0,1876,-18.000000000000004,20
DoubleQLearning,0,1877,-15.000000000000004,17
DoubleQLearning,0,1878,-15.000000000000004,17
DoubleQLearning,0,1879,-15.000000000000004,17
DoubleQLearning,0,1880,-18.0,20
DoubleQLearning,0,1881,-100.0,1
DoubleQLearning,0,1882,-15.000000000000004,17
DoubleQLearning,0,1883,-15.000000000000004,17
DoubleQLearning,0,1884,-18.0,20
DoubleQLearning,0,1885,-19.000000000000004,21
DoubleQLearning,0,1886,-20.0,22
DoubleQLearning,0,1887,-16.000000000000004,18
DoubleQLearning,0,1888,-18.0,20
DoubleQLearning,0,1889,-15.000000000000004,17
DoubleQLearning,0,1890,-15.000000000000004,17
DoubleQLearning,0,1891,-18.0,20
DoubleQLearning,0,1892,-100.0,1
DoubleQLearning,0,1893,-17.0,19
DoubleQLearning,0,1894,-15.000000000000004,17
DoubleQLearning,0,1895,-17.0,19
DoubleQLearning,0,1896,-15.000000000000004,17
DoubleQLearning,0,1897,-19.999999999999996,22
DoubleQLearning,0,1898,-17.0,19
DoubleQLearning,0,1899,-17.0,19
DoubleQLearning,0,1900,-18.0,20
DoubleQLearning,0,1901,-17.0,19
DoubleQLearning,0,1902,-17.0,19
DoubleQLearning,0,1903,-20.0,22
DoubleQLearning,0,1904,-100.0,1
DoubleQLearning,0,1905,-15.000000000000004,17
DoubleQLearning,0,1906,-17.0,19
DoubleQLearning,0,1907,-15.000000000000004,17
DoubleQLearning,0,1908,-15.000000000000004,17
DoubleQLearning,0,1909,-15.000000000000004,17
DoubleQLearning,0,1910,-15.000000000000004,17
DoubleQLearning,0,1911,-18.0,20
DoubleQLearning,0,1912,-16.000000000000004,18
DoubleQLearning,0,1913,-18.999999999999996,21
DoubleQLearning,0,1914,-18.0,20
DoubleQLearning,0,1915,-17.0,19
DoubleQLearning,0,1916,-18.0,20
DoubleQLearning,0,1917,-15.000000000000004,17
DoubleQLearning,0,1918,-15.000000000000004,17
DoubleQLearning,0,1919,-19.0,21
DoubleQLearning,0,1920,-15.000000000000004,17
DoubleQLearning,0,1921,-15.000000000000004,17
DoubleQLearning,0,1922,-19.000000000000004,21
DoubleQLearning,0,1923,-17.000000000000004,19
DoubleQLearning,0,1924,-20.999999999999996,23
DoubleQLearning,0,1925,-15.000000000000004,17
DoubleQLearning,0,1926,-15.000000000000004,17
DoubleQLearning,0,1927,-16.000000000000004,18
DoubleQLearning,0,1928,-16.000000000000004,18
DoubleQLearning,0,1929,-18.0,20
DoubleQLearning,0,1930,-17.0,19
DoubleQLearning,0,1931,-19.999999999999996,22
DoubleQLearning,0,1932,-17.000000000000004,19
DoubleQLearning,0,1933,-18.999999999999996,21
DoubleQLearning,0,1934,-15.000000000000004,17
DoubleQLearning,0,1935,-21.999999999999996,24
DoubleQLearning,0,1936,-15.000000000000004,17
DoubleQLearning,0,1937,-19.000000000000004,21
DoubleQLearning,0,1938,-15.000000000000004,17
DoubleQLearning,0,1939,-22.999999999999993,25
DoubleQLearning,0,1940,-22.999999999999993,25
DoubleQLearning,0,1941,-18.000000000000004,20
DoubleQLearning,0,1942,-15.000000000000004,17
DoubleQLearning,0,1943,-100.0,1
DoubleQLearning,0,1944,-17.0,19
DoubleQLearning,0,1945,-17.0,19
DoubleQLearning,0,1946,-17.000000000000004,19
DoubleQLearning,0,1947,-16.000000000000004,18
DoubleQLearning,0,1948,-15.000000000000004,17
DoubleQLearning,0,1949,-16.000000000000004,18
DoubleQLearning,0,1950,-15.000000000000004,17
DoubleQLearning,0,1951,-16.000000000000004,18
DoubleQLearning,0,1952,-16.000000000000004,18
DoubleQLearning,0,1953,-22.0,24
DoubleQLearning,0,1954,-17.000000000000004,19
DoubleQLearning,0,1955,-17.0,19
DoubleQLearning,0,1956,-20.0,22
DoubleQLearning,0,1957,-21.0,23
DoubleQLearning,0,1958,-17.000000000000004,19
DoubleQLearning,0,1959,-17.000000000000004,19
DoubleQLearning,0,1960,-15.000000000000004,17
DoubleQLearning,0,1961,-25.999999999999993,28
DoubleQLearning,0,1962,-18.0,20
DoubleQLearning,0,1963,-15.000000000000004,17
DoubleQLearning,0,1964,-19.0,21
DoubleQLearning,0,1965,-17.0,19
DoubleQLearning,0,1966,-15.000000000000004,17
DoubleQLearning,0,1967,-17.000000000000004,19
DoubleQLearning,0,1968,-17.000000000000004,19
DoubleQLearning,0,1969,-15.000000000000004,17
DoubleQLearning,0,1970,-17.000000000000004,19
DoubleQLearning,0,1971,-15.000000000000004,17
DoubleQLearning,0,1972,-15.000000000000004,17
DoubleQLearning,0,1973,-15.000000000000004,17
DoubleQLearning,0,1974,-15.000000000000004,17
DoubleQLearning,0,1975,-19.0,21
DoubleQLearning,0,1976,-15.000000000000004,17
DoubleQLearning,0,1977,-19.0,21
DoubleQLearning,0,1978,-17.000000000000004,19
DoubleQLearning,0,1979,-17.000000000000004,19
DoubleQLearning,0,1980,-15.000000000000004,17
DoubleQLearning,0,1981,-15.000000000000004,17
DoubleQLearning,0,1982,-18.999999999999996,21
DoubleQLearning,0,1983,-17.0,19
DoubleQLearning,0,1984,-17.000000000000004,19
DoubleQLearning,0,1985,-17.000000000000004,19
DoubleQLearning,0,1986,-18.0,20
DoubleQLearning,0,1987,-15.000000000000004,17
DoubleQLearning,0,1988,-17.0,19
DoubleQLearning,0,1989,-18.0,20
DoubleQLearning,0,1990,-19.0,21
DoubleQLearning,0,1991,-15.000000000000004,17
DoubleQLearning,0,1992,-15.000000000000004,17
DoubleQLearning,0,1993,-16.000000000000004,18
DoubleQLearning,0,1994,-19.0,21
DoubleQLearning,0,1995,-15.000000000000004,17
DoubleQLearning,0,1996,-19.0,21
DoubleQLearning,0,1997,-16.000000000000004,18
DoubleQLearning,0,1998,-17.0,19
DoubleQLearning,0,1999,-17.0,19
DoubleQLearning,0,2000,-15.000000000000004,17
DoubleQLearning,0,2001,-18.0,20
DoubleQLearning,0,2002,-16.000000000000004,18
DoubleQLearning,0,2003,-22.999999999999996,25
DoubleQLearning,0,2004,-15.000000000000004,17
DoubleQLearning,0,2005,-17.0,19
DoubleQLearning,0,2006,-18.999999999999996,21
DoubleQLearning,0,2007,-21.0,23
DoubleQLearning,0,2008,-15.000000000000004,17
DoubleQLearning,0,2009,-15.000000000000004,17
DoubleQLearning,0,2010,-17.000000000000004,19
DoubleQLearning,0,2011,-15.000000000000004,17
DoubleQLearning,0,2012,-15.000000000000004,17
DoubleQLearning,0,2013,-16.000000000000004,18
DoubleQLearning,0,2014,-18.0,20
DoubleQLearning,0,2015,-17.0,19
DoubleQLearning,0,2016,-15.000000000000004,17
DoubleQLearning,0,2017,-15.000000000000004,17
DoubleQLearning,0,2018,-18.0,20
DoubleQLearning,0,2019,-17.000000000000004,19
DoubleQLearning,0,2020,-19.0,21
DoubleQLearning,0,2021,-20.0,22
DoubleQLearning,0,2022,-19.0,21
DoubleQLearning,0,2023,-16.000000000000004,18
DoubleQLearning,0,2024,-17.0,19
DoubleQLearning,0,2025,-17.0,19
DoubleQLearning,0,2026,-18.000000000000004,20
DoubleQLearning,0,2027,-16.000000000000004,18
DoubleQLearning,0,2028,-18.0,20
DoubleQLearning,0,2029,-100.0,1
DoubleQLearning,0,2030,-19.999999999999996,22
DoubleQLearning,0,2031,-16.000000000000004,18
DoubleQLearning,0,2032,-15.000000000000004,17
DoubleQLearning,0,2033,-19.0,21
DoubleQLearning,0,2034,-16.000000000000004,18
DoubleQLearning,0,2035,-100.0,1
DoubleQLearning,0,2036,-17.000000000000004,19
DoubleQLearning,0,2037,-15.000000000000004,17
DoubleQLearning,0,2038,-15.000000000000004,17
DoubleQLearning,0,2039,-15.000000000000004,17
DoubleQLearning,0,2040,-15.000000000000004,17
DoubleQLearning,0,2041,-15.000000000000004,17
DoubleQLearning,0,2042,-15.000000000000004,17
DoubleQLearning,0,2043,-15.000000000000004,17
DoubleQLearning,0,2044,-16.000000000000004,18
DoubleQLearning,0,2045,-18.999999999999996,21
DoubleQLearning,0,2046,-15.000000000000004,17
DoubleQLearning,0,2047,-15.000000000000004,17
DoubleQLearning,0,2048,-15.000000000000004,17
DoubleQLearning,0,2049,-16.000000000000004,18
DoubleQLearning,0,2050,-15.000000000000004,17
DoubleQLearning,0,2051,-18.0,20
DoubleQLearning,0,2052,-17.000000000000004,19
DoubleQLearning,0,2053,-18.0,20
DoubleQLearning,0,2054,-20.0,22
DoubleQLearning,0,2055,-19.0,21
DoubleQLearning,0,2056,-16.000000000000004,18
DoubleQLearning,0,2057,-15.000000000000004,17
DoubleQLearning,0,2058,-18.0,20
DoubleQLearning,0,2059,-15.000000000000004,17
DoubleQLearning,0,2060,-18.0,20
DoubleQLearning,0,2061,-17.0,19
DoubleQLearning,0,2062,-19.0,21
DoubleQLearning,0,2063,-19.0,21
DoubleQLearning,0,2064,-15.000000000000004,17
DoubleQLearning,0,2065,-16.000000000000004,18
DoubleQLearning,0,2066,-19.999999999999996,22
DoubleQLearning,0,2067,-20.0,22
DoubleQLearning,0,2068,-19.0,21
DoubleQLearning,0,2069,-20.999999999999993,23
DoubleQLearning,0,2070,-16.000000000000004,18
DoubleQLearning,0,2071,-15.000000000000004,17
DoubleQLearning,0,2072,-20.0,22
DoubleQLearning,0,2073,-18.0,20
DoubleQLearning,0,2074,-15.000000000000004,17
DoubleQLearning,0,2075,-15.000000000000004,17
DoubleQLearning,0,2076,-17.0,19
DoubleQLearning,0,2077,-17.000000000000004,19
DoubleQLearning,0,2078,-18.0,20
DoubleQLearning,0,2079,-16.000000000000004,18
DoubleQLearning,0,2080,-18.0,20
DoubleQLearning,0,2081,-18.0,20
DoubleQLearning,0,2082,-17.0,19
DoubleQLearning,0,2083,-18.0,20
DoubleQLearning,0,2084,-17.0,19
DoubleQLearning,0,2085,-100.0,1
DoubleQLearning,0,2086,-100.0,1
DoubleQLearning,0,2087,-15.000000000000004,17
DoubleQLearning,0,2088,-17.0,19
DoubleQLearning,0,2089,-21.0,23
DoubleQLearning,0,2090,-17.0,19
DoubleQLearning,0,2091,-20.0,22
DoubleQLearning,0,2092,-16.000000000000004,18
DoubleQLearning,0,2093,-17.000000000000004,19
DoubleQLearning,0,2094,-18.0,20
DoubleQLearning,0,2095,-17.0,19
DoubleQLearning,0,2096,-18.0,20
DoubleQLearning,0,2097,-17.0,19
DoubleQLearning,0,2098,-16.000000000000004,18
DoubleQLearning,0,2099,-16.000000000000004,18
DoubleQLearning,0,2100,-18.0,20
DoubleQLearning,0,2101,-16.000000000000004,18
DoubleQLearning,0,2102,-15.000000000000004,17
DoubleQLearning,0,2103,-15.000000000000004,17
DoubleQLearning,0,2104,-19.000000000000004,21
DoubleQLearning,0,2105,-16.000000000000004,18
DoubleQLearning,0,2106,-15.000000000000004,17
DoubleQLearning,0,2107,-15.000000000000004,17
DoubleQLearning,0,2108,-17.000000000000004,19
DoubleQLearning,0,2109,-15.000000000000004,17
DoubleQLearning,0,2110,-18.0,20
DoubleQLearning,0,2111,-19.999999999999996,22
DoubleQLearning,0,2112,-17.0,19
DoubleQLearning,0,2113,-17.0,19
DoubleQLearning,0,2114,-15.000000000000004,17
DoubleQLearning,0,2115,-17.000000000000004,19
DoubleQLearning,0,2116,-15.000000000000004,17
DoubleQLearning,0,2117,-20.999999999999993,23
DoubleQLearning,0,2118,-15.000000000000004,17
DoubleQLearning,0,2119,-17.000000000000004,19
DoubleQLearning,0,2120,-21.0,23
DoubleQLearning,0,2121,-18.0,20
DoubleQLearning,0,2122,-17.000000000000004,19
DoubleQLearning,0,2123,-22.0,24
DoubleQLearning,0,2124,-15.000000000000004,17
DoubleQLearning,0,2125,-16.000000000000004,18
DoubleQLearning,0,2126,-19.999999999999996,22
DoubleQLearning,0,2127,-17.000000000000004,19
DoubleQLearning,0,2128,-17.0,19
DoubleQLearning,0,2129,-18.0,20
DoubleQLearning,0,2130,-17.0,19
DoubleQLearning,0,2131,-16.000000000000004,18
DoubleQLearning,0,2132,-18.0,20
DoubleQLearning,0,2133,-15.000000000000004,17
DoubleQLearning,0,2134,-16.000000000000004,18
DoubleQLearning,0,2135,-15.000000000000004,17
DoubleQLearning,0,2136,-15.000000000000004,17
DoubleQLearning,0,2137,-17.000000000000004,19
DoubleQLearning,0,2138,-17.0,19
DoubleQLearning,0,2139,-20.999999999999996,23
DoubleQLearning,0,2140,-23.999999999999993,26
DoubleQLearning,0,2141,-18.999999999999996,21
DoubleQLearning,0,2142,-15.000000000000004,17
DoubleQLearning,0,2143,-22.999999999999996,25
DoubleQLearning,0,2144,-20.0,22
DoubleQLearning,0,2145,-21.0,23
DoubleQLearning,0,2146,-16.000000000000004,18
DoubleQLearning,0,2147,-23.0,25
DoubleQLearning,0,2148,-20.999999999999996,23
DoubleQLearning,0,2149,-19.0,21
DoubleQLearning,0,2150,-20.0,22
DoubleQLearning,0,2151,-16.000000000000004,18
DoubleQLearning,0,2152,-19.0,21
DoubleQLearning,0,2153,-15.000000000000004,17
DoubleQLearning,0,2154,-16.000000000000004,18
DoubleQLearning,0,2155,-19.0,21
DoubleQLearning,0,2156,-15.000000000000004,17
DoubleQLearning,0,2157,-15.000000000000004,17
DoubleQLearning,0,2158,-18.0,20
DoubleQLearning,0,2159,-15.000000000000004,17
DoubleQLearning,0,2160,-16.000000000000004,18
DoubleQLearning,0,2161,-17.000000000000004,19
DoubleQLearning,0,2162,-18.0,20
DoubleQLearning,0,2163,-17.000000000000004,19
DoubleQLearning,0,2164,-18.0,20
DoubleQLearning,0,2165,-17.000000000000004,19
DoubleQLearning,0,2166,-17.0,19
DoubleQLearning,0,2167,-15.000000000000004,17
DoubleQLearning,0,2168,-17.000000000000004,19
DoubleQLearning,0,2169,-21.0,23
DoubleQLearning,0,2170,-17.0,19
DoubleQLearning,0,2171,-16.000000000000004,18
DoubleQLearning,0,2172,-16.000000000000004,18
DoubleQLearning,0,2173,-16.000000000000004,18
DoubleQLearning,0,2174,-15.000000000000004,17
DoubleQLearning,0,2175,-15.000000000000004,17
DoubleQLearning,0,2176,-16.000000000000004,18
DoubleQLearning,0,2177,-18.0,20
DoubleQLearning,0,2178,-16.000000000000004,18
DoubleQLearning,0,2179,-15.000000000000004,17
DoubleQLearning,0,2180,-16.000000000000004,18
DoubleQLearning,0,2181,-15.000000000000004,17
DoubleQLearning,0,2182,-20.999999999999996,23
DoubleQLearning,0,2183,-15.000000000000004,17
DoubleQLearning,0,2184,-17.000000000000004,19
DoubleQLearning,0,2185,-15.000000000000004,17
DoubleQLearning,0,2186,-18.999999999999996,21
DoubleQLearning,0,2187,-100.0,1
DoubleQLearning,0,2188,-19.0,21
DoubleQLearning,0,2189,-15.000000000000004,17
DoubleQLearning,0,2190,-16.000000000000004,18
DoubleQLearning,0,2191,-15.000000000000004,17
DoubleQLearning,0,2192,-16.000000000000004,18
DoubleQLearning,0,2193,-17.000000000000004,19
DoubleQLearning,0,2194,-16.000000000000004,18
DoubleQLearning,0,2195,-15.000000000000004,17
DoubleQLearning,0,2196,-15.000000000000004,17
DoubleQLearning,0,2197,-17.000000000000004,19
DoubleQLearning,0,2198,-17.0,19
DoubleQLearning,0,2199,-16.000000000000004,18
DoubleQLearning,0,2200,-17.000000000000004,19
DoubleQLearning,0,2201,-100.0,1
DoubleQLearning,0,2202,-18.0,20
DoubleQLearning,0,2203,-15.000000000000004,17
DoubleQLearning,0,2204,-20.0,22
DoubleQLearning,0,2205,-15.000000000000004,17
DoubleQLearning,0,2206,-18.0,20
DoubleQLearning,0,2207,-17.000000000000004,19
DoubleQLearning,0,2208,-18.0,20
DoubleQLearning,0,2209,-15.000000000000004,17
DoubleQLearning,0,2210,-15.000000000000004,17
DoubleQLearning,0,2211,-100.0,1
DoubleQLearning,0,2212,-15.000000000000004,17
DoubleQLearning,0,2213,-17.000000000000004,19
DoubleQLearning,0,2214,-16.000000000000004,18
DoubleQLearning,0,2215,-15.000000000000004,17
DoubleQLearning,0,2216,-16.000000000000004,18
DoubleQLearning,0,2217,-15.000000000000004,17
DoubleQLearning,0,2218,-21.999999999999996,24
DoubleQLearning,0,2219,-17.0,19
DoubleQLearning,0,2220,-15.000000000000004,17
DoubleQLearning,0,2221,-15.000000000000004,17
DoubleQLearning,0,2222,-17.000000000000004,19
DoubleQLearning,0,2223,-19.0,21
DoubleQLearning,0,2224,-18.000000000000004,20
DoubleQLearning,0,2225,-17.0,19
DoubleQLearning,0,2226,-16.000000000000004,18
DoubleQLearning,0,2227,-17.0,19
DoubleQLearning,0,2228,-18.0,20
DoubleQLearning,0,2229,-16.000000000000004,18
DoubleQLearning,0,2230,-18.0,20
DoubleQLearning,0,2231,-17.000000000000004,19
DoubleQLearning,0,2232,-18.0,20
DoubleQLearning,0,2233,-17.000000000000004,19
DoubleQLearning,0,2234,-22.0,24
DoubleQLearning,0,2235,-17.0,19
DoubleQLearning,0,2236,-18.0,20
DoubleQLearning,0,2237,-16.000000000000004,18
DoubleQLearning,0,2238,-16.000000000000004,18
DoubleQLearning,0,2239,-19.0,21
DoubleQLearning,0,2240,-15.000000000000004,17
DoubleQLearning,0,2241,-18.000000000000004,20
DoubleQLearning,0,2242,-17.0,19
DoubleQLearning,0,2243,-100.0,1
DoubleQLearning,0,2244,-15.000000000000004,17
DoubleQLearning,0,2245,-24.999999999999996,27
DoubleQLearning,0,2246,-15.000000000000004,17
DoubleQLearning,0,2247,-15.000000000000004,17
DoubleQLearning,0,2248,-18.0,20
DoubleQLearning,0,2249,-16.000000000000004,18
DoubleQLearning,0,2250,-19.0,21
DoubleQLearning,0,2251,-15.000000000000004,17
DoubleQLearning,0,2252,-16.000000000000004,18
DoubleQLearning,0,2253,-16.000000000000004,18
DoubleQLearning,0,2254,-19.999999999999996,22
DoubleQLearning,0,2255,-17.0,19
DoubleQLearning,0,2256,-19.0,21
DoubleQLearning,0,2257,-17.000000000000004,19
DoubleQLearning,0,2258,-16.000000000000004,18
DoubleQLearning,0,2259,-15.000000000000004,17
DoubleQLearning,0,2260,-100.0,1
DoubleQLearning,0,2261,-15.000000000000004,17
DoubleQLearning,0,2262,-17.000000000000004,19
DoubleQLearning,0,2263,-19.0,21
DoubleQLearning,0,2264,-16.000000000000004,18
DoubleQLearning,0,2265,-15.000000000000004,17
DoubleQLearning,0,2266,-15.000000000000004,17
DoubleQLearning,0,2267,-15.000000000000004,17
DoubleQLearning,0,2268,-15.000000000000004,17
DoubleQLearning,0,2269,-15.000000000000004,17
DoubleQLearning,0,2270,-15.000000000000004,17
DoubleQLearning,0,2271,-20.999999999999996,23
DoubleQLearning,0,2272,-16.000000000000004,18
DoubleQLearning,0,2273,-15.000000000000004,17
DoubleQLearning,0,2274,-15.000000000000004,17
DoubleQLearning,0,2275,-15.000000000000004,17
DoubleQLearning,0,2276,-18.0,20
DoubleQLearning,0,2277,-15.000000000000004,17
DoubleQLearning,0,2278,-16.000000000000004,18
DoubleQLearning,0,2279,-18.0,20
DoubleQLearning,0,2280,-22.0,24
DoubleQLearning,0,2281,-21.000000000000004,23
DoubleQLearning,0,2282,-15.000000000000004,17
DoubleQLearning,0,2283,-18.0,20
DoubleQLearning,0,2284,-17.0,19
DoubleQLearning,0,2285,-100.0,1
DoubleQLearning,0,2286,-19.999999999999996,22
DoubleQLearning,0,2287,-18.0,20
DoubleQLearning,0,2288,-16.000000000000004,18
DoubleQLearning,0,2289,-15.000000000000004,17
DoubleQLearning,0,2290,-21.0,23
DoubleQLearning,0,2291,-19.0,21
DoubleQLearning,0,2292,-18.0,20
DoubleQLearning,0,2293,-15.000000000000004,17
DoubleQLearning,0,2294,-17.0,19
DoubleQLearning,0,2295,-19.999999999999996,22
DoubleQLearning,0,2296,-17.0,19
DoubleQLearning,0,2297,-17.000000000000004,19
DoubleQLearning,0,2298,-15.000000000000004,17
DoubleQLearning,0,2299,-21.999999999999996,24
DoubleQLearning,0,2300,-25.999999999999993,28
DoubleQLearning,0,2301,-18.0,20
DoubleQLearning,0,2302,-18.999999999999996,21
DoubleQLearning,0,2303,-17.0,19
DoubleQLearning,0,2304,-19.0,21
DoubleQLearning,0,2305,-16.000000000000004,18
DoubleQLearning,0,2306,-15.000000000000004,17
DoubleQLearning,0,2307,-19.0,21
DoubleQLearning,0,2308,-16.000000000000004,18
DoubleQLearning,0,2309,-15.000000000000004,17
DoubleQLearning,0,2310,-18.0,20
DoubleQLearning,0,2311,-17.000000000000004,19
DoubleQLearning,0,2312,-17.000000000000004,19
DoubleQLearning,0,2313,-17.000000000000004,19
DoubleQLearning,0,2314,-19.000000000000004,21
DoubleQLearning,0,2315,-15.000000000000004,17
DoubleQLearning,0,2316,-17.0,19
DoubleQLearning,0,2317,-18.0,20
DoubleQLearning,0,2318,-15.000000000000004,17
DoubleQLearning,0,2319,-17.0,19
DoubleQLearning,0,2320,-20.0,22
DoubleQLearning,0,2321,-17.0,19
DoubleQLearning,0,2322,-19.999999999999996,22
DoubleQLearning,0,2323,-15.000000000000004,17
DoubleQLearning,0,2324,-17.000000000000004,19
DoubleQLearning,0,2325,-22.999999999999993,25
DoubleQLearning,0,2326,-18.0,20
DoubleQLearning,0,2327,-17.000000000000004,19
DoubleQLearning,0,2328,-15.000000000000004,17
DoubleQLearning,0,2329,-15.000000000000004,17
DoubleQLearning,0,2330,-17.0,19
DoubleQLearning,0,2331,-15.000000000000004,17
DoubleQLearning,0,2332,-17.000000000000004,19
DoubleQLearning,0,2333,-19.0,21
DoubleQLearning,0,2334,-20.0,22
DoubleQLearning,0,2335,-18.0,20
DoubleQLearning,0,2336,-15.000000000000004,17
DoubleQLearning,0,2337,-15.000000000000004,17
DoubleQLearning,0,2338,-17.000000000000004,19
DoubleQLearning,0,2339,-100.0,1
DoubleQLearning,0,2340,-16.000000000000004,18
DoubleQLearning,0,2341,-20.0,22
DoubleQLearning,0,2342,-16.000000000000004,18
DoubleQLearning,0,2343,-15.000000000000004,17
DoubleQLearning,0,2344,-17.000000000000004,19
DoubleQLearning,0,2345,-21.999999999999996,24
DoubleQLearning,0,2346,-18.0,20
DoubleQLearning,0,2347,-17.0,19
DoubleQLearning,0,2348,-17.000000000000004,19
DoubleQLearning,0,2349,-17.000000000000004,19
DoubleQLearning,0,2350,-19.000000000000004,21
DoubleQLearning,0,2351,-18.0,20
DoubleQLearning,0,2352,-15.000000000000004,17
DoubleQLearning,0,2353,-18.0,20
DoubleQLearning,0,2354,-15.000000000000004,17
DoubleQLearning,0,2355,-15.000000000000004,17
DoubleQLearning,0,2356,-18.0,20
DoubleQLearning,0,2357,-18.999999999999996,21
DoubleQLearning,0,2358,-15.000000000000004,17
DoubleQLearning,0,2359,-15.000000000000004,17
DoubleQLearning,0,2360,-17.0,19
DoubleQLearning,0,2361,-100.0,1
DoubleQLearning,0,2362,-15.000000000000004,17
DoubleQLearning,0,2363,-18.0,20
DoubleQLearning,0,2364,-15.000000000000004,17
DoubleQLearning,0,2365,-16.000000000000004,18
DoubleQLearning,0,2366,-16.000000000000004,18
DoubleQLearning,0,2367,-15.000000000000004,17
DoubleQLearning,0,2368,-17.000000000000004,19
DoubleQLearning,0,2369,-15.000000000000004,17
DoubleQLearning,0,2370,-15.000000000000004,17
DoubleQLearning,0,2371,-15.000000000000004,17
DoubleQLearning,0,2372,-18.999999999999996,21
DoubleQLearning,0,2373,-15.000000000000004,17
DoubleQLearning,0,2374,-17.0,19
DoubleQLearning,0,2375,-19.999999999999996,22
DoubleQLearning,0,2376,-19.999999999999996,22
DoubleQLearning,0,2377,-15.000000000000004,17
DoubleQLearning,0,2378,-15.000000000000004,17
DoubleQLearning,0,2379,-19.0,21
DoubleQLearning,0,2380,-15.000000000000004,17
DoubleQLearning,0,2381,-17.000000000000004,19
DoubleQLearning,0,2382,-18.0,20
DoubleQLearning,0,2383,-20.0,22
DoubleQLearning,0,2384,-18.0,20
DoubleQLearning,0,2385,-18.0,20
DoubleQLearning,0,2386,-19.0,21
DoubleQLearning,0,2387,-15.000000000000004,17
DoubleQLearning,0,2388,-17.000000000000004,19
DoubleQLearning,0,2389,-15.000000000000004,17
DoubleQLearning,0,2390,-17.000000000000004,19
DoubleQLearning,0,2391,-20.0,22
DoubleQLearning,0,2392,-15.000000000000004,17
DoubleQLearning,0,2393,-15.000000000000004,17
DoubleQLearning,0,2394,-16.000000000000004,18
DoubleQLearning,0,2395,-15.000000000000004,17
DoubleQLearning,0,2396,-17.0,19
DoubleQLearning,0,2397,-17.0,19
DoubleQLearning,0,2398,-15.000000000000004,17
DoubleQLearning,0,2399,-16.000000000000004,18
DoubleQLearning,0,2400,-21.999999999999996,24
DoubleQLearning,0,2401,-16.000000000000004,18
DoubleQLearning,0,2402,-17.0,19
DoubleQLearning,0,2403,-17.0,19
DoubleQLearning,0,2404,-17.000000000000004,19
DoubleQLearning,0,2405,-15.000000000000004,17
DoubleQLearning,0,2406,-19.0,21
DoubleQLearning,0,2407,-15.000000000000004,17
DoubleQLearning,0,2408,-18.0,20
DoubleQLearning,0,2409,-15.000000000000004,17
DoubleQLearning,0,2410,-18.0,20
DoubleQLearning,0,2411,-16.000000000000004,18
DoubleQLearning,0,2412,-17.000000000000004,19
DoubleQLearning,0,2413,-18.0,20
DoubleQLearning,0,2414,-15.000000000000004,17
DoubleQLearning,0,2415,-15.000000000000004,17
DoubleQLearning,0,2416,-15.000000000000004,17
DoubleQLearning,0,2417,-19.0,21
DoubleQLearning,0,2418,-23.999999999999996,26
DoubleQLearning,0,2419,-15.000000000000004,17
DoubleQLearning,0,2420,-15.000000000000004,17
DoubleQLearning,0,2421,-17.000000000000004,19
DoubleQLearning,0,2422,-18.0,20
DoubleQLearning,0,2423,-17.0,19
DoubleQLearning,0,2424,-19.0,21
DoubleQLearning,0,2425,-15.000000000000004,17
DoubleQLearning,0,2426,-21.999999999999996,24
DoubleQLearning,0,2427,-15.000000000000004,17
DoubleQLearning,0,2428,-15.000000000000004,17
DoubleQLearning,0,2429,-17.000000000000004,19
DoubleQLearning,0,2430,-17.0,19
DoubleQLearning,0,2431,-17.000000000000004,19
DoubleQLearning,0,2432,-100.0,1
DoubleQLearning,0,2433,-19.0,21
DoubleQLearning,0,2434,-15.000000000000004,17
DoubleQLearning,0,2435,-19.0,21
DoubleQLearning,0,2436,-17.000000000000004,19
DoubleQLearning,0,2437,-17.000000000000004,19
DoubleQLearning,0,2438,-19.000000000000004,21
DoubleQLearning,0,2439,-17.000000000000004,19
DoubleQLearning,0,2440,-15.000000000000004,17
DoubleQLearning,0,2441,-18.0,20
DoubleQLearning,0,2442,-100.0,1
DoubleQLearning,0,2443,-17.000000000000004,19
DoubleQLearning,0,2444,-21.0,23
DoubleQLearning,0,2445,-15.000000000000004,17
DoubleQLearning,0,2446,-17.0,19
DoubleQLearning,0,2447,-15.000000000000004,17
DoubleQLearning,0,2448,-21.999999999999996,24
DoubleQLearning,0,2449,-16.000000000000004,18
DoubleQLearning,0,2450,-17.0,19
DoubleQLearning,0,2451,-20.999999999999996,23
DoubleQLearning,0,2452,-21.0,23
DoubleQLearning,0,2453,-15.000000000000004,17
DoubleQLearning,0,2454,-15.000000000000004,17
DoubleQLearning,0,2455,-17.000000000000004,19
DoubleQLearning,0,2456,-19.0,21
DoubleQLearning,0,2457,-15.000000000000004,17
DoubleQLearning,0,2458,-18.999999999999996,21
DoubleQLearning,0,2459,-17.000000000000004,19
DoubleQLearning,0,2460,-100.0,1
DoubleQLearning,0,2461,-15.000000000000004,17
DoubleQLearning,0,2462,-17.000000000000004,19
DoubleQLearning,0,2463,-18.0,20
DoubleQLearning,0,2464,-100.0,1
DoubleQLearning,0,2465,-18.0,20
DoubleQLearning,0,2466,-18.0,20
DoubleQLearning,0,2467,-15.000000000000004,17
DoubleQLearning,0,2468,-17.000000000000004,19
DoubleQLearning,0,2469,-15.000000000000004,17
DoubleQLearning,0,2470,-16.000000000000004,18
DoubleQLearning,0,2471,-15.000000000000004,17
DoubleQLearning,0,2472,-18.0,20
DoubleQLearning,0,2473,-16.000000000000004,18
DoubleQLearning,0,2474,-17.0,19
DoubleQLearning,0,2475,-19.0,21
DoubleQLearning,0,2476,-15.000000000000004,17
DoubleQLearning,0,2477,-19.0,21
DoubleQLearning,0,2478,-21.0,23
DoubleQLearning,0,2479,-20.0,22
DoubleQLearning,0,2480,-17.0,19
DoubleQLearning,0,2481,-18.0,20
DoubleQLearning,0,2482,-18.0,20
DoubleQLearning,0,2483,-19.0,21
DoubleQLearning,0,2484,-15.000000000000004,17
DoubleQLearning,0,2485,-15.000000000000004,17
DoubleQLearning,0,2486,-17.000000000000004,19
DoubleQLearning,0,2487,-15.000000000000004,17
DoubleQLearning,0,2488,-18.0,20
DoubleQLearning,0,2489,-17.000000000000004,19
DoubleQLearning,0,2490,-19.0,21
DoubleQLearning,0,2491,-15.000000000000004,17
DoubleQLearning,0,2492,-16.000000000000004,18
DoubleQLearning,0,2493,-21.0,23
DoubleQLearning,0,2494,-15.000000000000004,17
DoubleQLearning,0,2495,-18.0,20
DoubleQLearning,0,2496,-15.000000000000004,17
DoubleQLearning,0,2497,-19.000000000000004,21
DoubleQLearning,0,2498,-16.000000000000004,18
DoubleQLearning,0,2499,-19.0,21
DoubleQLearning,0,2500,-19.0,21
DoubleQLearning,0,2501,-17.000000000000004,19
DoubleQLearning,0,2502,-17.000000000000004,19
DoubleQLearning,0,2503,-18.0,20
DoubleQLearning,0,2504,-15.000000000000004,17
DoubleQLearning,0,2505,-15.000000000000004,17
DoubleQLearning,0,2506,-18.0,20
DoubleQLearning,0,2507,-15.000000000000004,17
DoubleQLearning,0,2508,-21.999999999999996,24
DoubleQLearning,0,2509,-15.000000000000004,17
DoubleQLearning,0,2510,-15.000000000000004,17
DoubleQLearning,0,2511,-17.000000000000004,19
DoubleQLearning,0,2512,-15.000000000000004,17
DoubleQLearning,0,2513,-16.000000000000004,18
DoubleQLearning,0,2514,-15.000000000000004,17
DoubleQLearning,0,2515,-16.000000000000004,18
DoubleQLearning,0,2516,-19.000000000000004,21
DoubleQLearning,0,2517,-16.000000000000004,18
DoubleQLearning,0,2518,-19.0,21
DoubleQLearning,0,2519,-18.000000000000004,20
DoubleQLearning,0,2520,-15.000000000000004,17
DoubleQLearning,0,2521,-100.0,1
DoubleQLearning,0,2522,-17.0,19
DoubleQLearning,0,2523,-17.0,19
DoubleQLearning,0,2524,-17.0,19
DoubleQLearning,0,2525,-19.999999999999996,22
DoubleQLearning,0,2526,-20.000000000000004,22
DoubleQLearning,0,2527,-19.0,21
DoubleQLearning,0,2528,-15.000000000000004,17
DoubleQLearning,0,2529,-20.0,22
DoubleQLearning,0,2530,-15.000000000000004,17
DoubleQLearning,0,2531,-15.000000000000004,17
DoubleQLearning,0,2532,-15.000000000000004,17
DoubleQLearning,0,2533,-100.0,1
DoubleQLearning,0,2534,-18.0,20
DoubleQLearning,0,2535,-17.0,19
DoubleQLearning,0,2536,-20.0,22
DoubleQLearning,0,2537,-17.0,19
DoubleQLearning,0,2538,-19.0,21
DoubleQLearning,0,2539,-15.000000000000004,17
DoubleQLearning,0,2540,-18.999999999999996,21
DoubleQLearning,0,2541,-16.000000000000004,18
DoubleQLearning,0,2542,-15.000000000000004,17
DoubleQLearning,0,2543,-16.000000000000004,18
DoubleQLearning,0,2544,-15.000000000000004,17
DoubleQLearning,0,2545,-16.000000000000004,18
DoubleQLearning,0,2546,-15.000000000000004,17
DoubleQLearning,0,2547,-17.000000000000004,19
DoubleQLearning,0,2548,-18.0,20
DoubleQLearning,0,2549,-16.000000000000004,18
DoubleQLearning,0,2550,-15.000000000000004,17
DoubleQLearning,0,2551,-15.000000000000004,17
DoubleQLearning,0,2552,-15.000000000000004,17
DoubleQLearning,0,2553,-21.0,23
DoubleQLearning,0,2554,-17.0,19
DoubleQLearning,0,2555,-16.000000000000004,18
DoubleQLearning,0,2556,-15.000000000000004,17
DoubleQLearning,0,2557,-16.000000000000004,18
DoubleQLearning,0,2558,-15.000000000000004,17
DoubleQLearning,0,2559,-24.0,26
DoubleQLearning,0,2560,-15.000000000000004,17
DoubleQLearning,0,2561,-15.000000000000004,17
DoubleQLearning,0,2562,-20.0,22
DoubleQLearning,0,2563,-15.000000000000004,17
DoubleQLearning,0,2564,-19.000000000000004,21
DoubleQLearning,0,2565,-15.000000000000004,17
DoubleQLearning,0,2566,-15.000000000000004,17
DoubleQLearning,0,2567,-15.000000000000004,17
DoubleQLearning,0,2568,-15.000000000000004,17
DoubleQLearning,0,2569,-15.000000000000004,17
DoubleQLearning,0,2570,-15.000000000000004,17
DoubleQLearning,0,2571,-19.999999999999996,22
DoubleQLearning,0,2572,-100.0,1
DoubleQLearning,0,2573,-18.999999999999996,21
DoubleQLearning,0,2574,-17.0,19
DoubleQLearning,0,2575,-16.000000000000004,18
DoubleQLearning,0,2576,-20.999999999999996,23
DoubleQLearning,0,2577,-15.000000000000004,17
DoubleQLearning,0,2578,-15.000000000000004,17
DoubleQLearning,0,2579,-15.000000000000004,17
DoubleQLearning,0,2580,-100.0,1
DoubleQLearning,0,2581,-16.000000000000004,18
DoubleQLearning,0,2582,-19.0,21
DoubleQLearning,0,2583,-18.0,20
DoubleQLearning,0,2584,-19.0,21
DoubleQLearning,0,2585,-21.999999999999996,24
DoubleQLearning,0,2586,-17.0,19
DoubleQLearning,0,2587,-16.000000000000004,18
DoubleQLearning,0,2588,-16.000000000000004,18
DoubleQLearning,0,2589,-19.0,21
DoubleQLearning,0,2590,-17.0,19
DoubleQLearning,0,2591,-15.000000000000004,17
DoubleQLearning,0,2592,-17.0,19
DoubleQLearning,0,2593,-20.0,22
DoubleQLearning,0,2594,-15.000000000000004,17
DoubleQLearning,0,2595,-19.0,21
DoubleQLearning,0,2596,-17.0,19
DoubleQLearning,0,2597,-18.0,20
DoubleQLearning,0,2598,-17.0,19
DoubleQLearning,0,2599,-16.000000000000004,18
DoubleQLearning,0,2600,-18.999999999999996,21
DoubleQLearning,0,2601,-18.0,20
DoubleQLearning,0,2602,-16.000000000000004,18
DoubleQLearning,0,2603,-15.000000000000004,17
DoubleQLearning,0,2604,-16.000000000000004,18
DoubleQLearning,0,2605,-16.000000000000004,18
DoubleQLearning,0,2606,-16.000000000000004,18
DoubleQLearning,0,2607,-18.0,20
DoubleQLearning,0,2608,-15.000000000000004,17
DoubleQLearning,0,2609,-15.000000000000004,17
DoubleQLearning,0,2610,-17.000000000000004,19
DoubleQLearning,0,2611,-17.000000000000004,19
DoubleQLearning,0,2612,-15.000000000000004,17
DoubleQLearning,0,2613,-15.000000000000004,17
DoubleQLearning,0,2614,-18.0,20
DoubleQLearning,0,2615,-22.999999999999996,25
DoubleQLearning,0,2616,-17.0,19
DoubleQLearning,0,2617,-18.0,20
DoubleQLearning,0,2618,-17.0,19
DoubleQLearning,0,2619,-15.000000000000004,17
DoubleQLearning,0,2620,-15.000000000000004,17
DoubleQLearning,0,2621,-15.000000000000004,17
DoubleQLearning,0,2622,-17.000000000000004,19
DoubleQLearning,0,2623,-16.000000000000004,18
DoubleQLearning,0,2624,-20.999999999999996,23
DoubleQLearning,0,2625,-17.0,19
DoubleQLearning,0,2626,-20.0,22
DoubleQLearning,0,2627,-21.999999999999996,24
DoubleQLearning,0,2628,-20.0,22
DoubleQLearning,0,2629,-15.000000000000004,17
DoubleQLearning,0,2630,-15.000000000000004,17
DoubleQLearning,0,2631,-19.0,21
DoubleQLearning,0,2632,-19.0,21
DoubleQLearning,0,2633,-18.0,20
DoubleQLearning,0,2634,-15.000000000000004,17
DoubleQLearning,0,2635,-15.000000000000004,17
DoubleQLearning,0,2636,-15.000000000000004,17
DoubleQLearning,0,2637,-15.000000000000004,17
DoubleQLearning,0,2638,-15.000000000000004,17
DoubleQLearning,0,2639,-17.000000000000004,19
DoubleQLearning,0,2640,-15.000000000000004,17
DoubleQLearning,0,2641,-16.000000000000004,18
DoubleQLearning,0,2642,-17.000000000000004,19
DoubleQLearning,0,2643,-19.999999999999996,22
DoubleQLearning,0,2644,-17.000000000000004,19
DoubleQLearning,0,2645,-15.000000000000004,17
DoubleQLearning,0,2646,-15.000000000000004,17
DoubleQLearning,0,2647,-15.000000000000004,17
DoubleQLearning,0,2648,-18.000000000000004,20
DoubleQLearning,0,2649,-16.000000000000004,18
DoubleQLearning,0,2650,-15.000000000000004,17
DoubleQLearning,0,2651,-17.000000000000004,19
DoubleQLearning,0,2652,-18.0,20
DoubleQLearning,0,2653,-18.0,20
DoubleQLearning,0,2654,-17.0,19
DoubleQLearning,0,2655,-16.000000000000004,18
DoubleQLearning,0,2656,-16.000000000000004,18
DoubleQLearning,0,2657,-17.0,19
DoubleQLearning,0,2658,-100.0,1
DoubleQLearning,0,2659,-17.000000000000004,19
DoubleQLearning,0,2660,-16.000000000000004,18
DoubleQLearning,0,2661,-17.000000000000004,19
DoubleQLearning,0,2662,-15.000000000000004,17
DoubleQLearning,0,2663,-18.000000000000004,20
DoubleQLearning,0,2664,-16.000000000000004,18
DoubleQLearning,0,2665,-100.0,1
DoubleQLearning,0,2666,-17.0,19
DoubleQLearning,0,2667,-18.999999999999996,21
DoubleQLearning,0,2668,-15.000000000000004,17
DoubleQLearning,0,2669,-15.000000000000004,17
DoubleQLearning,0,2670,-15.000000000000004,17
DoubleQLearning,0,2671,-17.0,19
DoubleQLearning,0,2672,-16.000000000000004,18
DoubleQLearning,0,2673,-17.0,19
DoubleQLearning,0,2674,-17.000000000000004,19
DoubleQLearning,0,2675,-18.0,20
DoubleQLearning,0,2676,-17.0,19
DoubleQLearning,0,2677,-15.000000000000004,17
DoubleQLearning,0,2678,-19.0,21
DoubleQLearning,0,2679,-16.000000000000004,18
DoubleQLearning,0,2680,-18.0,20
DoubleQLearning,0,2681,-19.000000000000004,21
DoubleQLearning,0,2682,-16.000000000000004,18
DoubleQLearning,0,2683,-19.999999999999996,22
DoubleQLearning,0,2684,-17.0,19
DoubleQLearning,0,2685,-15.000000000000004,17
DoubleQLearning,0,2686,-19.0,21
DoubleQLearning,0,2687,-18.0,20
DoubleQLearning,0,2688,-18.0,20
DoubleQLearning,0,2689,-17.000000000000004,19
DoubleQLearning,0,2690,-19.0,21
DoubleQLearning,0,2691,-17.0,19
DoubleQLearning,0,2692,-19.999999999999996,22
DoubleQLearning,0,2693,-17.0,19
DoubleQLearning,0,2694,-19.0,21
DoubleQLearning,0,2695,-20.000000000000004,22
DoubleQLearning,0,2696,-16.000000000000004,18
DoubleQLearning,0,2697,-17.0,19
DoubleQLearning,0,2698,-18.0,20
DoubleQLearning,0,2699,-15.000000000000004,17
DoubleQLearning,0,2700,-15.000000000000004,17
DoubleQLearning,0,2701,-19.0,21
DoubleQLearning,0,2702,-19.000000000000004,21
DoubleQLearning,0,2703,-15.000000000000004,17
DoubleQLearning,0,2704,-17.000000000000004,19
DoubleQLearning,0,2705,-20.0,22
DoubleQLearning,0,2706,-19.999999999999996,22
DoubleQLearning,0,2707,-17.0,19
DoubleQLearning,0,2708,-16.000000000000004,18
DoubleQLearning,0,2709,-17.000000000000004,19
DoubleQLearning,0,2710,-15.000000000000004,17
DoubleQLearning,0,2711,-16.000000000000004,18
DoubleQLearning,0,2712,-16.000000000000004,18
DoubleQLearning,0,2713,-17.0,19
DoubleQLearning,0,2714,-19.0,21
DoubleQLearning,0,2715,-19.999999999999996,22
DoubleQLearning,0,2716,-16.000000000000004,18
DoubleQLearning,0,2717,-15.000000000000004,17
DoubleQLearning,0,2718,-19.0,21
DoubleQLearning,0,2719,-16.000000000000004,18
DoubleQLearning,0,2720,-18.000000000000004,20
DoubleQLearning,0,2721,-22.999999999999993,25
DoubleQLearning,0,2722,-18.0,20
DoubleQLearning,0,2723,-15.000000000000004,17
DoubleQLearning,0,2724,-17.000000000000004,19
DoubleQLearning,0,2725,-17.000000000000004,19
DoubleQLearning,0,2726,-16.000000000000004,18
DoubleQLearning,0,2727,-17.000000000000004,19
DoubleQLearning,0,2728,-16.000000000000004,18
DoubleQLearning,0,2729,-21.999999999999996,24
DoubleQLearning,0,2730,-18.0,20
DoubleQLearning,0,2731,-17.0,19
DoubleQLearning,0,2732,-16.000000000000004,18
DoubleQLearning,0,2733,-20.0,22
DoubleQLearning,0,2734,-19.999999999999996,22
DoubleQLearning,0,2735,-16.000000000000004,18
DoubleQLearning,0,2736,-22.0,24
DoubleQLearning,0,2737,-17.000000000000004,19
DoubleQLearning,0,2738,-20.999999999999993,23
DoubleQLearning,0,2739,-17.000000000000004,19
DoubleQLearning,0,2740,-17.000000000000004,19
DoubleQLearning,0,2741,-15.000000000000004,17
DoubleQLearning,0,2742,-15.000000000000004,17
DoubleQLearning,0,2743,-17.0,19
DoubleQLearning,0,2744,-19.0,21
DoubleQLearning,0,2745,-15.000000000000004,17
DoubleQLearning,0,2746,-15.000000000000004,17
DoubleQLearning,0,2747,-20.0,22
DoubleQLearning,0,2748,-15.000000000000004,17
DoubleQLearning,0,2749,-15.000000000000004,17
DoubleQLearning,0,2750,-16.000000000000004,18
DoubleQLearning,0,2751,-16.000000000000004,18
DoubleQLearning,0,2752,-16.000000000000004,18
DoubleQLearning,0,2753,-15.000000000000004,17
DoubleQLearning,0,2754,-15.000000000000004,17
DoubleQLearning,0,2755,-22.999999999999993,25
DoubleQLearning,0,2756,-16.000000000000004,18
DoubleQLearning,0,2757,-18.999999999999996,21
DoubleQLearning,0,2758,-19.0,21
DoubleQLearning,0,2759,-15.000000000000004,17
DoubleQLearning,0,2760,-18.0,20
DoubleQLearning,0,2761,-16.000000000000004,18
DoubleQLearning,0,2762,-15.000000000000004,17
DoubleQLearning,0,2763,-15.000000000000004,17
DoubleQLearning,0,2764,-19.999999999999996,22
DoubleQLearning,0,2765,-18.0,20
DoubleQLearning,0,2766,-19.0,21
DoubleQLearning,0,2767,-17.000000000000004,19
DoubleQLearning,0,2768,-16.000000000000004,18
DoubleQLearning,0,2769,-15.000000000000004,17
DoubleQLearning,0,2770,-15.000000000000004,17
DoubleQLearning,0,2771,-16.000000000000004,18
DoubleQLearning,0,2772,-17.000000000000004,19
DoubleQLearning,0,2773,-21.999999999999993,24
DoubleQLearning,0,2774,-17.0,19
DoubleQLearning,0,2775,-16.000000000000004,18
DoubleQLearning,0,2776,-16.000000000000004,18
DoubleQLearning,0,2777,-18.000000000000004,20
DoubleQLearning,0,2778,-17.000000000000004,19
DoubleQLearning,0,2779,-15.000000000000004,17
DoubleQLearning,0,2780,-17.0,19
DoubleQLearning,0,2781,-17.0,19
DoubleQLearning,0,2782,-16.000000000000004,18
DoubleQLearning,0,2783,-19.000000000000004,21
DoubleQLearning,0,2784,-17.000000000000004,19
DoubleQLearning,0,2785,-16.000000000000004,18
DoubleQLearning,0,2786,-15.000000000000004,17
DoubleQLearning,0,2787,-18.0,20
DoubleQLearning,0,2788,-19.0,21
DoubleQLearning,0,2789,-17.000000000000004,19
DoubleQLearning,0,2790,-15.000000000000004,17
DoubleQLearning,0,2791,-17.000000000000004,19
DoubleQLearning,0,2792,-17.000000000000004,19
DoubleQLearning,0,2793,-18.0,20
DoubleQLearning,0,2794,-20.0,22
DoubleQLearning,0,2795,-18.000000000000004,20
DoubleQLearning,0,2796,-17.0,19
DoubleQLearning,0,2797,-17.000000000000004,19
DoubleQLearning,0,2798,-18.0,20
DoubleQLearning,0,2799,-15.000000000000004,17
DoubleQLearning,0,2800,-16.000000000000004,18
DoubleQLearning,0,2801,-16.000000000000004,18
DoubleQLearning,0,2802,-17.000000000000004,19
DoubleQLearning,0,2803,-15.000000000000004,17
DoubleQLearning,0,2804,-15.000000000000004,17
DoubleQLearning,0,2805,-17.000000000000004,19
DoubleQLearning,0,2806,-20.0,22
DoubleQLearning,0,2807,-17.000000000000004,19
DoubleQLearning,0,2808,-19.0,21
DoubleQLearning,0,2809,-15.000000000000004,17
DoubleQLearning,0,2810,-19.0,21
DoubleQLearning,0,2811,-16.000000000000004,18
DoubleQLearning,0,2812,-16.000000000000004,18
DoubleQLearning,0,2813,-17.000000000000004,19
DoubleQLearning,0,2814,-17.0,19
DoubleQLearning,0,2815,-15.000000000000004,17
DoubleQLearning,0,2816,-16.000000000000004,18
DoubleQLearning,0,2817,-17.0,19
DoubleQLearning,0,2818,-15.000000000000004,17
DoubleQLearning,0,2819,-16.000000000000004,18
DoubleQLearning,0,2820,-17.0,19
DoubleQLearning,0,2821,-17.000000000000004,19
DoubleQLearning,0,2822,-18.0,20
DoubleQLearning,0,2823,-22.999999999999996,25
DoubleQLearning,0,2824,-16.000000000000004,18
DoubleQLearning,0,2825,-16.000000000000004,18
DoubleQLearning,0,2826,-16.000000000000004,18
DoubleQLearning,0,2827,-15.000000000000004,17
DoubleQLearning,0,2828,-18.0,20
DoubleQLearning,0,2829,-19.999999999999996,22
DoubleQLearning,0,2830,-16.000000000000004,18
DoubleQLearning,0,2831,-16.000000000000004,18
DoubleQLearning,0,2832,-17.0,19
DoubleQLearning,0,2833,-16.000000000000004,18
DoubleQLearning,0,2834,-15.000000000000004,17
DoubleQLearning,0,2835,-17.0,19
DoubleQLearning,0,2836,-15.000000000000004,17
DoubleQLearning,0,2837,-17.000000000000004,19
DoubleQLearning,0,2838,-15.000000000000004,17
DoubleQLearning,0,2839,-16.000000000000004,18
DoubleQLearning,0,2840,-15.000000000000004,17
DoubleQLearning,0,2841,-100.0,1
DoubleQLearning,0,2842,-15.000000000000004,17
DoubleQLearning,0,2843,-100.0,1
DoubleQLearning,0,2844,-22.0,24
DoubleQLearning,0,2845,-19.999999999999996,22
DoubleQLearning,0,2846,-16.000000000000004,18
DoubleQLearning,0,2847,-17.0,19
DoubleQLearning,0,2848,-15.000000000000004,17
DoubleQLearning,0,2849,-15.000000000000004,17
DoubleQLearning,0,2850,-17.0,19
DoubleQLearning,0,2851,-19.000000000000004,21
DoubleQLearning,0,2852,-15.000000000000004,17
DoubleQLearning,0,2853,-15.000000000000004,17
DoubleQLearning,0,2854,-16.000000000000004,18
DoubleQLearning,0,2855,-15.000000000000004,17
DoubleQLearning,0,2856,-17.000000000000004,19
DoubleQLearning,0,2857,-19.0,21
DoubleQLearning,0,2858,-18.0,20
DoubleQLearning,0,2859,-16.000000000000004,18
DoubleQLearning,0,2860,-15.000000000000004,17
DoubleQLearning,0,2861,-16.000000000000004,18
DoubleQLearning,0,2862,-30.0,32
DoubleQLearning,0,2863,-18.0,20
DoubleQLearning,0,2864,-15.000000000000004,17
DoubleQLearning,0,2865,-16.000000000000004,18
DoubleQLearning,0,2866,-18.0,20
DoubleQLearning,0,2867,-17.000000000000004,19
DoubleQLearning,0,2868,-16.000000000000004,18
DoubleQLearning,0,2869,-18.0,20
DoubleQLearning,0,2870,-15.000000000000004,17
DoubleQLearning,0,2871,-20.0,22
DoubleQLearning,0,2872,-15.000000000000004,17
DoubleQLearning,0,2873,-19.0,21
DoubleQLearning,0,2874,-17.0,19
DoubleQLearning,0,2875,-17.0,19
DoubleQLearning,0,2876,-18.0,20
DoubleQLearning,0,2877,-15.000000000000004,17
DoubleQLearning,0,2878,-17.000000000000004,19
DoubleQLearning,0,2879,-15.000000000000004,17
DoubleQLearning,0,2880,-18.0,20
DoubleQLearning,0,2881,-19.999999999999996,22
DoubleQLearning,0,2882,-15.000000000000004,17
DoubleQLearning,0,2883,-17.000000000000004,19
DoubleQLearning,0,2884,-15.000000000000004,17
DoubleQLearning,0,2885,-17.000000000000004,19
DoubleQLearning,0,2886,-15.000000000000004,17
DoubleQLearning,0,2887,-17.0,19
DoubleQLearning,0,2888,-17.0,19
DoubleQLearning,0,2889,-100.0,1
DoubleQLearning,0,2890,-100.0,1
DoubleQLearning,0,2891,-15.000000000000004,17
DoubleQLearning,0,2892,-19.0,21
DoubleQLearning,0,2893,-15.000000000000004,17
DoubleQLearning,0,2894,-17.000000000000004,19
DoubleQLearning,0,2895,-15.000000000000004,17
DoubleQLearning,0,2896,-15.000000000000004,17
DoubleQLearning,0,2897,-19.999999999999996,22
DoubleQLearning,0,2898,-16.000000000000004,18
DoubleQLearning,0,2899,-15.000000000000004,17
DoubleQLearning,0,2900,-16.000000000000004,18
DoubleQLearning,0,2901,-17.0,19
DoubleQLearning,0,2902,-16.000000000000004,18
DoubleQLearning,0,2903,-16.000000000000004,18
DoubleQLearning,0,2904,-20.999999999999996,23
DoubleQLearning,0,2905,-19.999999999999996,22
DoubleQLearning,0,2906,-17.000000000000004,19
DoubleQLearning,0,2907,-20.999999999999996,23
DoubleQLearning,0,2908,-16.000000000000004,18
DoubleQLearning,0,2909,-17.0,19
DoubleQLearning,0,2910,-17.0,19
DoubleQLearning,0,2911,-24.999999999999996,27
DoubleQLearning,0,2912,-15.000000000000004,17
DoubleQLearning,0,2913,-15.000000000000004,17
DoubleQLearning,0,2914,-15.000000000000004,17
DoubleQLearning,0,2915,-18.0,20
DoubleQLearning,0,2916,-17.000000000000004,19
DoubleQLearning,0,2917,-21.000000000000004,23
DoubleQLearning,0,2918,-15.000000000000004,17
DoubleQLearning,0,2919,-23.0,25
DoubleQLearning,0,2920,-100.0,1
DoubleQLearning,0,2921,-15.000000000000004,17
DoubleQLearning,0,2922,-16.000000000000004,18
DoubleQLearning,0,2923,-20.0,22
DoubleQLearning,0,2924,-15.000000000000004,17
DoubleQLearning,0,2925,-19.0,21
DoubleQLearning,0,2926,-100.0,1
DoubleQLearning,0,2927,-16.000000000000004,18
DoubleQLearning,0,2928,-21.0,23
DoubleQLearning,0,2929,-24.999999999999993,27
DoubleQLearning,0,2930,-17.000000000000004,19
DoubleQLearning,0,2931,-15.000000000000004,17
DoubleQLearning,0,2932,-16.000000000000004,18
DoubleQLearning,0,2933,-20.999999999999996,23
DoubleQLearning,0,2934,-16.000000000000004,18
DoubleQLearning,0,2935,-17.0,19
DoubleQLearning,0,2936,-15.000000000000004,17
DoubleQLearning,0,2937,-15.000000000000004,17
DoubleQLearning,0,2938,-15.000000000000004,17
DoubleQLearning,0,2939,-16.000000000000004,18
DoubleQLearning,0,2940,-15.000000000000004,17
DoubleQLearning,0,2941,-17.000000000000004,19
DoubleQLearning,0,2942,-17.000000000000004,19
DoubleQLearning,0,2943,-17.000000000000004,19
DoubleQLearning,0,2944,-18.0,20
DoubleQLearning,0,2945,-18.0,20
DoubleQLearning,0,2946,-18.0,20
DoubleQLearning,0,2947,-15.000000000000004,17
DoubleQLearning,0,2948,-18.0,20
DoubleQLearning,0,2949,-15.000000000000004,17
DoubleQLearning,0,2950,-15.000000000000004,17
DoubleQLearning,0,2951,-20.999999999999996,23
DoubleQLearning,0,2952,-19.0,21
DoubleQLearning,0,2953,-17.0,19
DoubleQLearning,0,2954,-15.000000000000004,17
DoubleQLearning,0,2955,-15.000000000000004,17
DoubleQLearning,0,2956,-16.000000000000004,18
DoubleQLearning,0,2957,-19.999999999999996,22
DoubleQLearning,0,2958,-15.000000000000004,17
DoubleQLearning,0,2959,-15.000000000000004,17
DoubleQLearning,0,2960,-17.000000000000004,19
DoubleQLearning,0,2961,-18.0,20
DoubleQLearning,0,2962,-18.0,20
DoubleQLearning,0,2963,-15.000000000000004,17
DoubleQLearning,0,2964,-18.0,20
DoubleQLearning,0,2965,-15.000000000000004,17
DoubleQLearning,0,2966,-18.0,20
DoubleQLearning,0,2967,-100.0,1
DoubleQLearning,0,2968,-15.000000000000004,17
DoubleQLearning,0,2969,-101.0,2
DoubleQLearning,0,2970,-17.000000000000004,19
DoubleQLearning,0,2971,-19.0,21
DoubleQLearning,0,2972,-16.000000000000004,18
DoubleQLearning,0,2973,-15.000000000000004,17
DoubleQLearning,0,2974,-15.000000000000004,17
DoubleQLearning,0,2975,-15.000000000000004,17
DoubleQLearning,0,2976,-100.0,1
DoubleQLearning,0,2977,-17.000000000000004,19
DoubleQLearning,0,2978,-19.0,21
DoubleQLearning,0,2979,-17.000000000000004,19
DoubleQLearning,0,2980,-18.0,20
DoubleQLearning,0,2981,-16.000000000000004,18
DoubleQLearning,0,2982,-19.0,21
DoubleQLearning,0,2983,-17.000000000000004,19
DoubleQLearning,0,2984,-17.0,19
DoubleQLearning,0,2985,-16.000000000000004,18
DoubleQLearning,0,2986,-16.000000000000004,18
DoubleQLearning,0,2987,-18.0,20
DoubleQLearning,0,2988,-15.000000000000004,17
DoubleQLearning,0,2989,-15.000000000000004,17
DoubleQLearning,0,2990,-16.000000000000004,18
DoubleQLearning,0,2991,-16.000000000000004,18
DoubleQLearning,0,2992,-18.0,20
DoubleQLearning,0,2993,-16.000000000000004,18
DoubleQLearning,0,2994,-16.000000000000004,18
DoubleQLearning,0,2995,-16.000000000000004,18
DoubleQLearning,0,2996,-23.999999999999996,26
DoubleQLearning,0,2997,-15.000000000000004,17
DoubleQLearning,0,2998,-15.000000000000004,17
DoubleQLearning,0,2999,-18.999999999999996,21
DoubleQLearning,0,3000,-21.0,23
MonteCarloControl,0,1,-66.0,68
MonteCarloControl,0,2,-100.0,1
MonteCarloControl,0,3,-100.0,1
MonteCarloControl,0,4,-99.10000000000005,100
MonteCarloControl,0,5,-107.0,8
MonteCarloControl,0,6,-101.0,2
MonteCarloControl,0,7,-115.9,17
MonteCarloControl,0,8,-130.1,32
MonteCarloControl,0,9,-119.8,21
MonteCarloControl,0,10,-158.7,60
MonteCarloControl,0,11,-108.0,9
MonteCarloControl,0,12,-168.60000000000002,70
MonteCarloControl,0,13,-185.50000000000006,87
MonteCarloControl,0,14,-107.0,8
MonteCarloControl,0,15,-119.0,20
MonteCarloControl,0,16,-99.60000000000002,100
MonteCarloControl,0,17,-138.0,39
MonteCarloControl,0,18,-153.39999999999998,55
MonteCarloControl,0,19,-136.0,37
MonteCarloControl,0,20,-130.0,31
MonteCarloControl,0,21,-132.7,34
MonteCarloControl,0,22,-114.0,15
MonteCarloControl,0,23,-103.0,4
MonteCarloControl,0,24,-171.3,73
MonteCarloControl,0,25,-110.0,11
MonteCarloControl,0,26,-128.0,29
MonteCarloControl,0,27,-162.0,63
MonteCarloControl,0,28,-114.0,15
MonteCarloControl,0,29,-111.0,12
MonteCarloControl,0,30,-172.60000000000002,74
MonteCarloControl,0,31,-113.0,14
MonteCarloControl,0,32,-100.0,100
MonteCarloControl,0,33,-154.2,56
MonteCarloControl,0,34,-104.0,5
MonteCarloControl,0,35,-99.80000000000004,100
MonteCarloControl,0,36,-182.40000000000003,84
MonteCarloControl,0,37,-100.0,1
MonteCarloControl,0,38,-129.0,30
MonteCarloControl,0,39,-120.0,21
MonteCarloControl,0,40,-108.0,9
MonteCarloControl,0,41,-105.0,6
MonteCarloControl,0,42,-125.0,26
MonteCarloControl,0,43,-125.9,27
MonteCarloControl,0,44,-99.99999999999994,100
MonteCarloControl,0,45,-121.0,22
MonteCarloControl,0,46,-109.0,10
MonteCarloControl,0,47,-86.00000000000001,88
MonteCarloControl,0,48,-136.0,37
MonteCarloControl,0,49,-179.10000000000002,81
MonteCarloControl,0,50,-78.00000000000004,80
MonteCarloControl,0,51,-126.0,27
MonteCarloControl,0,52,-114.0,15
MonteCarloControl,0,53,-118.0,19
MonteCarloControl,0,54,-136.0,37
MonteCarloControl,0,55,-188.30000000000004,90
MonteCarloControl,0,56,-111.0,12
MonteCarloControl,0,57,-111.0,12
MonteCarloControl,0,58,-107.0,8
MonteCarloControl,0,59,-164.1,66
MonteCarloControl,0,60,-100.0,100
MonteCarloControl,0,61,-62.999999999999986,65
MonteCarloControl,0,62,-99.20000000000005,100
MonteCarloControl,0,63,-122.0,23
MonteCarloControl,0,64,-157.0,58
MonteCarloControl,0,65,-100.0,100
MonteCarloControl,0,66,-107.0,8
MonteCarloControl,0,67,-68.00000000000003,70
MonteCarloControl,0,68,-157.0,58
MonteCarloControl,0,69,-90.0,92
MonteCarloControl,0,70,-123.0,24
MonteCarloControl,0,71,-125.0,26
MonteCarloControl,0,72,-123.0,24
MonteCarloControl,0,73,-158.0,59
MonteCarloControl,0,74,-102.0,3
MonteCarloControl,0,75,-126.29999999999998,28
MonteCarloControl,0,76,-116.0,17
MonteCarloControl,0,77,-38.99999999999999,41
MonteCarloControl,0,78,-115.0,16
MonteCarloControl,0,79,-122.0,23
MonteCarloControl,0,80,-82.00000000000001,84
MonteCarloControl,0,81,-112.0,13
MonteCarloControl,0,82,-147.0,48
MonteCarloControl,0,83,-105.0,6
MonteCarloControl,0,84,-59.99999999999998,62
MonteCarloControl,0,85,-114.0,15
MonteCarloControl,0,86,-123.0,24
MonteCarloControl,0,87,-122.0,23
MonteCarloControl,0,88,-162.5,64
MonteCarloControl,0,89,-109.0,10
MonteCarloControl,0,90,-172.0,73
MonteCarloControl,0,91,-100.0,100
MonteCarloControl,0,92,-29.999999999999996,32
MonteCarloControl,0,93,-155.9,57
MonteCarloControl,0,94,-132.0,33
MonteCarloControl,0,95,-123.0,24
MonteCarloControl,0,96,-186.29999999999998,88
MonteCarloControl,0,97,-110.0,11
MonteCarloControl,0,98,-124.0,25
MonteCarloControl,0,99,-19.999999999999996,22
MonteCarloControl,0,100,-158.0,59
MonteCarloControl,0,101,-107.0,8
MonteCarloControl,0,102,-142.5,44
MonteCarloControl,0,103,-77.00000000000003,79
MonteCarloControl,0,104,-146.0,47
MonteCarloControl,0,105,-163.0,64
MonteCarloControl,0,106,-36.99999999999999,39
MonteCarloControl,0,107,-101.0,2
MonteCarloControl,0,108,-121.0,22
MonteCarloControl,0,109,-157.2,59
MonteCarloControl,0,110,-100.0,100
MonteCarloControl,0,111,-22.999999999999996,25
MonteCarloControl,0,112,-120.0,21
MonteCarloControl,0,113,-135.1,37
MonteCarloControl,0,114,-120.0,21
MonteCarloControl,0,115,-97.0,99
MonteCarloControl,0,116,-19.0,21
MonteCarloControl,0,117,-114.0,15
MonteCarloControl,0,118,-192.0,93
MonteCarloControl,0,119,-140.0,41
MonteCarloControl,0,120,-27.999999999999996,30
MonteCarloControl,0,121,-113.0,14
MonteCarloControl,0,122,-108.0,9
MonteCarloControl,0,123,-21.999999999999993,24
MonteCarloControl,0,124,-134.0,35
MonteCarloControl,0,125,-145.0,46
MonteCarloControl,0,126,-114.0,15
MonteCarloControl,0,127,-103.0,4
MonteCarloControl,0,128,-102.0,3
MonteCarloControl,0,129,-134.1,36
MonteCarloControl,0,130,-129.0,30
MonteCarloControl,0,131,-107.0,8
MonteCarloControl,0,132,-119.0,20
MonteCarloControl,0,133,-31.999999999999986,34
MonteCarloControl,0,134,-139.0,40
MonteCarloControl,0,135,-31.999999999999986,34
MonteCarloControl,0,136,-140.0,41
MonteCarloControl,0,137,-100.0,100
MonteCarloControl,0,138,-45.999999999999986,48
MonteCarloControl,0,139,-121.0,22
MonteCarloControl,0,140,-121.0,22
MonteCarloControl,0,141,-123.0,24
MonteCarloControl,0,142,-28.0,30
MonteCarloControl,0,143,-148.0,49
MonteCarloControl,0,144,-104.0,5
MonteCarloControl,0,145,-101.0,2
MonteCarloControl,0,146,-104.0,5
MonteCarloControl,0,147,-102.0,3
MonteCarloControl,0,148,-117.0,18
MonteCarloControl,0,149,-16.000000000000004,18
MonteCarloControl,0,150,-136.0,37
MonteCarloControl,0,151,-117.0,18
MonteCarloControl,0,152,-115.0,16
MonteCarloControl,0,153,-123.39999999999999,25
MonteCarloControl,0,154,-171.0,72
MonteCarloControl,0,155,-123.0,24
MonteCarloControl,0,156,-123.0,24
MonteCarloControl,0,157,-104.0,5
MonteCarloControl,0,158,-107.0,8
MonteCarloControl,0,159,-58.999999999999986,61
MonteCarloControl,0,160,-125.0,26
MonteCarloControl,0,161,-166.0,67
MonteCarloControl,0,162,-151.6,53
MonteCarloControl,0,163,-100.0,1
MonteCarloControl,0,164,-130.0,31
MonteCarloControl,0,165,-188.0,89
MonteCarloControl,0,166,-105.0,6
MonteCarloControl,0,167,-108.0,9
MonteCarloControl,0,168,-37.999999999999986,40
MonteCarloControl,0,169,-111.0,12
MonteCarloControl,0,170,-128.0,29
MonteCarloControl,0,171,-114.0,15
MonteCarloControl,0,172,-107.0,8
MonteCarloControl,0,173,-103.0,4
MonteCarloControl,0,174,-153.0,54
MonteCarloControl,0,175,-20.999999999999993,23
MonteCarloControl,0,176,-107.0,8
MonteCarloControl,0,177,-133.0,34
MonteCarloControl,0,178,-109.0,10
MonteCarloControl,0,179,-22.99999999999999,25
MonteCarloControl,0,180,-65.0,67
MonteCarloControl,0,181,-137.0,38
MonteCarloControl,0,182,-113.0,14
MonteCarloControl,0,183,-102.0,3
MonteCarloControl,0,184,-56.999999999999986,59
MonteCarloControl,0,185,-69.00000000000003,71
MonteCarloControl,0,186,-49.999999999999986,52
MonteCarloControl,0,187,-113.0,14
MonteCarloControl,0,188,-160.0,61
MonteCarloControl,0,189,-104.0,5
MonteCarloControl,0,190,-36.999999999999986,39
MonteCarloControl,0,191,-116.0,17
MonteCarloControl,0,192,-123.69999999999999,25
MonteCarloControl,0,193,-149.0,50
MonteCarloControl,0,194,-114.8,16
MonteCarloControl,0,195,-107.0,8
MonteCarloControl,0,196,-104.0,5
MonteCarloControl,0,197,-125.0,26
MonteCarloControl,0,198,-114.5,16
MonteCarloControl,0,199,-42.999999999999986,45
MonteCarloControl,0,200,-120.0,21
MonteCarloControl,0,201,-44.999999999999986,47
MonteCarloControl,0,202,-165.0,66
MonteCarloControl,0,203,-113.0,14
MonteCarloControl,0,204,-15.000000000000004,17
MonteCarloControl,0,205,-151.0,52
MonteCarloControl,0,206,-100.0,1
MonteCarloControl,0,207,-126.0,27
MonteCarloControl,0,208,-120.0,21
MonteCarloControl,0,209,-18.0,20
MonteCarloControl,0,210,-97.00000000000006,99
MonteCarloControl,0,211,-107.0,8
MonteCarloControl,0,212,-125.0,26
MonteCarloControl,0,213,-32.999999999999986,35
MonteCarloControl,0,214,-112.0,13
MonteCarloControl,0,215,-17.0,19
MonteCarloControl,0,216,-100.0,1
MonteCarloControl,0,217,-115.0,16
MonteCarloControl,0,218,-124.0,25
MonteCarloControl,0,219,-106.0,7
MonteCarloControl,0,220,-163.0,64
MonteCarloControl,0,221,-112.0,13
MonteCarloControl,0,222,-102.0,3
MonteCarloControl,0,223,-180.70000000000002,82
MonteCarloControl,0,224,-143.0,44
MonteCarloControl,0,225,-20.999999999999993,23
MonteCarloControl,0,226,-138.0,39
MonteCarloControl,0,227,-114.0,15
MonteCarloControl,0,228,-119.0,20
MonteCarloControl,0,229,-132.0,33
MonteCarloControl,0,230,-105.0,6
MonteCarloControl,0,231,-14.000000000000004,16
MonteCarloControl,0,232,-145.9,47
MonteCarloControl,0,233,-105.0,6
MonteCarloControl,0,234,-125.0,26
MonteCarloControl,0,235,-116.5,18
MonteCarloControl,0,236,-121.0,22
MonteCarloControl,0,237,-118.0,19
MonteCarloControl,0,238,-107.0,8
MonteCarloControl,0,239,-132.0,33
MonteCarloControl,0,240,-101.0,2
MonteCarloControl,0,241,-126.0,27
MonteCarloControl,0,242,-112.0,13
MonteCarloControl,0,243,-114.0,15
MonteCarloControl,0,244,-105.0,6
MonteCarloControl,0,245,-109.0,10
MonteCarloControl,0,246,-128.0,29
MonteCarloControl,0,247,-113.0,14
MonteCarloControl,0,248,-25.99999999999999,28
MonteCarloControl,0,249,-20.0,22
MonteCarloControl,0,250,-123.0,24
MonteCarloControl,0,251,-42.999999999999986,45
MonteCarloControl,0,252,-103.0,4
MonteCarloControl,0,253,-124.8,26
MonteCarloControl,0,254,-113.0,14
MonteCarloControl,0,255,-110.0,11
MonteCarloControl,0,256,-27.99999999999999,30
MonteCarloControl,0,257,-131.0,32
MonteCarloControl,0,258,-135.0,36
MonteCarloControl,0,259,-130.0,31
MonteCarloControl,0,260,-108.0,9
MonteCarloControl,0,261,-23.99999999999999,26
MonteCarloControl,0,262,-105.0,6
MonteCarloControl,0,263,-114.0,15
MonteCarloControl,0,264,-184.0,85
MonteCarloControl,0,265,-110.7,12
MonteCarloControl,0,266,-80.00000000000006,82
MonteCarloControl,0,267,-109.0,10
MonteCarloControl,0,268,-111.0,12
MonteCarloControl,0,269,-106.0,7
MonteCarloControl,0,270,-141.7,43
MonteCarloControl,0,271,-126.0,27
MonteCarloControl,0,272,-188.70000000000002,90
MonteCarloControl,0,273,-125.0,26
MonteCarloControl,0,274,-131.0,32
MonteCarloControl,0,275,-20.999999999999993,23
MonteCarloControl,0,276,-116.0,17
MonteCarloControl,0,277,-27.999999999999986,30
MonteCarloControl,0,278,-187.40000000000003,89
MonteCarloControl,0,279,-105.0,6
MonteCarloControl,0,280,-124.0,25
MonteCarloControl,0,281,-126.0,27
MonteCarloControl,0,282,-169.0,70
MonteCarloControl,0,283,-113.0,14
MonteCarloControl,0,284,-19.999999999999996,22
MonteCarloControl,0,285,-100.0,1
MonteCarloControl,0,286,-130.0,31
MonteCarloControl,0,287,-99.70000000000002,100
MonteCarloControl,0,288,-180.0,81
MonteCarloControl,0,289,-104.0,5
MonteCarloControl,0,290,-125.0,26
MonteCarloControl,0,291,-112.0,13
MonteCarloControl,0,292,-122.0,23
MonteCarloControl,0,293,-102.0,3
MonteCarloControl,0,294,-113.0,14
MonteCarloControl,0,295,-23.99999999999999,26
MonteCarloControl,0,296,-153.0,54
MonteCarloControl,0,297,-115.7,17
MonteCarloControl,0,298,-155.0,56
MonteCarloControl,0,299,-154.0,55
MonteCarloControl,0,300,-44.999999999999986,47
MonteCarloControl,0,301,-177.0,78
MonteCarloControl,0,302,-118.0,19
MonteCarloControl,0,303,-110.0,11
MonteCarloControl,0,304,-41.999999999999986,44
MonteCarloControl,0,305,-120.0,21
MonteCarloControl,0,306,-77.00000000000006,79
MonteCarloControl,0,307,-143.0,44
MonteCarloControl,0,308,-26.999999999999986,29
MonteCarloControl,0,309,-153.0,54
MonteCarloControl,0,310,-118.0,19
MonteCarloControl,0,311,-117.0,18
MonteCarloControl,0,312,-106.0,7
MonteCarloControl,0,313,-123.0,24
MonteCarloControl,0,314,-105.6,7
MonteCarloControl,0,315,-45.999999999999986,48
MonteCarloControl,0,316,-116.0,17
MonteCarloControl,0,317,-141.29999999999998,43
MonteCarloControl,0,318,-135.0,36
MonteCarloControl,0,319,-30.999999999999986,33
MonteCarloControl,0,320,-112.0,13
MonteCarloControl,0,321,-178.0,79
MonteCarloControl,0,322,-18.999999999999996,21
MonteCarloControl,0,323,-110.0,11
MonteCarloControl,0,324,-145.6,47
MonteCarloControl,0,325,-100.0,100
MonteCarloControl,0,326,-13.000000000000004,15
MonteCarloControl,0,327,-27.999999999999986,30
MonteCarloControl,0,328,-148.0,49
MonteCarloControl,0,329,-110.5,12
MonteCarloControl,0,330,-153.0,54
MonteCarloControl,0,331,-18.999999999999996,21
MonteCarloControl,0,332,-68.0,70
MonteCarloControl,0,333,-159.6,61
MonteCarloControl,0,334,-149.0,50
MonteCarloControl,0,335,-109.0,10
MonteCarloControl,0,336,-67.0,69
MonteCarloControl,0,337,-142.0,43
MonteCarloControl,0,338,-109.0,10
MonteCarloControl,0,339,-141.0,42
MonteCarloControl,0,340,-108.0,9
MonteCarloControl,0,341,-37.999999999999986,40
MonteCarloControl,0,342,-131.0,32
MonteCarloControl,0,343,-38.999999999999986,41
MonteCarloControl,0,344,-133.0,34
MonteCarloControl,0,345,-122.0,23
MonteCarloControl,0,346,-111.0,12
MonteCarloControl,0,347,-136.0,37
MonteCarloControl,0,348,-101.0,2
MonteCarloControl,0,349,-131.0,32
MonteCarloControl,0,350,-152.0,53
MonteCarloControl,0,351,-104.0,5
MonteCarloControl,0,352,-100.0,1
MonteCarloControl,0,353,-111.0,12
MonteCarloControl,0,354,-45.999999999999986,48
MonteCarloControl,0,355,-53.999999999999986,56
MonteCarloControl,0,356,-102.0,3
MonteCarloControl,0,357,-81.00000000000006,83
MonteCarloControl,0,358,-124.0,25
MonteCarloControl,0,359,-104.0,5
MonteCarloControl,0,360,-114.0,15
MonteCarloControl,0,361,-106.0,7
MonteCarloControl,0,362,-162.0,63
MonteCarloControl,0,363,-147.0,48
MonteCarloControl,0,364,-28.999999999999986,31
MonteCarloControl,0,365,-117.0,18
MonteCarloControl,0,366,-109.0,10
MonteCarloControl,0,367,-106.0,7
MonteCarloControl,0,368,-102.0,3
MonteCarloControl,0,369,-116.0,17
MonteCarloControl,0,370,-27.999999999999986,30
MonteCarloControl,0,371,-107.0,8
MonteCarloControl,0,372,-189.0,90
MonteCarloControl,0,373,-21.999999999999993,24
MonteCarloControl,0,374,-120.39999999999999,22
MonteCarloControl,0,375,-40.999999999999986,43
MonteCarloControl,0,376,-117.0,18
MonteCarloControl,0,377,-14.000000000000004,16
MonteCarloControl,0,378,-130.0,31
MonteCarloControl,0,379,-121.0,22
MonteCarloControl,0,380,-111.0,12
MonteCarloControl,0,381,-38.999999999999986,41
MonteCarloControl,0,382,-107.0,8
MonteCarloControl,0,383,-120.0,21
MonteCarloControl,0,384,-121.0,22
MonteCarloControl,0,385,-124.0,25
MonteCarloControl,0,386,-35.999999999999986,38
MonteCarloControl,0,387,-101.0,2
MonteCarloControl,0,388,-124.0,25
MonteCarloControl,0,389,-105.0,6
MonteCarloControl,0,390,-119.0,20
MonteCarloControl,0,391,-117.0,18
MonteCarloControl,0,392,-25.999999999999993,28
MonteCarloControl,0,393,-140.0,41
MonteCarloControl,0,394,-112.6,14
MonteCarloControl,0,395,-103.0,4
MonteCarloControl,0,396,-27.999999999999986,30
MonteCarloControl,0,397,-129.0,30
MonteCarloControl,0,398,-105.0,6
MonteCarloControl,0,399,-136.0,37
MonteCarloControl,0,400,-22.99999999999999,25
MonteCarloControl,0,401,-126.0,27
MonteCarloControl,0,402,-21.999999999999993,24
MonteCarloControl,0,403,-195.0,96
MonteCarloControl,0,404,-18.0,20
MonteCarloControl,0,405,-153.0,54
MonteCarloControl,0,406,-112.0,13
MonteCarloControl,0,407,-115.0,16
MonteCarloControl,0,408,-115.0,16
MonteCarloControl,0,409,-119.8,21
MonteCarloControl,0,410,-35.999999999999986,38
MonteCarloControl,0,411,-121.0,22
MonteCarloControl,0,412,-108.0,9
MonteCarloControl,0,413,-112.0,13
MonteCarloControl,0,414,-130.0,31
MonteCarloControl,0,415,-111.0,12
MonteCarloControl,0,416,-79.00000000000006,81
MonteCarloControl,0,417,-125.0,26
MonteCarloControl,0,418,-53.999999999999986,56
MonteCarloControl,0,419,-131.0,32
MonteCarloControl,0,420,-111.0,12
MonteCarloControl,0,421,-38.999999999999986,41
MonteCarloControl,0,422,-137.0,38
MonteCarloControl,0,423,-20.999999999999993,23
MonteCarloControl,0,424,-132.0,33
MonteCarloControl,0,425,-114.0,15
MonteCarloControl,0,426,-132.0,33
MonteCarloControl,0,427,-181.70000000000002,83
MonteCarloControl,0,428,-108.0,9
MonteCarloControl,0,429,-29.999999999999986,32
MonteCarloControl,0,430,-133.0,34
MonteCarloControl,0,431,-107.0,8
MonteCarloControl,0,432,-113.0,14
MonteCarloControl,0,433,-116.6,18
MonteCarloControl,0,434,-102.0,3
MonteCarloControl,0,435,-106.0,7
MonteCarloControl,0,436,-126.0,27
MonteCarloControl,0,437,-128.0,29
MonteCarloControl,0,438,-18.999999999999996,21
MonteCarloControl,0,439,-121.0,22
MonteCarloControl,0,440,-27.999999999999986,30
MonteCarloControl,0,441,-38.999999999999986,41
MonteCarloControl,0,442,-168.0,69
MonteCarloControl,0,443,-101.0,2
MonteCarloControl,0,444,-22.99999999999999,25
MonteCarloControl,0,445,-140.0,41
MonteCarloControl,0,446,-106.0,7
MonteCarloControl,0,447,-167.0,68
MonteCarloControl,0,448,-28.999999999999986,31
MonteCarloControl,0,449,-104.0,5
MonteCarloControl,0,450,-112.0,13
MonteCarloControl,0,451,-99.60000000000002,100
MonteCarloControl,0,452,-57.999999999999986,60
MonteCarloControl,0,453,-133.0,34
MonteCarloControl,0,454,-136.9,38
MonteCarloControl,0,455,-95.00000000000006,97
MonteCarloControl,0,456,-192.0,93
MonteCarloControl,0,457,-11.000000000000002,13
MonteCarloControl,0,458,-100.0,1
MonteCarloControl,0,459,-107.0,8
MonteCarloControl,0,460,-123.0,24
MonteCarloControl,0,461,-135.0,36
MonteCarloControl,0,462,-127.5,29
MonteCarloControl,0,463,-126.0,27
MonteCarloControl,0,464,-13.000000000000004,15
MonteCarloControl,0,465,-17.0,19
MonteCarloControl,0,466,-63.999999999999986,66
MonteCarloControl,0,467,-133.0,34
MonteCarloControl,0,468,-15.000000000000002,17
MonteCarloControl,0,469,-154.0,55
MonteCarloControl,0,470,-52.999999999999986,55
MonteCarloControl,0,471,-139.0,40
MonteCarloControl,0,472,-101.0,2
MonteCarloControl,0,473,-100.0,100
MonteCarloControl,0,474,-138.0,39
MonteCarloControl,0,475,-107.0,8
MonteCarloControl,0,476,-14.000000000000004,16
MonteCarloControl,0,477,-113.0,14
MonteCarloControl,0,478,-39.999999999999986,42
MonteCarloControl,0,479,-145.0,46
MonteCarloControl,0,480,-12.000000000000002,14
MonteCarloControl,0,481,-104.0,5
MonteCarloControl,0,482,-115.0,16
MonteCarloControl,0,483,-37.999999999999986,40
MonteCarloControl,0,484,-113.0,14
MonteCarloControl,0,485,-121.0,22
MonteCarloControl,0,486,-107.0,8
MonteCarloControl,0,487,-116.0,17
MonteCarloControl,0,488,-102.0,3
MonteCarloControl,0,489,-132.0,33
MonteCarloControl,0,490,-171.0,72
MonteCarloControl,0,491,-122.0,23
MonteCarloControl,0,492,-105.0,6
MonteCarloControl,0,493,-156.0,57
MonteCarloControl,0,494,-54.999999999999986,57
MonteCarloControl,0,495,-21.999999999999993,24
MonteCarloControl,0,496,-79.00000000000006,81
MonteCarloControl,0,497,-147.0,48
MonteCarloControl,0,498,-107.0,8
MonteCarloControl,0,499,-61.999999999999986,64
MonteCarloControl,0,500,-116.0,17
MonteCarloControl,0,501,-104.0,5
MonteCarloControl,0,502,-120.0,21
MonteCarloControl,0,503,-120.0,21
MonteCarloControl,0,504,-100.0,100
MonteCarloControl,0,505,-113.7,15
MonteCarloControl,0,506,-166.0,67
MonteCarloControl,0,507,-154.0,55
MonteCarloControl,0,508,-103.0,4
MonteCarloControl,0,509,-102.0,3
MonteCarloControl,0,510,-104.0,5
MonteCarloControl,0,511,-28.999999999999986,31
MonteCarloControl,0,512,-60.999999999999986,63
MonteCarloControl,0,513,-40.999999999999986,43
MonteCarloControl,0,514,-100.0,100
MonteCarloControl,0,515,-110.1,12
MonteCarloControl,0,516,-125.0,26
MonteCarloControl,0,517,-101.0,2
MonteCarloControl,0,518,-46.999999999999986,49
MonteCarloControl,0,519,-149.0,50
MonteCarloControl,0,520,-132.0,33
MonteCarloControl,0,521,-50.999999999999986,53
MonteCarloControl,0,522,-181.0,82
MonteCarloControl,0,523,-106.0,7
MonteCarloControl,0,524,-123.0,24
MonteCarloControl,0,525,-106.0,7
MonteCarloControl,0,526,-108.0,9
MonteCarloControl,0,527,-104.0,5
MonteCarloControl,0,528,-195.0,96
MonteCarloControl,0,529,-141.0,42
MonteCarloControl,0,530,-124.0,25
MonteCarloControl,0,531,-15.000000000000004,17
MonteCarloControl,0,532,-139.0,40
MonteCarloControl,0,533,-115.0,16
MonteCarloControl,0,534,-130.0,31
MonteCarloControl,0,535,-26.999999999999993,29
MonteCarloControl,0,536,-121.0,22
MonteCarloControl,0,537,-111.0,12
MonteCarloControl,0,538,-107.0,8
MonteCarloControl,0,539,-106.0,7
MonteCarloControl,0,540,-107.0,8
MonteCarloControl,0,541,-20.999999999999993,23
MonteCarloControl,0,542,-133.0,34
MonteCarloControl,0,543,-26.999999999999986,29
MonteCarloControl,0,544,-164.7,66
MonteCarloControl,0,545,-121.3,23
MonteCarloControl,0,546,-26.999999999999986,29
MonteCarloControl,0,547,-141.0,42
MonteCarloControl,0,548,-112.0,13
MonteCarloControl,0,549,-72.00000000000004,74
MonteCarloControl,0,550,-106.0,7
MonteCarloControl,0,551,-112.0,13
MonteCarloControl,0,552,-47.999999999999986,50
MonteCarloControl,0,553,-32.999999999999986,35
MonteCarloControl,0,554,-107.0,8
MonteCarloControl,0,555,-108.0,9
MonteCarloControl,0,556,-93.00000000000006,95
MonteCarloControl,0,557,-167.0,68
MonteCarloControl,0,558,-130.0,31
MonteCarloControl,0,559,-116.0,17
MonteCarloControl,0,560,-18.0,20
MonteCarloControl,0,561,-114.0,15
MonteCarloControl,0,562,-142.0,43
MonteCarloControl,0,563,-114.0,15
MonteCarloControl,0,564,-160.0,61
MonteCarloControl,0,565,-100.0,100
MonteCarloControl,0,566,-25.99999999999999,28
MonteCarloControl,0,567,-105.0,6
MonteCarloControl,0,568,-130.0,31
MonteCarloControl,0,569,-49.999999999999986,52
MonteCarloControl,0,570,-131.0,32
MonteCarloControl,0,571,-109.0,10
MonteCarloControl,0,572,-172.0,73
MonteCarloControl,0,573,-105.0,6
MonteCarloControl,0,574,-111.0,12
MonteCarloControl,0,575,-52.999999999999986,55
MonteCarloControl,0,576,-101.0,2
MonteCarloControl,0,577,-100.0,1
MonteCarloControl,0,578,-178.0,79
MonteCarloControl,0,579,-37.999999999999986,40
MonteCarloControl,0,580,-103.0,4
MonteCarloControl,0,581,-79.00000000000006,81
MonteCarloControl,0,582,-113.0,14
MonteCarloControl,0,583,-46.999999999999986,49
MonteCarloControl,0,584,-121.0,22
MonteCarloControl,0,585,-116.0,17
MonteCarloControl,0,586,-113.0,14
MonteCarloControl,0,587,-117.3,19
MonteCarloControl,0,588,-100.0,1
MonteCarloControl,0,589,-127.19999999999999,29
MonteCarloControl,0,590,-29.999999999999986,32
MonteCarloControl,0,591,-108.0,9
MonteCarloControl,0,592,-107.0,8
MonteCarloControl,0,593,-100.0,100
MonteCarloControl,0,594,-108.0,9
MonteCarloControl,0,595,-18.0,20
MonteCarloControl,0,596,-106.0,7
MonteCarloControl,0,597,-124.0,25
MonteCarloControl,0,598,-113.2,15
MonteCarloControl,0,599,-171.60000000000002,73
MonteCarloControl,0,600,-104.0,5
MonteCarloControl,0,601,-100.0,100
MonteCarloControl,0,602,-113.0,14
MonteCarloControl,0,603,-114.0,15
MonteCarloControl,0,604,-37.99999999999999,40
MonteCarloControl,0,605,-65.0,67
MonteCarloControl,0,606,-130.0,31
MonteCarloControl,0,607,-121.0,22
MonteCarloControl,0,608,-50.999999999999986,53
MonteCarloControl,0,609,-121.0,22
MonteCarloControl,0,610,-109.0,10
MonteCarloControl,0,611,-115.0,16
MonteCarloControl,0,612,-117.0,18
MonteCarloControl,0,613,-13.000000000000004,15
MonteCarloControl,0,614,-143.0,44
MonteCarloControl,0,615,-59.999999999999986,62
MonteCarloControl,0,616,-148.39999999999998,50
MonteCarloControl,0,617,-128.0,29
MonteCarloControl,0,618,-55.999999999999986,58
MonteCarloControl,0,619,-55.999999999999986,58
MonteCarloControl,0,620,-31.999999999999986,34
MonteCarloControl,0,621,-118.0,19
MonteCarloControl,0,622,-68.00000000000001,70
MonteCarloControl,0,623,-104.0,5
MonteCarloControl,0,624,-172.0,73
MonteCarloControl,0,625,-119.0,20
MonteCarloControl,0,626,-110.0,11
MonteCarloControl,0,627,-111.0,12
MonteCarloControl,0,628,-11.000000000000002,13
MonteCarloControl,0,629,-110.0,11
MonteCarloControl,0,630,-18.0,20
MonteCarloControl,0,631,-113.0,14
MonteCarloControl,0,632,-109.0,10
MonteCarloControl,0,633,-107.0,8
MonteCarloControl,0,634,-101.0,2
MonteCarloControl,0,635,-117.0,18
MonteCarloControl,0,636,-86.00000000000006,88
MonteCarloControl,0,637,-58.999999999999986,61
MonteCarloControl,0,638,-20.0,22
MonteCarloControl,0,639,-107.0,8
MonteCarloControl,0,640,-105.0,6
MonteCarloControl,0,641,-46.999999999999986,49
MonteCarloControl,0,642,-44.999999999999986,47
MonteCarloControl,0,643,-106.0,7
MonteCarloControl,0,644,-100.0,100
MonteCarloControl,0,645,-128.0,29
MonteCarloControl,0,646,-101.0,2
MonteCarloControl,0,647,-51.999999999999986,54
MonteCarloControl,0,648,-150.5,52
MonteCarloControl,0,649,-82.00000000000006,84
MonteCarloControl,0,650,-162.0,63
MonteCarloControl,0,651,-102.0,3
MonteCarloControl,0,652,-112.5,14
MonteCarloControl,0,653,-165.0,66
MonteCarloControl,0,654,-100.0,100
MonteCarloControl,0,655,-83.00000000000006,85
MonteCarloControl,0,656,-114.0,15
MonteCarloControl,0,657,-146.0,47
MonteCarloControl,0,658,-40.999999999999986,43
MonteCarloControl,0,659,-101.0,2
MonteCarloControl,0,660,-26.999999999999986,29
MonteCarloControl,0,661,-113.0,14
MonteCarloControl,0,662,-119.1,21
MonteCarloControl,0,663,-109.0,10
MonteCarloControl,0,664,-169.0,70
MonteCarloControl,0,665,-47.999999999999986,50
MonteCarloControl,0,666,-104.0,5
MonteCarloControl,0,667,-137.0,38
MonteCarloControl,0,668,-113.0,14
MonteCarloControl,0,669,-110.0,11
MonteCarloControl,0,670,-47.999999999999986,50
MonteCarloControl,0,671,-141.0,42
MonteCarloControl,0,672,-107.0,8
MonteCarloControl,0,673,-106.0,7
MonteCarloControl,0,674,-62.999999999999986,65
MonteCarloControl,0,675,-138.2,40
MonteCarloControl,0,676,-100.0,1
MonteCarloControl,0,677,-69.00000000000001,71
MonteCarloControl,0,678,-110.0,11
MonteCarloControl,0,679,-137.0,38
MonteCarloControl,0,680,-135.0,36
MonteCarloControl,0,681,-15.000000000000004,17
MonteCarloControl,0,682,-113.0,14
MonteCarloControl,0,683,-19.999999999999996,22
MonteCarloControl,0,684,-111.0,12
MonteCarloControl,0,685,-110.0,11
MonteCarloControl,0,686,-101.0,2
MonteCarloControl,0,687,-126.0,27
MonteCarloControl,0,688,-55.999999999999986,58
MonteCarloControl,0,689,-53.999999999999986,56
MonteCarloControl,0,690,-149.0,50
MonteCarloControl,0,691,-40.999999999999986,43
MonteCarloControl,0,692,-106.0,7
MonteCarloControl,0,693,-135.0,36
MonteCarloControl,0,694,-111.0,12
MonteCarloControl,0,695,-168.0,69
MonteCarloControl,0,696,-117.0,18
MonteCarloControl,0,697,-103.0,4
MonteCarloControl,0,698,-109.0,10
MonteCarloControl,0,699,-115.6,17
MonteCarloControl,0,700,-159.0,60
MonteCarloControl,0,701,-109.0,10
MonteCarloControl,0,702,-127.0,28
MonteCarloControl,0,703,-71.00000000000004,73
MonteCarloControl,0,704,-111.0,12
MonteCarloControl,0,705,-160.0,61
MonteCarloControl,0,706,-39.999999999999986,42
MonteCarloControl,0,707,-152.0,53
MonteCarloControl,0,708,-113.0,14
MonteCarloControl,0,709,-114.0,15
MonteCarloControl,0,710,-113.0,14
MonteCarloControl,0,711,-13.000000000000004,15
MonteCarloControl,0,712,-121.0,22
MonteCarloControl,0,713,-129.0,30
MonteCarloControl,0,714,-46.999999999999986,49
MonteCarloControl,0,715,-55.999999999999986,58
MonteCarloControl,0,716,-119.0,20
MonteCarloControl,0,717,-120.9,22
MonteCarloControl,0,718,-133.0,34
MonteCarloControl,0,719,-103.0,4
MonteCarloControl,0,720,-112.0,13
MonteCarloControl,0,721,-126.0,27
MonteCarloControl,0,722,-23.99999999999999,26
MonteCarloControl,0,723,-140.0,41
MonteCarloControl,0,724,-15.000000000000004,17
MonteCarloControl,0,725,-104.0,5
MonteCarloControl,0,726,-162.0,63
MonteCarloControl,0,727,-102.0,3
MonteCarloControl,0,728,-18.999999999999996,21
MonteCarloControl,0,729,-38.999999999999986,41
MonteCarloControl,0,730,-120.8,22
MonteCarloControl,0,731,-128.0,29
MonteCarloControl,0,732,-135.0,36
MonteCarloControl,0,733,-116.0,17
MonteCarloControl,0,734,-104.0,5
MonteCarloControl,0,735,-111.0,12
MonteCarloControl,0,736,-104.0,5
MonteCarloControl,0,737,-20.999999999999996,23
MonteCarloControl,0,738,-62.999999999999986,65
MonteCarloControl,0,739,-30.999999999999986,33
MonteCarloControl,0,740,-145.0,46
MonteCarloControl,0,741,-101.0,2
MonteCarloControl,0,742,-118.0,19
MonteCarloControl,0,743,-179.0,80
MonteCarloControl,0,744,-100.0,1
MonteCarloControl,0,745,-114.0,15
MonteCarloControl,0,746,-34.999999999999986,37
MonteCarloControl,0,747,-30.999999999999986,33
MonteCarloControl,0,748,-59.999999999999986,62
MonteCarloControl,0,749,-107.0,8
MonteCarloControl,0,750,-111.0,12
MonteCarloControl,0,751,-100.0,100
MonteCarloControl,0,752,-120.0,21
MonteCarloControl,0,753,-51.999999999999986,54
MonteCarloControl,0,754,-139.0,40
MonteCarloControl,0,755,-106.0,7
MonteCarloControl,0,756,-125.0,26
MonteCarloControl,0,757,-106.0,7
MonteCarloControl,0,758,-104.0,5
MonteCarloControl,0,759,-155.2,57
MonteCarloControl,0,760,-153.1,55
MonteCarloControl,0,761,-132.0,33
MonteCarloControl,0,762,-15.000000000000004,17
MonteCarloControl,0,763,-122.0,23
MonteCarloControl,0,764,-182.0,83
MonteCarloControl,0,765,-31.999999999999986,34
MonteCarloControl,0,766,-102.0,3
MonteCarloControl,0,767,-34.999999999999986,37
MonteCarloControl,0,768,-183.0,84
MonteCarloControl,0,769,-122.0,23
MonteCarloControl,0,770,-142.0,43
MonteCarloControl,0,771,-131.8,33
MonteCarloControl,0,772,-113.0,14
MonteCarloControl,0,773,-112.0,13
MonteCarloControl,0,774,-114.0,15
MonteCarloControl,0,775,-185.20000000000005,87
MonteCarloControl,0,776,-144.0,45
MonteCarloControl,0,777,-118.0,19
MonteCarloControl,0,778,-163.0,64
MonteCarloControl,0,779,-122.0,23
MonteCarloControl,0,780,-146.6,48
MonteCarloControl,0,781,-103.0,4
MonteCarloControl,0,782,-112.0,13
MonteCarloControl,0,783,-62.999999999999986,65
MonteCarloControl,0,784,-116.0,17
MonteCarloControl,0,785,-115.0,16
MonteCarloControl,0,786,-110.0,11
MonteCarloControl,0,787,-100.0,1
MonteCarloControl,0,788,-112.0,13
MonteCarloControl,0,789,-18.999999999999996,21
MonteCarloControl,0,790,-112.0,13
MonteCarloControl,0,791,-123.0,24
MonteCarloControl,0,792,-129.0,30
MonteCarloControl,0,793,-40.999999999999986,43
MonteCarloControl,0,794,-133.0,34
MonteCarloControl,0,795,-114.0,15
MonteCarloControl,0,796,-133.0,34
MonteCarloControl,0,797,-144.0,45
MonteCarloControl,0,798,-23.99999999999999,26
MonteCarloControl,0,799,-106.0,7
MonteCarloControl,0,800,-140.0,41
MonteCarloControl,0,801,-39.999999999999986,42
MonteCarloControl,0,802,-134.0,35
MonteCarloControl,0,803,-152.0,53
MonteCarloControl,0,804,-100.0,100
MonteCarloControl,0,805,-47.999999999999986,50
MonteCarloControl,0,806,-120.0,21
MonteCarloControl,0,807,-116.0,17
MonteCarloControl,0,808,-163.0,64
MonteCarloControl,0,809,-27.99999999999998,30
MonteCarloControl,0,810,-11.000000000000002,13
MonteCarloControl,0,811,-118.0,19
MonteCarloControl,0,812,-114.0,15
MonteCarloControl,0,813,-143.0,44
MonteCarloControl,0,814,-142.0,43
MonteCarloControl,0,815,-29.999999999999986,32
MonteCarloControl,0,816,-145.0,46
MonteCarloControl,0,817,-29.999999999999986,32
MonteCarloControl,0,818,-138.0,39
MonteCarloControl,0,819,-117.1,19
MonteCarloControl,0,820,-43.999999999999986,46
MonteCarloControl,0,821,-22.99999999999999,25
MonteCarloControl,0,822,-15.000000000000004,17
MonteCarloControl,0,823,-107.0,8
MonteCarloControl,0,824,-125.8,27
MonteCarloControl,0,825,-108.0,9
MonteCarloControl,0,826,-107.0,8
MonteCarloControl,0,827,-146.0,47
MonteCarloControl,0,828,-121.0,22
MonteCarloControl,0,829,-50.999999999999986,53
MonteCarloControl,0,830,-121.0,22
MonteCarloControl,0,831,-21.999999999999993,24
MonteCarloControl,0,832,-37.99999999999999,40
MonteCarloControl,0,833,-121.9,23
MonteCarloControl,0,834,-106.0,7
MonteCarloControl,0,835,-62.999999999999986,65
MonteCarloControl,0,836,-35.999999999999986,38
MonteCarloControl,0,837,-41.999999999999986,44
MonteCarloControl,0,838,-123.0,24
MonteCarloControl,0,839,-118.0,19
MonteCarloControl,0,840,-20.0,22
MonteCarloControl,0,841,-169.20000000000005,71
MonteCarloControl,0,842,-118.0,19
MonteCarloControl,0,843,-100.0,1
MonteCarloControl,0,844,-176.0,77
MonteCarloControl,0,845,-47.999999999999986,50
MonteCarloControl,0,846,-89.00000000000006,91
MonteCarloControl,0,847,-109.0,10
MonteCarloControl,0,848,-124.0,25
MonteCarloControl,0,849,-152.0,53
MonteCarloControl,0,850,-20.999999999999993,23
MonteCarloControl,0,851,-102.0,3
MonteCarloControl,0,852,-129.0,30
MonteCarloControl,0,853,-100.0,1
MonteCarloControl,0,854,-105.0,6
MonteCarloControl,0,855,-125.0,26
MonteCarloControl,0,856,-123.39999999999999,25
MonteCarloControl,0,857,-129.0,30
MonteCarloControl,0,858,-11.000000000000002,13
MonteCarloControl,0,859,-119.0,20
MonteCarloControl,0,860,-104.0,5
MonteCarloControl,0,861,-107.0,8
MonteCarloControl,0,862,-137.0,38
MonteCarloControl,0,863,-43.999999999999986,46
MonteCarloControl,0,864,-112.0,13
MonteCarloControl,0,865,-110.0,11
MonteCarloControl,0,866,-32.999999999999986,35
MonteCarloControl,0,867,-103.0,4
MonteCarloControl,0,868,-104.0,5
MonteCarloControl,0,869,-109.0,10
MonteCarloControl,0,870,-145.5,47
MonteCarloControl,0,871,-102.0,3
MonteCarloControl,0,872,-105.0,6
MonteCarloControl,0,873,-19.999999999999996,22
MonteCarloControl,0,874,-114.0,15
MonteCarloControl,0,875,-125.29999999999998,27
MonteCarloControl,0,876,-133.0,34
MonteCarloControl,0,877,-119.0,20
MonteCarloControl,0,878,-15.000000000000004,17
MonteCarloControl,0,879,-43.999999999999986,46
MonteCarloControl,0,880,-119.0,20
MonteCarloControl,0,881,-25.999999999999986,28
MonteCarloControl,0,882,-137.0,38
MonteCarloControl,0,883,-105.0,6
MonteCarloControl,0,884,-18.000000000000004,20
MonteCarloControl,0,885,-179.0,80
MonteCarloControl,0,886,-117.0,18
MonteCarloControl,0,887,-111.9,13
MonteCarloControl,0,888,-155.0,56
MonteCarloControl,0,889,-23.99999999999999,26
MonteCarloControl,0,890,-39.999999999999986,42
MonteCarloControl,0,891,-157.0,58
MonteCarloControl,0,892,-115.0,16
MonteCarloControl,0,893,-107.4,9
MonteCarloControl,0,894,-108.0,9
MonteCarloControl,0,895,-148.0,49
MonteCarloControl,0,896,-114.0,15
MonteCarloControl,0,897,-117.0,18
MonteCarloControl,0,898,-32.999999999999986,35
MonteCarloControl,0,899,-116.0,17
MonteCarloControl,0,900,-100.0,100
MonteCarloControl,0,901,-101.0,2
MonteCarloControl,0,902,-123.0,24
MonteCarloControl,0,903,-34.999999999999986,37
MonteCarloControl,0,904,-119.0,20
MonteCarloControl,0,905,-104.0,5
MonteCarloControl,0,906,-16.000000000000004,18
MonteCarloControl,0,907,-17.0,19
MonteCarloControl,0,908,-105.0,6
MonteCarloControl,0,909,-26.99999999999999,29
MonteCarloControl,0,910,-30.999999999999986,33
MonteCarloControl,0,911,-115.0,16
MonteCarloControl,0,912,-100.0,100
MonteCarloControl,0,913,-105.0,6
MonteCarloControl,0,914,-37.999999999999986,40
MonteCarloControl,0,915,-117.0,18
MonteCarloControl,0,916,-112.0,13
MonteCarloControl,0,917,-107.0,8
MonteCarloControl,0,918,-23.99999999999999,26
MonteCarloControl,0,919,-105.0,6
MonteCarloControl,0,920,-63.999999999999986,66
MonteCarloControl,0,921,-130.0,31
MonteCarloControl,0,922,-21.0,23
MonteCarloControl,0,923,-108.0,9
MonteCarloControl,0,924,-17.0,19
MonteCarloControl,0,925,-128.0,29
MonteCarloControl,0,926,-111.7,13
MonteCarloControl,0,927,-135.0,36
MonteCarloControl,0,928,-22.99999999999999,25
MonteCarloControl,0,929,-105.0,6
MonteCarloControl,0,930,-104.0,5
MonteCarloControl,0,931,-14.000000000000004,16
MonteCarloControl,0,932,-28.999999999999986,31
MonteCarloControl,0,933,-29.999999999999986,32
MonteCarloControl,0,934,-39.999999999999986,42
MonteCarloControl,0,935,-26.99999999999999,29
MonteCarloControl,0,936,-151.0,52
MonteCarloControl,0,937,-23.999999999999993,26
MonteCarloControl,0,938,-103.0,4
MonteCarloControl,0,939,-108.0,9
MonteCarloControl,0,940,-17.0,19
MonteCarloControl,0,941,-15.000000000000004,17
MonteCarloControl,0,942,-113.0,14
MonteCarloControl,0,943,-117.0,18
MonteCarloControl,0,944,-123.5,25
MonteCarloControl,0,945,-20.999999999999993,23
MonteCarloControl,0,946,-110.0,11
MonteCarloControl,0,947,-158.0,59
MonteCarloControl,0,948,-112.0,13
MonteCarloControl,0,949,-81.00000000000006,83
MonteCarloControl,0,950,-78.00000000000006,80
MonteCarloControl,0,951,-185.0,86
MonteCarloControl,0,952,-15.000000000000004,17
MonteCarloControl,0,953,-40.999999999999986,43
MonteCarloControl,0,954,-24.99999999999999,27
MonteCarloControl,0,955,-105.0,6
MonteCarloControl,0,956,-127.0,28
MonteCarloControl,0,957,-20.999999999999993,23
MonteCarloControl,0,958,-40.999999999999986,43
MonteCarloControl,0,959,-15.000000000000004,17
MonteCarloControl,0,960,-100.0,1
MonteCarloControl,0,961,-101.0,2
MonteCarloControl,0,962,-21.999999999999993,24
MonteCarloControl,0,963,-13.000000000000002,15
MonteCarloControl,0,964,-33.99999999999999,36
MonteCarloControl,0,965,-112.0,13
MonteCarloControl,0,966,-112.0,13
MonteCarloControl,0,967,-13.000000000000004,15
MonteCarloControl,0,968,-33.999999999999986,36
MonteCarloControl,0,969,-165.0,66
MonteCarloControl,0,970,-115.0,16
MonteCarloControl,0,971,-110.0,11
MonteCarloControl,0,972,-24.999999999999996,27
MonteCarloControl,0,973,-69.00000000000003,71
MonteCarloControl,0,974,-21.999999999999996,24
MonteCarloControl,0,975,-21.0,23
MonteCarloControl,0,976,-107.0,8
MonteCarloControl,0,977,-14.000000000000004,16
MonteCarloControl,0,978,-87.00000000000006,89
MonteCarloControl,0,979,-108.0,9
MonteCarloControl,0,980,-101.0,2
MonteCarloControl,0,981,-49.999999999999986,52
MonteCarloControl,0,982,-120.0,21
MonteCarloControl,0,983,-110.0,11
MonteCarloControl,0,984,-114.0,15
MonteCarloControl,0,985,-18.999999999999996,21
MonteCarloControl,0,986,-94.00000000000006,96
MonteCarloControl,0,987,-24.999999999999986,27
MonteCarloControl,0,988,-39.999999999999986,42
MonteCarloControl,0,989,-48.999999999999986,51
MonteCarloControl,0,990,-137.0,38
MonteCarloControl,0,991,-152.2,54
MonteCarloControl,0,992,-105.0,6
MonteCarloControl,0,993,-17.0,19
MonteCarloControl,0,994,-22.99999999999999,25
MonteCarloControl,0,995,-29.999999999999986,32
MonteCarloControl,0,996,-26.999999999999986,29
MonteCarloControl,0,997,-103.0,4
MonteCarloControl,0,998,-143.0,44
MonteCarloControl,0,999,-25.999999999999986,28
MonteCarloControl,0,1000,-100.0,100
MonteCarloControl,0,1001,-109.0,10
MonteCarloControl,0,1002,-135.0,36
MonteCarloControl,0,1003,-124.8,26
MonteCarloControl,0,1004,-113.0,14
MonteCarloControl,0,1005,-126.0,27
MonteCarloControl,0,1006,-123.0,24
MonteCarloControl,0,1007,-106.0,7
MonteCarloControl,0,1008,-39.999999999999986,42
MonteCarloControl,0,1009,-115.0,16
MonteCarloControl,0,1010,-120.0,21
MonteCarloControl,0,1011,-132.0,33
MonteCarloControl,0,1012,-123.0,24
MonteCarloControl,0,1013,-109.0,10
MonteCarloControl,0,1014,-116.2,18
MonteCarloControl,0,1015,-14.000000000000004,16
MonteCarloControl,0,1016,-122.0,23
MonteCarloControl,0,1017,-110.0,11
MonteCarloControl,0,1018,-13.000000000000004,15
MonteCarloControl,0,1019,-18.0,20
MonteCarloControl,0,1020,-155.1,57
MonteCarloControl,0,1021,-107.0,8
MonteCarloControl,0,1022,-172.20000000000005,74
MonteCarloControl,0,1023,-48.999999999999986,51
MonteCarloControl,0,1024,-147.5,49
MonteCarloControl,0,1025,-19.999999999999996,22
MonteCarloControl,0,1026,-122.0,23
MonteCarloControl,0,1027,-106.0,7
MonteCarloControl,0,1028,-162.0,63
MonteCarloControl,0,1029,-108.0,9
MonteCarloControl,0,1030,-14.000000000000004,16
MonteCarloControl,0,1031,-103.0,4
MonteCarloControl,0,1032,-24.999999999999993,27
MonteCarloControl,0,1033,-141.0,42
MonteCarloControl,0,1034,-107.0,8
MonteCarloControl,0,1035,-18.999999999999996,21
MonteCarloControl,0,1036,-111.0,12
MonteCarloControl,0,1037,-54.999999999999986,57
MonteCarloControl,0,1038,-102.0,3
MonteCarloControl,0,1039,-118.0,19
MonteCarloControl,0,1040,-106.0,7
MonteCarloControl,0,1041,-20.999999999999996,23
MonteCarloControl,0,1042,-57.999999999999986,60
MonteCarloControl,0,1043,-24.999999999999986,27
MonteCarloControl,0,1044,-16.000000000000004,18
MonteCarloControl,0,1045,-162.0,63
MonteCarloControl,0,1046,-110.0,11
MonteCarloControl,0,1047,-13.000000000000004,15
MonteCarloControl,0,1048,-14.000000000000002,16
MonteCarloControl,0,1049,-108.0,9
MonteCarloControl,0,1050,-28.999999999999986,31
MonteCarloControl,0,1051,-12.000000000000002,14
MonteCarloControl,0,1052,-182.0,83
MonteCarloControl,0,1053,-19.999999999999996,22
MonteCarloControl,0,1054,-101.0,2
MonteCarloControl,0,1055,-112.7,14
MonteCarloControl,0,1056,-43.999999999999986,46
MonteCarloControl,0,1057,-16.000000000000004,18
MonteCarloControl,0,1058,-25.999999999999986,28
MonteCarloControl,0,1059,-143.6,45
MonteCarloControl,0,1060,-43.999999999999986,46
MonteCarloControl,0,1061,-158.1,60
MonteCarloControl,0,1062,-108.0,9
MonteCarloControl,0,1063,-130.0,31
MonteCarloControl,0,1064,-116.0,17
MonteCarloControl,0,1065,-116.0,17
MonteCarloControl,0,1066,-34.999999999999986,37
MonteCarloControl,0,1067,-53.999999999999986,56
MonteCarloControl,0,1068,-133.0,34
MonteCarloControl,0,1069,-13.000000000000004,15
MonteCarloControl,0,1070,-119.0,20
MonteCarloControl,0,1071,-112.0,13
MonteCarloControl,0,1072,-128.0,29
MonteCarloControl,0,1073,-28.99999999999999,31
MonteCarloControl,0,1074,-103.0,4
MonteCarloControl,0,1075,-27.999999999999986,30
MonteCarloControl,0,1076,-24.999999999999986,27
MonteCarloControl,0,1077,-118.0,19
MonteCarloControl,0,1078,-100.0,1
MonteCarloControl,0,1079,-170.8,72
MonteCarloControl,0,1080,-16.000000000000004,18
MonteCarloControl,0,1081,-149.8,51
MonteCarloControl,0,1082,-117.0,18
MonteCarloControl,0,1083,-132.0,33
MonteCarloControl,0,1084,-24.999999999999996,27
MonteCarloControl,0,1085,-152.0,53
MonteCarloControl,0,1086,-118.69999999999999,20
MonteCarloControl,0,1087,-105.0,6
MonteCarloControl,0,1088,-187.40000000000003,89
MonteCarloControl,0,1089,-111.0,12
MonteCarloControl,0,1090,-19.999999999999996,22
MonteCarloControl,0,1091,-67.0,69
MonteCarloControl,0,1092,-112.6,14
MonteCarloControl,0,1093,-41.999999999999986,44
MonteCarloControl,0,1094,-106.0,7
MonteCarloControl,0,1095,-102.0,3
MonteCarloControl,0,1096,-104.0,5
MonteCarloControl,0,1097,-50.999999999999986,53
MonteCarloControl,0,1098,-15.000000000000004,17
MonteCarloControl,0,1099,-16.000000000000004,18
MonteCarloControl,0,1100,-165.0,66
MonteCarloControl,0,1101,-127.0,28
MonteCarloControl,0,1102,-128.0,29
MonteCarloControl,0,1103,-134.0,35
MonteCarloControl,0,1104,-21.999999999999993,24
MonteCarloControl,0,1105,-110.0,11
MonteCarloControl,0,1106,-90.00000000000006,92
MonteCarloControl,0,1107,-141.2,43
MonteCarloControl,0,1108,-14.000000000000004,16
MonteCarloControl,0,1109,-22.99999999999999,25
MonteCarloControl,0,1110,-21.999999999999993,24
MonteCarloControl,0,1111,-101.0,2
MonteCarloControl,0,1112,-26.999999999999986,29
MonteCarloControl,0,1113,-25.999999999999993,28
MonteCarloControl,0,1114,-18.999999999999996,21
MonteCarloControl,0,1115,-128.0,29
MonteCarloControl,0,1116,-46.999999999999986,49
MonteCarloControl,0,1117,-16.000000000000004,18
MonteCarloControl,0,1118,-17.0,19
MonteCarloControl,0,1119,-105.0,6
MonteCarloControl,0,1120,-100.0,1
MonteCarloControl,0,1121,-111.0,12
MonteCarloControl,0,1122,-100.0,1
MonteCarloControl,0,1123,-115.0,16
MonteCarloControl,0,1124,-138.0,39
MonteCarloControl,0,1125,-119.0,20
MonteCarloControl,0,1126,-134.0,35
MonteCarloControl,0,1127,-159.0,60
MonteCarloControl,0,1128,-105.0,6
MonteCarloControl,0,1129,-123.0,24
MonteCarloControl,0,1130,-137.0,38
MonteCarloControl,0,1131,-28.999999999999986,31
MonteCarloControl,0,1132,-13.000000000000004,15
MonteCarloControl,0,1133,-103.0,4
MonteCarloControl,0,1134,-117.0,18
MonteCarloControl,0,1135,-126.8,28
MonteCarloControl,0,1136,-21.999999999999993,24
MonteCarloControl,0,1137,-121.3,23
MonteCarloControl,0,1138,-17.0,19
MonteCarloControl,0,1139,-103.0,4
MonteCarloControl,0,1140,-125.9,27
MonteCarloControl,0,1141,-132.0,33
MonteCarloControl,0,1142,-105.6,7
MonteCarloControl,0,1143,-111.6,13
MonteCarloControl,0,1144,-105.0,6
MonteCarloControl,0,1145,-114.0,15
MonteCarloControl,0,1146,-143.0,44
MonteCarloControl,0,1147,-105.0,6
MonteCarloControl,0,1148,-126.8,28
MonteCarloControl,0,1149,-16.000000000000004,18
MonteCarloControl,0,1150,-54.999999999999986,57
MonteCarloControl,0,1151,-36.999999999999986,39
MonteCarloControl,0,1152,-23.999999999999993,26
MonteCarloControl,0,1153,-107.6,9
MonteCarloControl,0,1154,-16.000000000000004,18
MonteCarloControl,0,1155,-100.0,1
MonteCarloControl,0,1156,-120.9,22
MonteCarloControl,0,1157,-25.99999999999999,28
MonteCarloControl,0,1158,-23.999999999999993,26
MonteCarloControl,0,1159,-16.000000000000004,18
MonteCarloControl,0,1160,-22.999999999999993,25
MonteCarloControl,0,1161,-121.0,22
MonteCarloControl,0,1162,-159.0,60
MonteCarloControl,0,1163,-148.0,49
MonteCarloControl,0,1164,-140.6,42
MonteCarloControl,0,1165,-19.999999999999996,22
MonteCarloControl,0,1166,-146.7,48
MonteCarloControl,0,1167,-23.99999999999999,26
MonteCarloControl,0,1168,-21.999999999999993,24
MonteCarloControl,0,1169,-101.0,2
MonteCarloControl,0,1170,-12.000000000000002,14
MonteCarloControl,0,1171,-12.000000000000002,14
MonteCarloControl,0,1172,-128.0,29
MonteCarloControl,0,1173,-37.999999999999986,40
MonteCarloControl,0,1174,-111.0,12
MonteCarloControl,0,1175,-111.0,12
MonteCarloControl,0,1176,-21.999999999999993,24
MonteCarloControl,0,1177,-105.0,6
MonteCarloControl,0,1178,-118.0,19
MonteCarloControl,0,1179,-32.999999999999986,35
MonteCarloControl,0,1180,-35.999999999999986,38
MonteCarloControl,0,1181,-12.000000000000002,14
MonteCarloControl,0,1182,-168.0,69
MonteCarloControl,0,1183,-133.0,34
MonteCarloControl,0,1184,-16.000000000000004,18
MonteCarloControl,0,1185,-60.999999999999986,63
MonteCarloControl,0,1186,-23.999999999999993,26
MonteCarloControl,0,1187,-120.0,21
MonteCarloControl,0,1188,-18.0,20
MonteCarloControl,0,1189,-101.0,2
MonteCarloControl,0,1190,-51.999999999999986,54
MonteCarloControl,0,1191,-74.00000000000006,76
MonteCarloControl,0,1192,-37.999999999999986,40
MonteCarloControl,0,1193,-102.0,3
MonteCarloControl,0,1194,-108.0,9
MonteCarloControl,0,1195,-18.999999999999996,21
MonteCarloControl,0,1196,-13.000000000000004,15
MonteCarloControl,0,1197,-103.0,4
MonteCarloControl,0,1198,-139.0,40
MonteCarloControl,0,1199,-130.0,31
MonteCarloControl,0,1200,-130.0,31
MonteCarloControl,0,1201,-163.0,64
MonteCarloControl,0,1202,-100.0,1
MonteCarloControl,0,1203,-14.000000000000004,16
MonteCarloControl,0,1204,-40.999999999999986,43
MonteCarloControl,0,1205,-77.00000000000001,79
MonteCarloControl,0,1206,-128.39999999999998,30
MonteCarloControl,0,1207,-56.999999999999986,59
MonteCarloControl,0,1208,-72.00000000000004,74
MonteCarloControl,0,1209,-58.999999999999986,61
MonteCarloControl,0,1210,-38.999999999999986,41
MonteCarloControl,0,1211,-56.999999999999986,59
MonteCarloControl,0,1212,-107.0,8
MonteCarloControl,0,1213,-56.999999999999986,59
MonteCarloControl,0,1214,-107.0,8
MonteCarloControl,0,1215,-125.1,27
MonteCarloControl,0,1216,-103.0,4
MonteCarloControl,0,1217,-183.0,84
MonteCarloControl,0,1218,-123.0,24
MonteCarloControl,0,1219,-66.0,68
MonteCarloControl,0,1220,-25.999999999999986,28
MonteCarloControl,0,1221,-120.19999999999999,22
MonteCarloControl,0,1222,-103.0,4
MonteCarloControl,0,1223,-20.999999999999993,23
MonteCarloControl,0,1224,-169.0,70
MonteCarloControl,0,1225,-112.0,13
MonteCarloControl,0,1226,-112.0,13
MonteCarloControl,0,1227,-111.0,12
MonteCarloControl,0,1228,-22.99999999999999,25
MonteCarloControl,0,1229,-132.5,34
MonteCarloControl,0,1230,-24.99999999999999,27
MonteCarloControl,0,1231,-23.99999999999999,26
MonteCarloControl,0,1232,-18.0,20
MonteCarloControl,0,1233,-35.999999999999986,38
MonteCarloControl,0,1234,-76.00000000000006,78
MonteCarloControl,0,1235,-47.999999999999986,50
MonteCarloControl,0,1236,-44.999999999999986,47
MonteCarloControl,0,1237,-115.8,17
MonteCarloControl,0,1238,-105.0,6
MonteCarloControl,0,1239,-25.999999999999986,28
MonteCarloControl,0,1240,-43.999999999999986,46
MonteCarloControl,0,1241,-39.999999999999986,42
MonteCarloControl,0,1242,-104.0,5
MonteCarloControl,0,1243,-118.0,19
MonteCarloControl,0,1244,-11.000000000000002,13
MonteCarloControl,0,1245,-119.0,20
MonteCarloControl,0,1246,-136.0,37
MonteCarloControl,0,1247,-19.0,21
MonteCarloControl,0,1248,-109.0,10
MonteCarloControl,0,1249,-108.0,9
MonteCarloControl,0,1250,-116.0,17
MonteCarloControl,0,1251,-120.0,21
MonteCarloControl,0,1252,-36.999999999999986,39
MonteCarloControl,0,1253,-13.000000000000004,15
MonteCarloControl,0,1254,-111.0,12
MonteCarloControl,0,1255,-117.4,19
MonteCarloControl,0,1256,-14.000000000000004,16
MonteCarloControl,0,1257,-136.7,38
MonteCarloControl,0,1258,-22.99999999999999,25
MonteCarloControl,0,1259,-14.000000000000004,16
MonteCarloControl,0,1260,-102.0,3
MonteCarloControl,0,1261,-103.0,4
MonteCarloControl,0,1262,-22.99999999999999,25
MonteCarloControl,0,1263,-138.0,39
MonteCarloControl,0,1264,-114.0,15
MonteCarloControl,0,1265,-17.0,19
MonteCarloControl,0,1266,-30.99999999999999,33
MonteCarloControl,0,1267,-100.0,1
MonteCarloControl,0,1268,-15.000000000000004,17
MonteCarloControl,0,1269,-13.000000000000004,15
MonteCarloControl,0,1270,-144.0,45
MonteCarloControl,0,1271,-125.0,26
MonteCarloControl,0,1272,-35.999999999999986,38
MonteCarloControl,0,1273,-30.99999999999999,33
MonteCarloControl,0,1274,-26.999999999999986,29
MonteCarloControl,0,1275,-15.000000000000004,17
MonteCarloControl,0,1276,-144.0,45
MonteCarloControl,0,1277,-50.999999999999986,53
MonteCarloControl,0,1278,-57.999999999999986,60
MonteCarloControl,0,1279,-161.0,62
MonteCarloControl,0,1280,-103.0,4
MonteCarloControl,0,1281,-136.0,37
MonteCarloControl,0,1282,-103.0,4
MonteCarloControl,0,1283,-109.0,10
MonteCarloControl,0,1284,-166.0,67
MonteCarloControl,0,1285,-100.0,1
MonteCarloControl,0,1286,-40.999999999999986,43
MonteCarloControl,0,1287,-131.39999999999998,33
MonteCarloControl,0,1288,-33.999999999999986,36
MonteCarloControl,0,1289,-14.000000000000004,16
MonteCarloControl,0,1290,-106.0,7
MonteCarloControl,0,1291,-29.999999999999986,32
MonteCarloControl,0,1292,-33.999999999999986,36
MonteCarloControl,0,1293,-102.0,3
MonteCarloControl,0,1294,-117.0,18
MonteCarloControl,0,1295,-106.0,7
MonteCarloControl,0,1296,-101.0,2
MonteCarloControl,0,1297,-15.000000000000004,17
MonteCarloControl,0,1298,-19.0,21
MonteCarloControl,0,1299,-13.000000000000004,15
MonteCarloControl,0,1300,-147.0,48
MonteCarloControl,0,1301,-113.0,14
MonteCarloControl,0,1302,-115.0,16
MonteCarloControl,0,1303,-28.999999999999996,31
MonteCarloControl,0,1304,-102.0,3
MonteCarloControl,0,1305,-27.999999999999986,30
MonteCarloControl,0,1306,-22.999999999999993,25
MonteCarloControl,0,1307,-31.999999999999986,34
MonteCarloControl,0,1308,-17.0,19
MonteCarloControl,0,1309,-14.000000000000004,16
MonteCarloControl,0,1310,-24.99999999999999,27
MonteCarloControl,0,1311,-109.0,10
MonteCarloControl,0,1312,-104.0,5
MonteCarloControl,0,1313,-49.999999999999986,52
MonteCarloControl,0,1314,-103.0,4
MonteCarloControl,0,1315,-21.999999999999993,24
MonteCarloControl,0,1316,-37.999999999999986,40
MonteCarloControl,0,1317,-109.0,10
MonteCarloControl,0,1318,-29.999999999999986,32
MonteCarloControl,0,1319,-115.0,16
MonteCarloControl,0,1320,-110.0,11
MonteCarloControl,0,1321,-120.0,21
MonteCarloControl,0,1322,-23.999999999999993,26
MonteCarloControl,0,1323,-12.000000000000002,14
MonteCarloControl,0,1324,-142.0,43
MonteCarloControl,0,1325,-74.00000000000006,76
MonteCarloControl,0,1326,-121.0,22
MonteCarloControl,0,1327,-102.9,4
MonteCarloControl,0,1328,-22.99999999999999,25
MonteCarloControl,0,1329,-138.0,39
MonteCarloControl,0,1330,-26.999999999999986,29
MonteCarloControl,0,1331,-118.0,19
MonteCarloControl,0,1332,-35.999999999999986,38
MonteCarloControl,0,1333,-11.000000000000002,13
MonteCarloControl,0,1334,-100.0,1
MonteCarloControl,0,1335,-132.2,34
MonteCarloControl,0,1336,-26.999999999999986,29
MonteCarloControl,0,1337,-20.999999999999996,23
MonteCarloControl,0,1338,-25.999999999999986,28
MonteCarloControl,0,1339,-27.999999999999986,30
MonteCarloControl,0,1340,-122.0,23
MonteCarloControl,0,1341,-109.0,10
MonteCarloControl,0,1342,-119.0,20
MonteCarloControl,0,1343,-109.0,10
MonteCarloControl,0,1344,-146.0,47
MonteCarloControl,0,1345,-103.0,4
MonteCarloControl,0,1346,-113.0,14
MonteCarloControl,0,1347,-32.999999999999986,35
MonteCarloControl,0,1348,-20.999999999999993,23
MonteCarloControl,0,1349,-115.0,16
MonteCarloControl,0,1350,-104.0,5
MonteCarloControl,0,1351,-102.0,3
MonteCarloControl,0,1352,-31.999999999999986,34
MonteCarloControl,0,1353,-43.999999999999986,46
MonteCarloControl,0,1354,-102.0,3
MonteCarloControl,0,1355,-42.999999999999986,45
MonteCarloControl,0,1356,-28.999999999999986,31
MonteCarloControl,0,1357,-104.0,5
MonteCarloControl,0,1358,-16.000000000000004,18
MonteCarloControl,0,1359,-23.999999999999993,26
MonteCarloControl,0,1360,-20.999999999999993,23
MonteCarloControl,0,1361,-132.5,34
MonteCarloControl,0,1362,-107.0,8
MonteCarloControl,0,1363,-140.0,41
MonteCarloControl,0,1364,-114.0,15
MonteCarloControl,0,1365,-18.0,20
MonteCarloControl,0,1366,-103.0,4
MonteCarloControl,0,1367,-109.6,11
MonteCarloControl,0,1368,-134.0,35
MonteCarloControl,0,1369,-92.00000000000006,94
MonteCarloControl,0,1370,-101.0,2
MonteCarloControl,0,1371,-11.000000000000002,13
MonteCarloControl,0,1372,-112.0,13
MonteCarloControl,0,1373,-148.0,49
MonteCarloControl,0,1374,-24.999999999999993,27
MonteCarloControl,0,1375,-15.000000000000004,17
MonteCarloControl,0,1376,-20.999999999999993,23
MonteCarloControl,0,1377,-45.999999999999986,48
MonteCarloControl,0,1378,-34.999999999999986,37
MonteCarloControl,0,1379,-129.0,30
MonteCarloControl,0,1380,-160.0,61
MonteCarloControl,0,1381,-101.0,2
MonteCarloControl,0,1382,-18.999999999999996,21
MonteCarloControl,0,1383,-23.99999999999999,26
MonteCarloControl,0,1384,-161.0,62
MonteCarloControl,0,1385,-108.8,10
MonteCarloControl,0,1386,-100.0,1
MonteCarloControl,0,1387,-141.0,42
MonteCarloControl,0,1388,-35.999999999999986,38
MonteCarloControl,0,1389,-118.0,19
MonteCarloControl,0,1390,-33.999999999999986,36
MonteCarloControl,0,1391,-108.4,10
MonteCarloControl,0,1392,-193.0,94
MonteCarloControl,0,1393,-106.5,8
MonteCarloControl,0,1394,-153.9,55
MonteCarloControl,0,1395,-38.999999999999986,41
MonteCarloControl,0,1396,-18.0,20
MonteCarloControl,0,1397,-105.8,7
MonteCarloControl,0,1398,-120.3,22
MonteCarloControl,0,1399,-111.0,12
MonteCarloControl,0,1400,-105.0,6
MonteCarloControl,0,1401,-13.000000000000004,15
MonteCarloControl,0,1402,-114.8,16
MonteCarloControl,0,1403,-101.0,2
MonteCarloControl,0,1404,-103.0,4
MonteCarloControl,0,1405,-24.999999999999986,27
MonteCarloControl,0,1406,-107.0,8
MonteCarloControl,0,1407,-22.999999999999993,25
MonteCarloControl,0,1408,-118.3,20
MonteCarloControl,0,1409,-117.0,18
MonteCarloControl,0,1410,-85.00000000000006,87
MonteCarloControl,0,1411,-15.000000000000004,17
MonteCarloControl,0,1412,-14.000000000000002,16
MonteCarloControl,0,1413,-107.0,8
MonteCarloControl,0,1414,-17.0,19
MonteCarloControl,0,1415,-100.0,1
MonteCarloControl,0,1416,-117.1,19
MonteCarloControl,0,1417,-139.0,40
MonteCarloControl,0,1418,-107.0,8
MonteCarloControl,0,1419,-124.0,25
MonteCarloControl,0,1420,-44.999999999999986,47
MonteCarloControl,0,1421,-108.0,9
MonteCarloControl,0,1422,-59.999999999999986,62
MonteCarloControl,0,1423,-139.8,41
MonteCarloControl,0,1424,-115.0,16
MonteCarloControl,0,1425,-114.0,15
MonteCarloControl,0,1426,-109.0,10
MonteCarloControl,0,1427,-101.0,2
MonteCarloControl,0,1428,-106.0,7
MonteCarloControl,0,1429,-22.99999999999999,25
MonteCarloControl,0,1430,-121.6,23
MonteCarloControl,0,1431,-103.0,4
MonteCarloControl,0,1432,-24.99999999999999,27
MonteCarloControl,0,1433,-132.0,33
MonteCarloControl,0,1434,-111.0,12
MonteCarloControl,0,1435,-102.0,3
MonteCarloControl,0,1436,-27.999999999999986,30
MonteCarloControl,0,1437,-127.0,28
MonteCarloControl,0,1438,-108.0,9
MonteCarloControl,0,1439,-74.00000000000006,76
MonteCarloControl,0,1440,-101.0,2
MonteCarloControl,0,1441,-114.0,15
MonteCarloControl,0,1442,-104.0,5
MonteCarloControl,0,1443,-119.5,21
MonteCarloControl,0,1444,-36.999999999999986,39
MonteCarloControl,0,1445,-54.999999999999986,57
MonteCarloControl,0,1446,-103.0,4
MonteCarloControl,0,1447,-124.0,25
MonteCarloControl,0,1448,-133.0,34
MonteCarloControl,0,1449,-24.999999999999986,27
MonteCarloControl,0,1450,-34.999999999999986,37
MonteCarloControl,0,1451,-18.0,20
MonteCarloControl,0,1452,-30.999999999999986,33
MonteCarloControl,0,1453,-15.000000000000002,17
MonteCarloControl,0,1454,-17.0,19
MonteCarloControl,0,1455,-25.99999999999999,28
MonteCarloControl,0,1456,-53.999999999999986,56
MonteCarloControl,0,1457,-119.0,20
MonteCarloControl,0,1458,-129.0,30
MonteCarloControl,0,1459,-53.999999999999986,56
MonteCarloControl,0,1460,-117.7,19
MonteCarloControl,0,1461,-176.0,77
MonteCarloControl,0,1462,-114.2,16
MonteCarloControl,0,1463,-109.0,10
MonteCarloControl,0,1464,-27.999999999999986,30
MonteCarloControl,0,1465,-109.3,11
MonteCarloControl,0,1466,-119.0,20
MonteCarloControl,0,1467,-142.0,43
MonteCarloControl,0,1468,-164.0,65
MonteCarloControl,0,1469,-21.999999999999993,24
MonteCarloControl,0,1470,-114.0,15
MonteCarloControl,0,1471,-139.1,41
MonteCarloControl,0,1472,-133.0,34
MonteCarloControl,0,1473,-35.999999999999986,38
MonteCarloControl,0,1474,-103.0,4
MonteCarloControl,0,1475,-114.0,15
MonteCarloControl,0,1476,-100.0,1
MonteCarloControl,0,1477,-122.29999999999998,24
MonteCarloControl,0,1478,-24.99999999999999,27
MonteCarloControl,0,1479,-125.0,26
MonteCarloControl,0,1480,-168.0,69
MonteCarloControl,0,1481,-100.0,1
MonteCarloControl,0,1482,-12.000000000000002,14
MonteCarloControl,0,1483,-105.0,6
MonteCarloControl,0,1484,-23.99999999999999,26
MonteCarloControl,0,1485,-15.000000000000004,17
MonteCarloControl,0,1486,-52.999999999999986,55
MonteCarloControl,0,1487,-14.000000000000004,16
MonteCarloControl,0,1488,-19.999999999999996,22
MonteCarloControl,0,1489,-103.0,4
MonteCarloControl,0,1490,-25.999999999999986,28
MonteCarloControl,0,1491,-118.0,19
MonteCarloControl,0,1492,-86.00000000000006,88
MonteCarloControl,0,1493,-111.0,12
MonteCarloControl,0,1494,-18.999999999999996,21
MonteCarloControl,0,1495,-24.99999999999999,27
MonteCarloControl,0,1496,-17.0,19
MonteCarloControl,0,1497,-100.0,1
MonteCarloControl,0,1498,-36.999999999999986,39
MonteCarloControl,0,1499,-30.999999999999982,33
MonteCarloControl,0,1500,-103.0,4
MonteCarloControl,0,1501,-17.0,19
MonteCarloControl,0,1502,-38.999999999999986,41
MonteCarloControl,0,1503,-133.0,34
MonteCarloControl,0,1504,-12.000000000000002,14
MonteCarloControl,0,1505,-104.0,5
MonteCarloControl,0,1506,-32.999999999999986,35
MonteCarloControl,0,1507,-19.999999999999996,22
MonteCarloControl,0,1508,-47.999999999999986,50
MonteCarloControl,0,1509,-116.0,17
MonteCarloControl,0,1510,-60.999999999999986,63
MonteCarloControl,0,1511,-50.999999999999986,53
MonteCarloControl,0,1512,-103.0,4
MonteCarloControl,0,1513,-102.0,3
MonteCarloControl,0,1514,-39.999999999999986,42
MonteCarloControl,0,1515,-116.0,17
MonteCarloControl,0,1516,-30.999999999999986,33
MonteCarloControl,0,1517,-137.0,38
MonteCarloControl,0,1518,-114.0,15
MonteCarloControl,0,1519,-136.0,37
MonteCarloControl,0,1520,-72.00000000000004,74
MonteCarloControl,0,1521,-115.0,16
MonteCarloControl,0,1522,-117.4,19
MonteCarloControl,0,1523,-105.0,6
MonteCarloControl,0,1524,-129.0,30
MonteCarloControl,0,1525,-69.00000000000001,71
MonteCarloControl,0,1526,-101.0,2
MonteCarloControl,0,1527,-106.0,7
MonteCarloControl,0,1528,-119.0,20
MonteCarloControl,0,1529,-119.3,21
MonteCarloControl,0,1530,-51.999999999999986,54
MonteCarloControl,0,1531,-17.0,19
MonteCarloControl,0,1532,-138.0,39
MonteCarloControl,0,1533,-19.999999999999996,22
MonteCarloControl,0,1534,-13.000000000000004,15
MonteCarloControl,0,1535,-105.0,6
MonteCarloControl,0,1536,-13.000000000000004,15
MonteCarloControl,0,1537,-33.999999999999986,36
MonteCarloControl,0,1538,-118.0,19
MonteCarloControl,0,1539,-16.000000000000004,18
MonteCarloControl,0,1540,-119.0,20
MonteCarloControl,0,1541,-102.0,3
MonteCarloControl,0,1542,-27.999999999999986,30
MonteCarloControl,0,1543,-62.999999999999986,65
MonteCarloControl,0,1544,-117.0,18
MonteCarloControl,0,1545,-120.0,21
MonteCarloControl,0,1546,-81.00000000000006,83
MonteCarloControl,0,1547,-36.999999999999986,39
MonteCarloControl,0,1548,-18.999999999999996,21
MonteCarloControl,0,1549,-103.0,4
MonteCarloControl,0,1550,-26.999999999999986,29
MonteCarloControl,0,1551,-55.999999999999986,58
MonteCarloControl,0,1552,-103.0,4
MonteCarloControl,0,1553,-58.999999999999986,61
MonteCarloControl,0,1554,-118.5,20
MonteCarloControl,0,1555,-131.0,32
MonteCarloControl,0,1556,-70.00000000000003,72
MonteCarloControl,0,1557,-131.0,32
MonteCarloControl,0,1558,-137.0,38
MonteCarloControl,0,1559,-103.0,4
MonteCarloControl,0,1560,-53.999999999999986,56
MonteCarloControl,0,1561,-35.999999999999986,38
MonteCarloControl,0,1562,-115.9,17
MonteCarloControl,0,1563,-111.0,12
MonteCarloControl,0,1564,-128.0,29
MonteCarloControl,0,1565,-112.1,14
MonteCarloControl,0,1566,-120.0,21
MonteCarloControl,0,1567,-136.0,37
MonteCarloControl,0,1568,-44.999999999999986,47
MonteCarloControl,0,1569,-124.0,25
MonteCarloControl,0,1570,-12.000000000000002,14
MonteCarloControl,0,1571,-23.99999999999999,26
MonteCarloControl,0,1572,-114.4,16
MonteCarloControl,0,1573,-120.0,21
MonteCarloControl,0,1574,-14.000000000000004,16
MonteCarloControl,0,1575,-42.999999999999986,45
MonteCarloControl,0,1576,-32.999999999999986,35
MonteCarloControl,0,1577,-105.0,6
MonteCarloControl,0,1578,-161.0,62
MonteCarloControl,0,1579,-130.0,31
MonteCarloControl,0,1580,-31.999999999999986,34
MonteCarloControl,0,1581,-126.0,27
MonteCarloControl,0,1582,-21.999999999999993,24
MonteCarloControl,0,1583,-16.000000000000004,18
MonteCarloControl,0,1584,-30.999999999999986,33
MonteCarloControl,0,1585,-175.0,76
MonteCarloControl,0,1586,-18.999999999999996,21
MonteCarloControl,0,1587,-36.999999999999986,39
MonteCarloControl,0,1588,-40.999999999999986,43
MonteCarloControl,0,1589,-100.0,100
MonteCarloControl,0,1590,-103.0,4
MonteCarloControl,0,1591,-18.0,20
MonteCarloControl,0,1592,-149.0,50
MonteCarloControl,0,1593,-35.999999999999986,38
MonteCarloControl,0,1594,-42.999999999999986,45
MonteCarloControl,0,1595,-48.999999999999986,51
MonteCarloControl,0,1596,-20.999999999999996,23
MonteCarloControl,0,1597,-140.0,41
MonteCarloControl,0,1598,-31.999999999999986,34
MonteCarloControl,0,1599,-14.000000000000004,16
MonteCarloControl,0,1600,-105.0,6
MonteCarloControl,0,1601,-111.0,12
MonteCarloControl,0,1602,-12.000000000000002,14
MonteCarloControl,0,1603,-100.0,1
MonteCarloControl,0,1604,-134.9,36
MonteCarloControl,0,1605,-110.6,12
MonteCarloControl,0,1606,-16.000000000000004,18
MonteCarloControl,0,1607,-12.000000000000002,14
MonteCarloControl,0,1608,-113.0,14
MonteCarloControl,0,1609,-111.0,12
MonteCarloControl,0,1610,-109.0,10
MonteCarloControl,0,1611,-101.0,2
MonteCarloControl,0,1612,-167.40000000000003,69
MonteCarloControl,0,1613,-138.0,39
MonteCarloControl,0,1614,-47.999999999999986,50
MonteCarloControl,0,1615,-105.0,6
MonteCarloControl,0,1616,-37.999999999999986,40
MonteCarloControl,0,1617,-29.999999999999986,32
MonteCarloControl,0,1618,-17.0,19
MonteCarloControl,0,1619,-53.999999999999986,56
MonteCarloControl,0,1620,-114.0,15
MonteCarloControl,0,1621,-121.0,22
MonteCarloControl,0,1622,-107.0,8
MonteCarloControl,0,1623,-106.0,7
MonteCarloControl,0,1624,-109.0,10
MonteCarloControl,0,1625,-21.999999999999993,24
MonteCarloControl,0,1626,-44.999999999999986,47
MonteCarloControl,0,1627,-100.0,1
MonteCarloControl,0,1628,-156.0,57
MonteCarloControl,0,1629,-123.0,24
MonteCarloControl,0,1630,-127.0,28
MonteCarloControl,0,1631,-103.0,4
MonteCarloControl,0,1632,-133.0,34
MonteCarloControl,0,1633,-14.000000000000004,16
MonteCarloControl,0,1634,-105.0,6
MonteCarloControl,0,1635,-118.0,19
MonteCarloControl,0,1636,-133.0,34
MonteCarloControl,0,1637,-121.9,23
MonteCarloControl,0,1638,-111.0,12
MonteCarloControl,0,1639,-114.0,15
MonteCarloControl,0,1640,-103.0,4
MonteCarloControl,0,1641,-65.99999999999999,68
MonteCarloControl,0,1642,-24.99999999999999,27
MonteCarloControl,0,1643,-14.000000000000004,16
MonteCarloControl,0,1644,-102.0,3
MonteCarloControl,0,1645,-100.0,1
MonteCarloControl,0,1646,-156.29999999999998,58
MonteCarloControl,0,1647,-129.0,30
MonteCarloControl,0,1648,-19.999999999999996,22
MonteCarloControl,0,1649,-121.0,22
MonteCarloControl,0,1650,-29.999999999999986,32
MonteCarloControl,0,1651,-20.999999999999993,23
MonteCarloControl,0,1652,-108.0,9
MonteCarloControl,0,1653,-104.0,5
MonteCarloControl,0,1654,-14.000000000000002,16
MonteCarloControl,0,1655,-117.0,18
MonteCarloControl,0,1656,-124.0,25
MonteCarloControl,0,1657,-104.0,5
MonteCarloControl,0,1658,-48.999999999999986,51
MonteCarloControl,0,1659,-78.00000000000006,80
MonteCarloControl,0,1660,-114.0,15
MonteCarloControl,0,1661,-22.99999999999999,25
MonteCarloControl,0,1662,-107.0,8
MonteCarloControl,0,1663,-120.39999999999999,22
MonteCarloControl,0,1664,-109.0,10
MonteCarloControl,0,1665,-155.0,56
MonteCarloControl,0,1666,-103.0,4
MonteCarloControl,0,1667,-100.0,1
MonteCarloControl,0,1668,-110.0,11
MonteCarloControl,0,1669,-110.0,11
MonteCarloControl,0,1670,-114.9,16
MonteCarloControl,0,1671,-59.999999999999986,62
MonteCarloControl,0,1672,-18.999999999999996,21
MonteCarloControl,0,1673,-107.0,8
MonteCarloControl,0,1674,-103.0,4
MonteCarloControl,0,1675,-29.999999999999986,32
MonteCarloControl,0,1676,-44.999999999999986,47
MonteCarloControl,0,1677,-26.999999999999986,29
MonteCarloControl,0,1678,-106.0,7
MonteCarloControl,0,1679,-114.3,16
MonteCarloControl,0,1680,-109.0,10
MonteCarloControl,0,1681,-111.0,12
MonteCarloControl,0,1682,-107.0,8
MonteCarloControl,0,1683,-125.0,26
MonteCarloControl,0,1684,-31.999999999999986,34
MonteCarloControl,0,1685,-104.0,5
MonteCarloControl,0,1686,-115.0,16
MonteCarloControl,0,1687,-108.0,9
MonteCarloControl,0,1688,-153.0,54
MonteCarloControl,0,1689,-18.0,20
MonteCarloControl,0,1690,-112.0,13
MonteCarloControl,0,1691,-26.999999999999986,29
MonteCarloControl,0,1692,-118.0,19
MonteCarloControl,0,1693,-149.0,50
MonteCarloControl,0,1694,-29.999999999999986,32
MonteCarloControl,0,1695,-119.0,20
MonteCarloControl,0,1696,-127.0,28
MonteCarloControl,0,1697,-118.6,20
MonteCarloControl,0,1698,-43.999999999999986,46
MonteCarloControl,0,1699,-118.0,19
MonteCarloControl,0,1700,-102.0,3
MonteCarloControl,0,1701,-127.8,29
MonteCarloControl,0,1702,-17.0,19
MonteCarloControl,0,1703,-136.0,37
MonteCarloControl,0,1704,-28.999999999999986,31
MonteCarloControl,0,1705,-107.0,8
MonteCarloControl,0,1706,-25.999999999999986,28
MonteCarloControl,0,1707,-29.999999999999986,32
MonteCarloControl,0,1708,-45.999999999999986,48
MonteCarloControl,0,1709,-13.000000000000004,15
MonteCarloControl,0,1710,-56.999999999999986,59
MonteCarloControl,0,1711,-167.0,68
MonteCarloControl,0,1712,-36.999999999999986,39
MonteCarloControl,0,1713,-14.000000000000004,16
MonteCarloControl,0,1714,-25.999999999999993,28
MonteCarloControl,0,1715,-103.0,4
MonteCarloControl,0,1716,-100.0,1
MonteCarloControl,0,1717,-106.0,7
MonteCarloControl,0,1718,-121.0,22
MonteCarloControl,0,1719,-63.999999999999986,66
MonteCarloControl,0,1720,-104.0,5
MonteCarloControl,0,1721,-35.999999999999986,38
MonteCarloControl,0,1722,-123.0,24
MonteCarloControl,0,1723,-17.0,19
MonteCarloControl,0,1724,-20.999999999999996,23
MonteCarloControl,0,1725,-111.0,12
MonteCarloControl,0,1726,-122.0,23
MonteCarloControl,0,1727,-116.0,17
MonteCarloControl,0,1728,-101.0,2
MonteCarloControl,0,1729,-14.000000000000004,16
MonteCarloControl,0,1730,-11.000000000000002,13
MonteCarloControl,0,1731,-31.999999999999986,34
MonteCarloControl,0,1732,-100.0,1
MonteCarloControl,0,1733,-14.000000000000004,16
MonteCarloControl,0,1734,-150.0,51
MonteCarloControl,0,1735,-101.0,2
MonteCarloControl,0,1736,-126.0,27
MonteCarloControl,0,1737,-145.0,46
MonteCarloControl,0,1738,-13.000000000000004,15
MonteCarloControl,0,1739,-105.0,6
MonteCarloControl,0,1740,-132.1,34
MonteCarloControl,0,1741,-15.000000000000004,17
MonteCarloControl,0,1742,-102.0,3
MonteCarloControl,0,1743,-23.999999999999993,26
MonteCarloControl,0,1744,-43.999999999999986,46
MonteCarloControl,0,1745,-110.0,11
MonteCarloControl,0,1746,-118.0,19
MonteCarloControl,0,1747,-101.0,2
MonteCarloControl,0,1748,-17.0,19
MonteCarloControl,0,1749,-145.0,46
MonteCarloControl,0,1750,-119.0,20
MonteCarloControl,0,1751,-103.9,5
MonteCarloControl,0,1752,-135.0,36
MonteCarloControl,0,1753,-111.0,12
MonteCarloControl,0,1754,-16.000000000000004,18
MonteCarloControl,0,1755,-144.0,45
MonteCarloControl,0,1756,-181.0,82
MonteCarloControl,0,1757,-18.0,20
MonteCarloControl,0,1758,-119.0,20
MonteCarloControl,0,1759,-19.999999999999996,22
MonteCarloControl,0,1760,-105.0,6
MonteCarloControl,0,1761,-174.10000000000005,76
MonteCarloControl,0,1762,-165.0,66
MonteCarloControl,0,1763,-118.0,19
MonteCarloControl,0,1764,-132.1,34
MonteCarloControl,0,1765,-108.0,9
MonteCarloControl,0,1766,-113.0,14
MonteCarloControl,0,1767,-111.0,12
MonteCarloControl,0,1768,-40.999999999999986,43
MonteCarloControl,0,1769,-22.999999999999993,25
MonteCarloControl,0,1770,-41.999999999999986,44
MonteCarloControl,0,1771,-36.999999999999986,39
MonteCarloControl,0,1772,-108.0,9
MonteCarloControl,0,1773,-115.0,16
MonteCarloControl,0,1774,-17.0,19
MonteCarloControl,0,1775,-24.99999999999999,27
MonteCarloControl,0,1776,-30.999999999999986,33
MonteCarloControl,0,1777,-113.2,15
MonteCarloControl,0,1778,-33.999999999999986,36
MonteCarloControl,0,1779,-50.999999999999986,53
MonteCarloControl,0,1780,-36.999999999999986,39
MonteCarloControl,0,1781,-16.000000000000004,18
MonteCarloControl,0,1782,-111.2,13
MonteCarloControl,0,1783,-48.999999999999986,51
MonteCarloControl,0,1784,-113.0,14
MonteCarloControl,0,1785,-109.0,10
MonteCarloControl,0,1786,-54.999999999999986,57
MonteCarloControl,0,1787,-112.0,13
MonteCarloControl,0,1788,-133.0,34
MonteCarloControl,0,1789,-13.000000000000002,15
MonteCarloControl,0,1790,-112.0,13
MonteCarloControl,0,1791,-39.999999999999986,42
MonteCarloControl,0,1792,-12.000000000000002,14
MonteCarloControl,0,1793,-21.999999999999993,24
MonteCarloControl,0,1794,-172.30000000000004,74
MonteCarloControl,0,1795,-120.0,21
MonteCarloControl,0,1796,-17.000000000000004,19
MonteCarloControl,0,1797,-142.0,43
MonteCarloControl,0,1798,-11.000000000000002,13
MonteCarloControl,0,1799,-120.0,21
MonteCarloControl,0,1800,-100.0,100
MonteCarloControl,0,1801,-16.000000000000004,18
MonteCarloControl,0,1802,-101.0,2
MonteCarloControl,0,1803,-70.0,72
MonteCarloControl,0,1804,-106.0,7
MonteCarloControl,0,1805,-104.0,5
MonteCarloControl,0,1806,-28.999999999999986,31
MonteCarloControl,0,1807,-18.0,20
MonteCarloControl,0,1808,-17.0,19
MonteCarloControl,0,1809,-27.999999999999986,30
MonteCarloControl,0,1810,-101.0,2
MonteCarloControl,0,1811,-132.0,33
MonteCarloControl,0,1812,-111.0,12
MonteCarloControl,0,1813,-104.0,5
MonteCarloControl,0,1814,-107.6,9
MonteCarloControl,0,1815,-111.9,13
MonteCarloControl,0,1816,-137.0,38
MonteCarloControl,0,1817,-170.0,71
MonteCarloControl,0,1818,-38.999999999999986,41
MonteCarloControl,0,1819,-105.0,6
MonteCarloControl,0,1820,-19.999999999999996,22
MonteCarloControl,0,1821,-171.9,73
MonteCarloControl,0,1822,-108.0,9
MonteCarloControl,0,1823,-105.0,6
MonteCarloControl,0,1824,-15.000000000000004,17
MonteCarloControl,0,1825,-18.0,20
MonteCarloControl,0,1826,-137.0,38
MonteCarloControl,0,1827,-134.0,35
MonteCarloControl,0,1828,-113.0,14
MonteCarloControl,0,1829,-40.999999999999986,43
MonteCarloControl,0,1830,-110.0,11
MonteCarloControl,0,1831,-119.0,20
MonteCarloControl,0,1832,-12.000000000000002,14
MonteCarloControl,0,1833,-141.0,42
MonteCarloControl,0,1834,-108.4,10
MonteCarloControl,0,1835,-103.0,4
MonteCarloControl,0,1836,-22.99999999999999,25
MonteCarloControl,0,1837,-50.999999999999986,53
MonteCarloControl,0,1838,-137.0,38
MonteCarloControl,0,1839,-18.999999999999996,21
MonteCarloControl,0,1840,-31.999999999999986,34
MonteCarloControl,0,1841,-102.0,3
MonteCarloControl,0,1842,-123.0,24
MonteCarloControl,0,1843,-121.0,22
MonteCarloControl,0,1844,-121.8,23
MonteCarloControl,0,1845,-151.0,52
MonteCarloControl,0,1846,-149.8,51
MonteCarloControl,0,1847,-115.0,16
MonteCarloControl,0,1848,-115.0,16
MonteCarloControl,0,1849,-18.000000000000004,20
MonteCarloControl,0,1850,-110.3,12
MonteCarloControl,0,1851,-104.0,5
MonteCarloControl,0,1852,-103.0,4
MonteCarloControl,0,1853,-156.0,57
MonteCarloControl,0,1854,-136.0,37
MonteCarloControl,0,1855,-100.0,1
MonteCarloControl,0,1856,-116.7,18
MonteCarloControl,0,1857,-151.0,52
MonteCarloControl,0,1858,-14.000000000000004,16
MonteCarloControl,0,1859,-17.0,19
MonteCarloControl,0,1860,-140.0,41
MonteCarloControl,0,1861,-55.999999999999986,58
MonteCarloControl,0,1862,-27.999999999999986,30
MonteCarloControl,0,1863,-141.0,42
MonteCarloControl,0,1864,-109.0,10
MonteCarloControl,0,1865,-104.0,5
MonteCarloControl,0,1866,-100.0,1
MonteCarloControl,0,1867,-19.999999999999996,22
MonteCarloControl,0,1868,-149.0,50
MonteCarloControl,0,1869,-109.0,10
MonteCarloControl,0,1870,-125.5,27
MonteCarloControl,0,1871,-131.0,32
MonteCarloControl,0,1872,-18.999999999999996,21
MonteCarloControl,0,1873,-107.0,8
MonteCarloControl,0,1874,-100.0,100
MonteCarloControl,0,1875,-131.0,32
MonteCarloControl,0,1876,-21.999999999999993,24
MonteCarloControl,0,1877,-19.999999999999996,22
MonteCarloControl,0,1878,-108.0,9
MonteCarloControl,0,1879,-19.999999999999996,22
MonteCarloControl,0,1880,-37.999999999999986,40
MonteCarloControl,0,1881,-104.0,5
MonteCarloControl,0,1882,-120.0,21
MonteCarloControl,0,1883,-106.0,7
MonteCarloControl,0,1884,-102.0,3
MonteCarloControl,0,1885,-124.0,25
MonteCarloControl,0,1886,-112.8,14
MonteCarloControl,0,1887,-120.9,22
MonteCarloControl,0,1888,-102.0,3
MonteCarloControl,0,1889,-128.0,29
MonteCarloControl,0,1890,-38.999999999999986,41
MonteCarloControl,0,1891,-116.0,17
MonteCarloControl,0,1892,-100.0,1
MonteCarloControl,0,1893,-103.0,4
MonteCarloControl,0,1894,-15.000000000000004,17
MonteCarloControl,0,1895,-18.0,20
MonteCarloControl,0,1896,-111.0,12
MonteCarloControl,0,1897,-127.19999999999999,29
MonteCarloControl,0,1898,-127.0,28
MonteCarloControl,0,1899,-163.39999999999998,65
MonteCarloControl,0,1900,-24.999999999999986,27
MonteCarloControl,0,1901,-13.000000000000004,15
MonteCarloControl,0,1902,-117.0,18
MonteCarloControl,0,1903,-15.000000000000004,17
MonteCarloControl,0,1904,-111.0,12
MonteCarloControl,0,1905,-51.999999999999986,54
MonteCarloControl,0,1906,-103.0,4
MonteCarloControl,0,1907,-26.999999999999986,29
MonteCarloControl,0,1908,-103.0,4
MonteCarloControl,0,1909,-35.999999999999986,38
MonteCarloControl,0,1910,-111.0,12
MonteCarloControl,0,1911,-41.999999999999986,44
MonteCarloControl,0,1912,-139.0,40
MonteCarloControl,0,1913,-125.0,26
MonteCarloControl,0,1914,-105.0,6
MonteCarloControl,0,1915,-94.00000000000006,96
MonteCarloControl,0,1916,-137.0,38
MonteCarloControl,0,1917,-100.0,1
MonteCarloControl,0,1918,-102.0,3
MonteCarloControl,0,1919,-177.0,78
MonteCarloControl,0,1920,-102.0,3
MonteCarloControl,0,1921,-143.0,44
MonteCarloControl,0,1922,-125.0,26
MonteCarloControl,0,1923,-46.999999999999986,49
MonteCarloControl,0,1924,-111.0,12
MonteCarloControl,0,1925,-104.0,5
MonteCarloControl,0,1926,-106.0,7
MonteCarloControl,0,1927,-13.000000000000004,15
MonteCarloControl,0,1928,-101.0,2
MonteCarloControl,0,1929,-116.0,17
MonteCarloControl,0,1930,-102.0,3
MonteCarloControl,0,1931,-131.0,32
MonteCarloControl,0,1932,-106.0,7
MonteCarloControl,0,1933,-128.0,29
MonteCarloControl,0,1934,-108.0,9
MonteCarloControl,0,1935,-102.0,3
MonteCarloControl,0,1936,-108.0,9
MonteCarloControl,0,1937,-117.0,18
MonteCarloControl,0,1938,-54.999999999999986,57
MonteCarloControl,0,1939,-100.0,100
MonteCarloControl,0,1940,-100.0,100
MonteCarloControl,0,1941,-106.0,7
MonteCarloControl,0,1942,-55.999999999999986,58
MonteCarloControl,0,1943,-110.0,11
MonteCarloControl,0,1944,-72.00000000000004,74
MonteCarloControl,0,1945,-123.0,24
MonteCarloControl,0,1946,-112.0,13
MonteCarloControl,0,1947,-21.999999999999993,24
MonteCarloControl,0,1948,-26.999999999999993,29
MonteCarloControl,0,1949,-173.0,74
MonteCarloControl,0,1950,-103.0,4
MonteCarloControl,0,1951,-124.19999999999999,26
MonteCarloControl,0,1952,-11.000000000000002,13
MonteCarloControl,0,1953,-102.0,3
MonteCarloControl,0,1954,-128.0,29
MonteCarloControl,0,1955,-145.0,46
MonteCarloControl,0,1956,-110.0,11
MonteCarloControl,0,1957,-145.0,46
MonteCarloControl,0,1958,-132.0,33
MonteCarloControl,0,1959,-108.0,9
MonteCarloControl,0,1960,-95.00000000000006,97
MonteCarloControl,0,1961,-112.0,13
MonteCarloControl,0,1962,-118.0,19
MonteCarloControl,0,1963,-107.0,8
MonteCarloControl,0,1964,-18.0,20
MonteCarloControl,0,1965,-101.0,2
MonteCarloControl,0,1966,-27.999999999999986,30
MonteCarloControl,0,1967,-18.999999999999996,21
MonteCarloControl,0,1968,-113.6,15
MonteCarloControl,0,1969,-124.0,25
MonteCarloControl,0,1970,-113.0,14
MonteCarloControl,0,1971,-114.0,15
MonteCarloControl,0,1972,-107.0,8
MonteCarloControl,0,1973,-90.00000000000006,92
MonteCarloControl,0,1974,-42.999999999999986,45
MonteCarloControl,0,1975,-38.999999999999986,41
MonteCarloControl,0,1976,-107.0,8
MonteCarloControl,0,1977,-100.0,1
MonteCarloControl,0,1978,-148.0,49
MonteCarloControl,0,1979,-100.0,1
MonteCarloControl,0,1980,-110.7,12
MonteCarloControl,0,1981,-104.0,5
MonteCarloControl,0,1982,-122.19999999999999,24
MonteCarloControl,0,1983,-102.0,3
MonteCarloControl,0,1984,-108.0,9
MonteCarloControl,0,1985,-106.0,7
MonteCarloControl,0,1986,-111.0,12
MonteCarloControl,0,1987,-184.0,85
MonteCarloControl,0,1988,-101.0,2
MonteCarloControl,0,1989,-110.0,11
MonteCarloControl,0,1990,-68.00000000000001,70
MonteCarloControl,0,1991,-106.0,7
MonteCarloControl,0,1992,-107.0,8
MonteCarloControl,0,1993,-22.99999999999999,25
MonteCarloControl,0,1994,-104.0,5
MonteCarloControl,0,1995,-15.000000000000004,17
MonteCarloControl,0,1996,-18.0,20
MonteCarloControl,0,1997,-29.999999999999986,32
MonteCarloControl,0,1998,-118.0,19
MonteCarloControl,0,1999,-14.000000000000004,16
MonteCarloControl,0,2000,-34.999999999999986,37
MonteCarloControl,0,2001,-13.000000000000004,15
MonteCarloControl,0,2002,-36.999999999999986,39
MonteCarloControl,0,2003,-116.0,17
MonteCarloControl,0,2004,-13.000000000000004,15
MonteCarloControl,0,2005,-107.0,8
MonteCarloControl,0,2006,-47.999999999999986,50
MonteCarloControl,0,2007,-18.999999999999996,21
MonteCarloControl,0,2008,-103.0,4
MonteCarloControl,0,2009,-119.0,20
MonteCarloControl,0,2010,-60.999999999999986,63
MonteCarloControl,0,2011,-112.0,13
MonteCarloControl,0,2012,-102.0,3
MonteCarloControl,0,2013,-130.0,31
MonteCarloControl,0,2014,-12.000000000000002,14
MonteCarloControl,0,2015,-112.0,13
MonteCarloControl,0,2016,-19.0,21
MonteCarloControl,0,2017,-52.999999999999986,55
MonteCarloControl,0,2018,-33.999999999999986,36
MonteCarloControl,0,2019,-103.0,4
MonteCarloControl,0,2020,-105.0,6
MonteCarloControl,0,2021,-116.0,17
MonteCarloControl,0,2022,-101.0,2
MonteCarloControl,0,2023,-38.999999999999986,41
MonteCarloControl,0,2024,-116.0,17
MonteCarloControl,0,2025,-39.999999999999986,42
MonteCarloControl,0,2026,-100.0,1
MonteCarloControl,0,2027,-145.0,46
MonteCarloControl,0,2028,-115.0,16
MonteCarloControl,0,2029,-170.0,71
MonteCarloControl,0,2030,-123.19999999999999,25
MonteCarloControl,0,2031,-145.0,46
MonteCarloControl,0,2032,-20.999999999999996,23
MonteCarloControl,0,2033,-119.0,20
MonteCarloControl,0,2034,-117.0,18
MonteCarloControl,0,2035,-105.0,6
MonteCarloControl,0,2036,-181.0,82
MonteCarloControl,0,2037,-103.0,4
MonteCarloControl,0,2038,-39.999999999999986,42
MonteCarloControl,0,2039,-134.0,35
MonteCarloControl,0,2040,-114.0,15
MonteCarloControl,0,2041,-18.999999999999996,21
MonteCarloControl,0,2042,-170.0,71
MonteCarloControl,0,2043,-151.0,52
MonteCarloControl,0,2044,-102.0,3
MonteCarloControl,0,2045,-105.0,6
MonteCarloControl,0,2046,-12.000000000000002,14
MonteCarloControl,0,2047,-100.0,100
MonteCarloControl,0,2048,-81.00000000000006,83
MonteCarloControl,0,2049,-100.0,1
MonteCarloControl,0,2050,-112.3,14
MonteCarloControl,0,2051,-113.0,14
MonteCarloControl,0,2052,-37.999999999999986,40
MonteCarloControl,0,2053,-124.0,25
MonteCarloControl,0,2054,-135.0,36
MonteCarloControl,0,2055,-114.0,15
MonteCarloControl,0,2056,-104.0,5
MonteCarloControl,0,2057,-157.0,58
MonteCarloControl,0,2058,-105.0,6
MonteCarloControl,0,2059,-127.1,29
MonteCarloControl,0,2060,-109.0,10
MonteCarloControl,0,2061,-14.000000000000004,16
MonteCarloControl,0,2062,-135.2,37
MonteCarloControl,0,2063,-123.0,24
MonteCarloControl,0,2064,-26.999999999999986,29
MonteCarloControl,0,2065,-159.0,60
MonteCarloControl,0,2066,-107.0,8
MonteCarloControl,0,2067,-101.0,2
MonteCarloControl,0,2068,-196.8,98
MonteCarloControl,0,2069,-139.0,40
MonteCarloControl,0,2070,-35.999999999999986,38
MonteCarloControl,0,2071,-117.0,18
MonteCarloControl,0,2072,-14.000000000000002,16
MonteCarloControl,0,2073,-61.999999999999986,64
MonteCarloControl,0,2074,-103.0,4
MonteCarloControl,0,2075,-18.999999999999996,21
MonteCarloControl,0,2076,-139.0,40
MonteCarloControl,0,2077,-20.0,22
MonteCarloControl,0,2078,-105.0,6
MonteCarloControl,0,2079,-107.0,8
MonteCarloControl,0,2080,-127.9,29
MonteCarloControl,0,2081,-30.999999999999986,33
MonteCarloControl,0,2082,-122.29999999999998,24
MonteCarloControl,0,2083,-107.0,8
MonteCarloControl,0,2084,-101.0,2
MonteCarloControl,0,2085,-101.0,2
MonteCarloControl,0,2086,-105.0,6
MonteCarloControl,0,2087,-14.000000000000002,16
MonteCarloControl,0,2088,-112.9,14
MonteCarloControl,0,2089,-108.5,10
MonteCarloControl,0,2090,-141.0,42
MonteCarloControl,0,2091,-36.999999999999986,39
MonteCarloControl,0,2092,-110.0,11
MonteCarloControl,0,2093,-105.0,6
MonteCarloControl,0,2094,-111.0,12
MonteCarloControl,0,2095,-53.999999999999986,56
MonteCarloControl,0,2096,-43.999999999999986,46
MonteCarloControl,0,2097,-13.000000000000004,15
MonteCarloControl,0,2098,-104.9,6
MonteCarloControl,0,2099,-139.0,40
MonteCarloControl,0,2100,-173.0,74
MonteCarloControl,0,2101,-20.999999999999996,23
MonteCarloControl,0,2102,-113.5,15
MonteCarloControl,0,2103,-100.0,100
MonteCarloControl,0,2104,-139.0,40
MonteCarloControl,0,2105,-102.0,3
MonteCarloControl,0,2106,-108.0,9
MonteCarloControl,0,2107,-14.000000000000002,16
MonteCarloControl,0,2108,-33.999999999999986,36
MonteCarloControl,0,2109,-118.0,19
MonteCarloControl,0,2110,-112.0,13
MonteCarloControl,0,2111,-105.0,6
MonteCarloControl,0,2112,-112.0,13
MonteCarloControl,0,2113,-43.999999999999986,46
MonteCarloControl,0,2114,-110.0,11
MonteCarloControl,0,2115,-123.39999999999999,25
MonteCarloControl,0,2116,-121.1,23
MonteCarloControl,0,2117,-126.1,28
MonteCarloControl,0,2118,-28.99999999999999,31
MonteCarloControl,0,2119,-43.999999999999986,46
MonteCarloControl,0,2120,-12.000000000000002,14
MonteCarloControl,0,2121,-108.0,9
MonteCarloControl,0,2122,-105.0,6
MonteCarloControl,0,2123,-137.5,39
MonteCarloControl,0,2124,-11.000000000000002,13
MonteCarloControl,0,2125,-12.000000000000002,14
MonteCarloControl,0,2126,-31.999999999999986,34
MonteCarloControl,0,2127,-18.999999999999996,21
MonteCarloControl,0,2128,-117.7,19
MonteCarloControl,0,2129,-141.0,42
MonteCarloControl,0,2130,-89.00000000000006,91
MonteCarloControl,0,2131,-13.000000000000004,15
MonteCarloControl,0,2132,-33.999999999999986,36
MonteCarloControl,0,2133,-107.0,8
MonteCarloControl,0,2134,-13.000000000000004,15
MonteCarloControl,0,2135,-56.999999999999986,59
MonteCarloControl,0,2136,-107.0,8
MonteCarloControl,0,2137,-13.000000000000002,15
MonteCarloControl,0,2138,-100.0,1
MonteCarloControl,0,2139,-118.0,19
MonteCarloControl,0,2140,-103.0,4
MonteCarloControl,0,2141,-106.0,7
MonteCarloControl,0,2142,-17.0,19
MonteCarloControl,0,2143,-112.0,13
MonteCarloControl,0,2144,-16.000000000000004,18
MonteCarloControl,0,2145,-158.0,59
MonteCarloControl,0,2146,-115.0,16
MonteCarloControl,0,2147,-135.0,36
MonteCarloControl,0,2148,-56.999999999999986,59
MonteCarloControl,0,2149,-46.999999999999986,49
MonteCarloControl,0,2150,-106.0,7
MonteCarloControl,0,2151,-111.0,12
MonteCarloControl,0,2152,-18.0,20
MonteCarloControl,0,2153,-21.999999999999993,24
MonteCarloControl,0,2154,-112.8,14
MonteCarloControl,0,2155,-109.0,10
MonteCarloControl,0,2156,-18.0,20
MonteCarloControl,0,2157,-109.0,10
MonteCarloControl,0,2158,-100.0,1
MonteCarloControl,0,2159,-102.9,4
MonteCarloControl,0,2160,-23.999999999999993,26
MonteCarloControl,0,2161,-108.0,9
MonteCarloControl,0,2162,-114.0,15
MonteCarloControl,0,2163,-23.999999999999996,26
MonteCarloControl,0,2164,-131.0,32
MonteCarloControl,0,2165,-103.0,4
MonteCarloControl,0,2166,-24.999999999999993,27
MonteCarloControl,0,2167,-20.999999999999993,23
MonteCarloControl,0,2168,-101.0,2
MonteCarloControl,0,2169,-122.0,23
MonteCarloControl,0,2170,-105.0,6
MonteCarloControl,0,2171,-116.0,17
MonteCarloControl,0,2172,-136.0,37
MonteCarloControl,0,2173,-18.0,20
MonteCarloControl,0,2174,-124.0,25
MonteCarloControl,0,2175,-105.8,7
MonteCarloControl,0,2176,-101.0,2
MonteCarloControl,0,2177,-11.000000000000002,13
MonteCarloControl,0,2178,-19.999999999999996,22
MonteCarloControl,0,2179,-110.0,11
MonteCarloControl,0,2180,-105.0,6
MonteCarloControl,0,2181,-111.0,12
MonteCarloControl,0,2182,-106.9,8
MonteCarloControl,0,2183,-111.0,12
MonteCarloControl,0,2184,-133.0,34
MonteCarloControl,0,2185,-143.0,44
MonteCarloControl,0,2186,-13.000000000000004,15
MonteCarloControl,0,2187,-21.999999999999996,24
MonteCarloControl,0,2188,-30.999999999999986,33
MonteCarloControl,0,2189,-131.5,33
MonteCarloControl,0,2190,-139.0,40
MonteCarloControl,0,2191,-102.0,3
MonteCarloControl,0,2192,-111.0,12
MonteCarloControl,0,2193,-22.99999999999999,25
MonteCarloControl,0,2194,-130.0,31
MonteCarloControl,0,2195,-14.000000000000004,16
MonteCarloControl,0,2196,-18.999999999999996,21
MonteCarloControl,0,2197,-21.999999999999993,24
MonteCarloControl,0,2198,-101.0,2
MonteCarloControl,0,2199,-111.1,13
MonteCarloControl,0,2200,-128.0,29
MonteCarloControl,0,2201,-11.000000000000002,13
MonteCarloControl,0,2202,-123.0,24
MonteCarloControl,0,2203,-15.000000000000004,17
MonteCarloControl,0,2204,-101.0,2
MonteCarloControl,0,2205,-20.999999999999993,23
MonteCarloControl,0,2206,-106.0,7
MonteCarloControl,0,2207,-148.0,49
MonteCarloControl,0,2208,-116.6,18
MonteCarloControl,0,2209,-122.0,23
MonteCarloControl,0,2210,-100.0,1
MonteCarloControl,0,2211,-121.0,22
MonteCarloControl,0,2212,-106.0,7
MonteCarloControl,0,2213,-105.0,6
MonteCarloControl,0,2214,-111.0,12
MonteCarloControl,0,2215,-28.999999999999986,31
MonteCarloControl,0,2216,-21.999999999999993,24
MonteCarloControl,0,2217,-121.1,23
MonteCarloControl,0,2218,-34.999999999999986,37
MonteCarloControl,0,2219,-49.999999999999986,52
MonteCarloControl,0,2220,-112.0,13
MonteCarloControl,0,2221,-21.999999999999993,24
MonteCarloControl,0,2222,-101.0,2
MonteCarloControl,0,2223,-119.6,21
MonteCarloControl,0,2224,-19.0,21
MonteCarloControl,0,2225,-23.99999999999999,26
MonteCarloControl,0,2226,-18.0,20
MonteCarloControl,0,2227,-13.000000000000004,15
MonteCarloControl,0,2228,-135.29999999999998,37
MonteCarloControl,0,2229,-108.0,9
MonteCarloControl,0,2230,-118.0,19
MonteCarloControl,0,2231,-18.0,20
MonteCarloControl,0,2232,-24.99999999999999,27
MonteCarloControl,0,2233,-14.000000000000004,16
MonteCarloControl,0,2234,-126.0,27
MonteCarloControl,0,2235,-198.0,99
MonteCarloControl,0,2236,-113.0,14
MonteCarloControl,0,2237,-103.0,4
MonteCarloControl,0,2238,-114.0,15
MonteCarloControl,0,2239,-124.0,25
MonteCarloControl,0,2240,-14.000000000000002,16
MonteCarloControl,0,2241,-183.0,84
MonteCarloControl,0,2242,-116.0,17
MonteCarloControl,0,2243,-27.999999999999986,30
MonteCarloControl,0,2244,-116.0,17
MonteCarloControl,0,2245,-11.000000000000002,13
MonteCarloControl,0,2246,-54.999999999999986,57
MonteCarloControl,0,2247,-100.0,1
MonteCarloControl,0,2248,-103.9,5
MonteCarloControl,0,2249,-19.999999999999996,22
MonteCarloControl,0,2250,-32.999999999999986,35
MonteCarloControl,0,2251,-117.3,19
MonteCarloControl,0,2252,-24.999999999999996,27
MonteCarloControl,0,2253,-20.999999999999993,23
MonteCarloControl,0,2254,-103.0,4
MonteCarloControl,0,2255,-23.999999999999996,26
MonteCarloControl,0,2256,-123.0,24
MonteCarloControl,0,2257,-125.5,27
MonteCarloControl,0,2258,-61.999999999999986,64
MonteCarloControl,0,2259,-115.0,16
MonteCarloControl,0,2260,-109.0,10
MonteCarloControl,0,2261,-105.0,6
MonteCarloControl,0,2262,-103.0,4
MonteCarloControl,0,2263,-105.0,6
MonteCarloControl,0,2264,-148.0,49
MonteCarloControl,0,2265,-123.0,24
MonteCarloControl,0,2266,-40.999999999999986,43
MonteCarloControl,0,2267,-24.999999999999986,27
MonteCarloControl,0,2268,-160.0,61
MonteCarloControl,0,2269,-60.999999999999986,63
MonteCarloControl,0,2270,-100.0,1
MonteCarloControl,0,2271,-100.0,1
MonteCarloControl,0,2272,-99.30000000000004,100
MonteCarloControl,0,2273,-121.0,22
MonteCarloControl,0,2274,-123.0,24
MonteCarloControl,0,2275,-69.00000000000003,71
MonteCarloControl,0,2276,-137.0,38
MonteCarloControl,0,2277,-107.0,8
MonteCarloControl,0,2278,-103.0,4
MonteCarloControl,0,2279,-100.0,1
MonteCarloControl,0,2280,-16.000000000000004,18
MonteCarloControl,0,2281,-118.0,19
MonteCarloControl,0,2282,-115.2,17
MonteCarloControl,0,2283,-22.99999999999999,25
MonteCarloControl,0,2284,-111.0,12
MonteCarloControl,0,2285,-141.0,42
MonteCarloControl,0,2286,-165.0,66
MonteCarloControl,0,2287,-101.0,2
MonteCarloControl,0,2288,-126.0,27
MonteCarloControl,0,2289,-155.0,56
MonteCarloControl,0,2290,-110.0,11
MonteCarloControl,0,2291,-108.0,9
MonteCarloControl,0,2292,-118.0,19
MonteCarloControl,0,2293,-104.8,6
MonteCarloControl,0,2294,-104.0,5
MonteCarloControl,0,2295,-101.0,2
MonteCarloControl,0,2296,-109.0,10
MonteCarloControl,0,2297,-11.000000000000002,13
MonteCarloControl,0,2298,-30.999999999999986,33
MonteCarloControl,0,2299,-17.0,19
MonteCarloControl,0,2300,-33.999999999999986,36
MonteCarloControl,0,2301,-107.0,8
MonteCarloControl,0,2302,-101.0,2
MonteCarloControl,0,2303,-107.0,8
MonteCarloControl,0,2304,-108.0,9
MonteCarloControl,0,2305,-38.999999999999986,41
MonteCarloControl,0,2306,-31.999999999999986,34
MonteCarloControl,0,2307,-19.0,21
MonteCarloControl,0,2308,-161.0,62
MonteCarloControl,0,2309,-123.0,24
MonteCarloControl,0,2310,-24.999999999999986,27
MonteCarloControl,0,2311,-144.39999999999998,46
MonteCarloControl,0,2312,-24.999999999999986,27
MonteCarloControl,0,2313,-109.0,10
MonteCarloControl,0,2314,-12.000000000000002,14
MonteCarloControl,0,2315,-122.5,24
MonteCarloControl,0,2316,-135.0,36
MonteCarloControl,0,2317,-133.0,34
MonteCarloControl,0,2318,-23.999999999999993,26
MonteCarloControl,0,2319,-129.0,30
MonteCarloControl,0,2320,-26.999999999999986,29
MonteCarloControl,0,2321,-114.6,16
MonteCarloControl,0,2322,-121.0,22
MonteCarloControl,0,2323,-123.0,24
MonteCarloControl,0,2324,-126.0,27
MonteCarloControl,0,2325,-106.0,7
MonteCarloControl,0,2326,-112.0,13
MonteCarloControl,0,2327,-103.0,4
MonteCarloControl,0,2328,-102.0,3
MonteCarloControl,0,2329,-125.69999999999999,27
MonteCarloControl,0,2330,-102.0,3
MonteCarloControl,0,2331,-139.0,40
MonteCarloControl,0,2332,-106.0,7
MonteCarloControl,0,2333,-118.0,19
MonteCarloControl,0,2334,-15.000000000000004,17
MonteCarloControl,0,2335,-21.999999999999993,24
MonteCarloControl,0,2336,-20.999999999999993,23
MonteCarloControl,0,2337,-145.0,46
MonteCarloControl,0,2338,-22.99999999999999,25
MonteCarloControl,0,2339,-129.0,30
MonteCarloControl,0,2340,-114.0,15
MonteCarloControl,0,2341,-17.0,19
MonteCarloControl,0,2342,-137.0,38
MonteCarloControl,0,2343,-15.000000000000004,17
MonteCarloControl,0,2344,-111.2,13
MonteCarloControl,0,2345,-150.8,52
MonteCarloControl,0,2346,-30.999999999999986,33
MonteCarloControl,0,2347,-118.3,20
MonteCarloControl,0,2348,-17.0,19
MonteCarloControl,0,2349,-118.0,19
MonteCarloControl,0,2350,-108.0,9
MonteCarloControl,0,2351,-18.999999999999996,21
MonteCarloControl,0,2352,-26.999999999999986,29
MonteCarloControl,0,2353,-22.99999999999999,25
MonteCarloControl,0,2354,-176.0,77
MonteCarloControl,0,2355,-50.999999999999986,53
MonteCarloControl,0,2356,-106.0,7
MonteCarloControl,0,2357,-129.7,31
MonteCarloControl,0,2358,-25.999999999999986,28
MonteCarloControl,0,2359,-105.0,6
MonteCarloControl,0,2360,-65.0,67
MonteCarloControl,0,2361,-36.999999999999986,39
MonteCarloControl,0,2362,-17.0,19
MonteCarloControl,0,2363,-45.999999999999986,48
MonteCarloControl,0,2364,-108.0,9
MonteCarloControl,0,2365,-103.0,4
MonteCarloControl,0,2366,-106.0,7
MonteCarloControl,0,2367,-103.0,4
MonteCarloControl,0,2368,-17.0,19
MonteCarloControl,0,2369,-149.0,50
MonteCarloControl,0,2370,-103.0,4
MonteCarloControl,0,2371,-110.0,11
MonteCarloControl,0,2372,-108.6,10
MonteCarloControl,0,2373,-119.0,20
MonteCarloControl,0,2374,-148.29999999999998,50
MonteCarloControl,0,2375,-24.99999999999999,27
MonteCarloControl,0,2376,-107.0,8
MonteCarloControl,0,2377,-59.999999999999986,62
MonteCarloControl,0,2378,-30.999999999999986,33
MonteCarloControl,0,2379,-75.00000000000006,77
MonteCarloControl,0,2380,-124.0,25
MonteCarloControl,0,2381,-47.999999999999986,50
MonteCarloControl,0,2382,-165.0,66
MonteCarloControl,0,2383,-105.0,6
MonteCarloControl,0,2384,-108.0,9
MonteCarloControl,0,2385,-28.999999999999986,31
MonteCarloControl,0,2386,-113.0,14
MonteCarloControl,0,2387,-106.0,7
MonteCarloControl,0,2388,-58.999999999999986,61
MonteCarloControl,0,2389,-36.999999999999986,39
MonteCarloControl,0,2390,-53.999999999999986,56
MonteCarloControl,0,2391,-108.0,9
MonteCarloControl,0,2392,-130.0,31
MonteCarloControl,0,2393,-38.999999999999986,41
MonteCarloControl,0,2394,-117.0,18
MonteCarloControl,0,2395,-160.0,61
MonteCarloControl,0,2396,-15.000000000000004,17
MonteCarloControl,0,2397,-111.0,12
MonteCarloControl,0,2398,-101.0,2
MonteCarloControl,0,2399,-28.999999999999986,31
MonteCarloControl,0,2400,-164.0,65
MonteCarloControl,0,2401,-103.0,4
MonteCarloControl,0,2402,-27.999999999999986,30
MonteCarloControl,0,2403,-91.00000000000006,93
MonteCarloControl,0,2404,-48.999999999999986,51
MonteCarloControl,0,2405,-102.0,3
MonteCarloControl,0,2406,-124.0,25
MonteCarloControl,0,2407,-117.8,19
MonteCarloControl,0,2408,-11.000000000000002,13
MonteCarloControl,0,2409,-132.7,34
MonteCarloControl,0,2410,-12.000000000000002,14
MonteCarloControl,0,2411,-101.0,2
MonteCarloControl,0,2412,-147.0,48
MonteCarloControl,0,2413,-123.0,24
MonteCarloControl,0,2414,-112.0,13
MonteCarloControl,0,2415,-127.0,28
MonteCarloControl,0,2416,-181.0,82
MonteCarloControl,0,2417,-16.000000000000004,18
MonteCarloControl,0,2418,-34.999999999999986,37
MonteCarloControl,0,2419,-31.999999999999986,34
MonteCarloControl,0,2420,-104.0,5
MonteCarloControl,0,2421,-116.9,18
MonteCarloControl,0,2422,-14.000000000000004,16
MonteCarloControl,0,2423,-140.0,41
MonteCarloControl,0,2424,-83.00000000000006,85
MonteCarloControl,0,2425,-18.0,20
MonteCarloControl,0,2426,-11.000000000000002,13
MonteCarloControl,0,2427,-128.0,29
MonteCarloControl,0,2428,-12.000000000000002,14
MonteCarloControl,0,2429,-13.000000000000002,15
MonteCarloControl,0,2430,-13.000000000000004,15
MonteCarloControl,0,2431,-126.0,27
MonteCarloControl,0,2432,-72.00000000000004,74
MonteCarloControl,0,2433,-136.0,37
MonteCarloControl,0,2434,-24.99999999999999,27
MonteCarloControl,0,2435,-48.999999999999986,51
MonteCarloControl,0,2436,-113.0,14
MonteCarloControl,0,2437,-38.999999999999986,41
MonteCarloControl,0,2438,-45.999999999999986,48
MonteCarloControl,0,2439,-154.5,56
MonteCarloControl,0,2440,-29.999999999999986,32
MonteCarloControl,0,2441,-51.999999999999986,54
MonteCarloControl,0,2442,-175.0,76
MonteCarloControl,0,2443,-48.999999999999986,51
MonteCarloControl,0,2444,-102.0,3
MonteCarloControl,0,2445,-126.8,28
MonteCarloControl,0,2446,-119.0,20
MonteCarloControl,0,2447,-106.0,7
MonteCarloControl,0,2448,-117.2,19
MonteCarloControl,0,2449,-101.0,2
MonteCarloControl,0,2450,-22.99999999999999,25
MonteCarloControl,0,2451,-106.0,7
MonteCarloControl,0,2452,-122.1,24
MonteCarloControl,0,2453,-35.999999999999986,38
MonteCarloControl,0,2454,-103.0,4
MonteCarloControl,0,2455,-164.0,65
MonteCarloControl,0,2456,-105.0,6
MonteCarloControl,0,2457,-119.0,20
MonteCarloControl,0,2458,-111.0,12
MonteCarloControl,0,2459,-142.6,44
MonteCarloControl,0,2460,-125.0,26
MonteCarloControl,0,2461,-107.0,8
MonteCarloControl,0,2462,-116.4,18
MonteCarloControl,0,2463,-68.00000000000001,70
MonteCarloControl,0,2464,-40.999999999999986,43
MonteCarloControl,0,2465,-106.0,7
MonteCarloControl,0,2466,-21.999999999999993,24
MonteCarloControl,0,2467,-53.999999999999986,56
MonteCarloControl,0,2468,-166.70000000000002,68
MonteCarloControl,0,2469,-103.0,4
MonteCarloControl,0,2470,-108.0,9
MonteCarloControl,0,2471,-26.999999999999986,29
MonteCarloControl,0,2472,-13.000000000000004,15
MonteCarloControl,0,2473,-31.999999999999986,34
MonteCarloControl,0,2474,-123.0,24
MonteCarloControl,0,2475,-17.0,19
MonteCarloControl,0,2476,-113.0,14
MonteCarloControl,0,2477,-108.0,9
MonteCarloControl,0,2478,-127.0,28
MonteCarloControl,0,2479,-16.000000000000004,18
MonteCarloControl,0,2480,-142.0,43
MonteCarloControl,0,2481,-189.0,90
MonteCarloControl,0,2482,-25.999999999999986,28
MonteCarloControl,0,2483,-126.0,27
MonteCarloControl,0,2484,-28.999999999999986,31
MonteCarloControl,0,2485,-138.0,39
MonteCarloControl,0,2486,-113.0,14
MonteCarloControl,0,2487,-109.0,10
MonteCarloControl,0,2488,-24.99999999999999,27
MonteCarloControl,0,2489,-121.0,22
MonteCarloControl,0,2490,-123.0,24
MonteCarloControl,0,2491,-21.999999999999993,24
MonteCarloControl,0,2492,-100.0,1
MonteCarloControl,0,2493,-38.999999999999986,41
MonteCarloControl,0,2494,-144.0,45
MonteCarloControl,0,2495,-124.29999999999998,26
MonteCarloControl,0,2496,-172.0,73
MonteCarloControl,0,2497,-168.70000000000002,70
MonteCarloControl,0,2498,-159.0,60
MonteCarloControl,0,2499,-40.999999999999986,43
MonteCarloControl,0,2500,-133.39999999999998,35
MonteCarloControl,0,2501,-108.0,9
MonteCarloControl,0,2502,-129.0,30
MonteCarloControl,0,2503,-122.0,23
MonteCarloControl,0,2504,-129.9,31
MonteCarloControl,0,2505,-96.00000000000006,98
MonteCarloControl,0,2506,-15.000000000000004,17
MonteCarloControl,0,2507,-101.0,2
MonteCarloControl,0,2508,-111.0,12
MonteCarloControl,0,2509,-114.0,15
MonteCarloControl,0,2510,-130.0,31
MonteCarloControl,0,2511,-119.0,20
MonteCarloControl,0,2512,-27.999999999999986,30
MonteCarloControl,0,2513,-110.6,12
MonteCarloControl,0,2514,-36.999999999999986,39
MonteCarloControl,0,2515,-116.7,18
MonteCarloControl,0,2516,-105.8,7
MonteCarloControl,0,2517,-68.00000000000001,70
MonteCarloControl,0,2518,-119.0,20
MonteCarloControl,0,2519,-25.99999999999999,28
MonteCarloControl,0,2520,-135.0,36
MonteCarloControl,0,2521,-28.999999999999986,31
MonteCarloControl,0,2522,-127.1,29
MonteCarloControl,0,2523,-114.0,15
MonteCarloControl,0,2524,-128.0,29
MonteCarloControl,0,2525,-112.0,13
MonteCarloControl,0,2526,-26.999999999999986,29
MonteCarloControl,0,2527,-115.0,16
MonteCarloControl,0,2528,-115.4,17
MonteCarloControl,0,2529,-103.0,4
MonteCarloControl,0,2530,-143.0,44
MonteCarloControl,0,2531,-16.000000000000004,18
MonteCarloControl,0,2532,-102.0,3
MonteCarloControl,0,2533,-13.000000000000004,15
MonteCarloControl,0,2534,-18.0,20
MonteCarloControl,0,2535,-116.7,18
MonteCarloControl,0,2536,-23.99999999999999,26
MonteCarloControl,0,2537,-112.0,13
MonteCarloControl,0,2538,-188.0,89
MonteCarloControl,0,2539,-173.0,74
MonteCarloControl,0,2540,-69.00000000000003,71
MonteCarloControl,0,2541,-135.0,36
MonteCarloControl,0,2542,-16.000000000000004,18
MonteCarloControl,0,2543,-28.999999999999986,31
MonteCarloControl,0,2544,-124.19999999999999,26
MonteCarloControl,0,2545,-106.0,7
MonteCarloControl,0,2546,-127.0,28
MonteCarloControl,0,2547,-38.999999999999986,41
MonteCarloControl,0,2548,-54.999999999999986,57
MonteCarloControl,0,2549,-104.0,5
MonteCarloControl,0,2550,-28.999999999999982,31
MonteCarloControl,0,2551,-122.0,23
MonteCarloControl,0,2552,-117.0,18
MonteCarloControl,0,2553,-123.19999999999999,25
MonteCarloControl,0,2554,-106.0,7
MonteCarloControl,0,2555,-15.000000000000004,17
MonteCarloControl,0,2556,-104.0,5
MonteCarloControl,0,2557,-20.999999999999993,23
MonteCarloControl,0,2558,-103.9,5
MonteCarloControl,0,2559,-26.999999999999986,29
MonteCarloControl,0,2560,-179.10000000000005,81
MonteCarloControl,0,2561,-111.0,12
MonteCarloControl,0,2562,-117.6,19
MonteCarloControl,0,2563,-100.0,1
MonteCarloControl,0,2564,-113.0,14
MonteCarloControl,0,2565,-30.999999999999986,33
MonteCarloControl,0,2566,-31.999999999999986,34
MonteCarloControl,0,2567,-27.999999999999986,30
MonteCarloControl,0,2568,-20.999999999999993,23
MonteCarloControl,0,2569,-104.0,5
MonteCarloControl,0,2570,-114.0,15
MonteCarloControl,0,2571,-30.999999999999986,33
MonteCarloControl,0,2572,-184.0,85
MonteCarloControl,0,2573,-14.000000000000004,16
MonteCarloControl,0,2574,-178.0,79
MonteCarloControl,0,2575,-115.8,17
MonteCarloControl,0,2576,-21.999999999999996,24
MonteCarloControl,0,2577,-19.999999999999996,22
MonteCarloControl,0,2578,-104.0,5
MonteCarloControl,0,2579,-15.000000000000004,17
MonteCarloControl,0,2580,-137.0,38
MonteCarloControl,0,2581,-22.999999999999996,25
MonteCarloControl,0,2582,-106.0,7
MonteCarloControl,0,2583,-102.0,3
MonteCarloControl,0,2584,-106.0,7
MonteCarloControl,0,2585,-67.00000000000001,69
MonteCarloControl,0,2586,-17.0,19
MonteCarloControl,0,2587,-14.000000000000002,16
MonteCarloControl,0,2588,-114.0,15
MonteCarloControl,0,2589,-12.000000000000002,14
MonteCarloControl,0,2590,-29.999999999999986,32
MonteCarloControl,0,2591,-49.999999999999986,52
MonteCarloControl,0,2592,-107.0,8
MonteCarloControl,0,2593,-25.999999999999986,28
MonteCarloControl,0,2594,-100.0,1
MonteCarloControl,0,2595,-104.0,5
MonteCarloControl,0,2596,-181.0,82
MonteCarloControl,0,2597,-120.0,21
MonteCarloControl,0,2598,-128.29999999999998,30
MonteCarloControl,0,2599,-107.0,8
MonteCarloControl,0,2600,-23.999999999999996,26
MonteCarloControl,0,2601,-106.0,7
MonteCarloControl,0,2602,-105.0,6
MonteCarloControl,0,2603,-102.0,3
MonteCarloControl,0,2604,-16.0,18
MonteCarloControl,0,2605,-46.999999999999986,49
MonteCarloControl,0,2606,-37.999999999999986,40
MonteCarloControl,0,2607,-18.0,20
MonteCarloControl,0,2608,-103.0,4
MonteCarloControl,0,2609,-177.0,78
MonteCarloControl,0,2610,-116.8,18
MonteCarloControl,0,2611,-106.0,7
MonteCarloControl,0,2612,-103.8,5
MonteCarloControl,0,2613,-105.0,6
MonteCarloControl,0,2614,-144.0,45
MonteCarloControl,0,2615,-133.6,35
MonteCarloControl,0,2616,-136.0,37
MonteCarloControl,0,2617,-123.0,24
MonteCarloControl,0,2618,-104.0,5
MonteCarloControl,0,2619,-117.5,19
MonteCarloControl,0,2620,-105.0,6
MonteCarloControl,0,2621,-22.999999999999993,25
MonteCarloControl,0,2622,-100.0,1
MonteCarloControl,0,2623,-105.0,6
MonteCarloControl,0,2624,-18.0,20
MonteCarloControl,0,2625,-117.0,18
MonteCarloControl,0,2626,-112.0,13
MonteCarloControl,0,2627,-113.0,14
MonteCarloControl,0,2628,-100.0,100
MonteCarloControl,0,2629,-49.999999999999986,52
MonteCarloControl,0,2630,-130.0,31
MonteCarloControl,0,2631,-27.999999999999986,30
MonteCarloControl,0,2632,-101.0,2
MonteCarloControl,0,2633,-15.000000000000004,17
MonteCarloControl,0,2634,-34.999999999999986,37
MonteCarloControl,0,2635,-75.00000000000006,77
MonteCarloControl,0,2636,-12.000000000000002,14
MonteCarloControl,0,2637,-43.999999999999986,46
MonteCarloControl,0,2638,-121.0,22
MonteCarloControl,0,2639,-42.999999999999986,45
MonteCarloControl,0,2640,-101.0,2
MonteCarloControl,0,2641,-100.0,100
MonteCarloControl,0,2642,-20.999999999999993,23
MonteCarloControl,0,2643,-34.999999999999986,37
MonteCarloControl,0,2644,-124.0,25
MonteCarloControl,0,2645,-138.0,39
MonteCarloControl,0,2646,-116.6,18
MonteCarloControl,0,2647,-115.5,17
MonteCarloControl,0,2648,-158.0,59
MonteCarloControl,0,2649,-14.000000000000004,16
MonteCarloControl,0,2650,-38.999999999999986,41
MonteCarloControl,0,2651,-105.0,6
MonteCarloControl,0,2652,-31.999999999999986,34
MonteCarloControl,0,2653,-132.0,33
MonteCarloControl,0,2654,-30.999999999999986,33
MonteCarloControl,0,2655,-178.0,79
MonteCarloControl,0,2656,-155.0,56
MonteCarloControl,0,2657,-26.99999999999999,29
MonteCarloControl,0,2658,-35.999999999999986,38
MonteCarloControl,0,2659,-17.0,19
MonteCarloControl,0,2660,-12.000000000000002,14
MonteCarloControl,0,2661,-103.0,4
MonteCarloControl,0,2662,-123.0,24
MonteCarloControl,0,2663,-41.999999999999986,44
MonteCarloControl,0,2664,-103.0,4
MonteCarloControl,0,2665,-20.999999999999996,23
MonteCarloControl,0,2666,-141.0,42
MonteCarloControl,0,2667,-121.9,23
MonteCarloControl,0,2668,-22.99999999999999,25
MonteCarloControl,0,2669,-103.0,4
MonteCarloControl,0,2670,-23.99999999999999,26
MonteCarloControl,0,2671,-125.1,27
MonteCarloControl,0,2672,-158.0,59
MonteCarloControl,0,2673,-16.000000000000004,18
MonteCarloControl,0,2674,-41.999999999999986,44
MonteCarloControl,0,2675,-109.0,10
MonteCarloControl,0,2676,-118.0,19
MonteCarloControl,0,2677,-126.0,27
MonteCarloControl,0,2678,-127.39999999999999,29
MonteCarloControl,0,2679,-27.999999999999986,30
MonteCarloControl,0,2680,-111.0,12
MonteCarloControl,0,2681,-109.0,10
MonteCarloControl,0,2682,-105.0,6
MonteCarloControl,0,2683,-111.0,12
MonteCarloControl,0,2684,-47.999999999999986,50
MonteCarloControl,0,2685,-110.0,11
MonteCarloControl,0,2686,-115.0,16
MonteCarloControl,0,2687,-108.0,9
MonteCarloControl,0,2688,-22.999999999999993,25
MonteCarloControl,0,2689,-117.0,18
MonteCarloControl,0,2690,-115.9,17
MonteCarloControl,0,2691,-38.999999999999986,41
MonteCarloControl,0,2692,-126.9,28
MonteCarloControl,0,2693,-129.0,30
MonteCarloControl,0,2694,-145.0,46
MonteCarloControl,0,2695,-21.999999999999993,24
MonteCarloControl,0,2696,-131.0,32
MonteCarloControl,0,2697,-112.0,13
MonteCarloControl,0,2698,-115.7,17
MonteCarloControl,0,2699,-110.0,11
MonteCarloControl,0,2700,-126.69999999999999,28
MonteCarloControl,0,2701,-42.999999999999986,45
MonteCarloControl,0,2702,-121.0,22
MonteCarloControl,0,2703,-21.999999999999996,24
MonteCarloControl,0,2704,-105.0,6
MonteCarloControl,0,2705,-115.0,16
MonteCarloControl,0,2706,-121.0,22
MonteCarloControl,0,2707,-113.8,15
MonteCarloControl,0,2708,-116.0,17
MonteCarloControl,0,2709,-12.000000000000002,14
MonteCarloControl,0,2710,-16.000000000000004,18
MonteCarloControl,0,2711,-51.999999999999986,54
MonteCarloControl,0,2712,-18.0,20
MonteCarloControl,0,2713,-113.0,14
MonteCarloControl,0,2714,-14.000000000000004,16
MonteCarloControl,0,2715,-11.000000000000002,13
MonteCarloControl,0,2716,-100.0,1
MonteCarloControl,0,2717,-192.0,93
MonteCarloControl,0,2718,-12.000000000000002,14
MonteCarloControl,0,2719,-130.0,31
MonteCarloControl,0,2720,-54.999999999999986,57
MonteCarloControl,0,2721,-11.000000000000002,13
MonteCarloControl,0,2722,-119.39999999999999,21
MonteCarloControl,0,2723,-58.999999999999986,61
MonteCarloControl,0,2724,-133.1,35
MonteCarloControl,0,2725,-167.0,68
MonteCarloControl,0,2726,-100.0,1
MonteCarloControl,0,2727,-171.20000000000002,73
MonteCarloControl,0,2728,-126.0,27
MonteCarloControl,0,2729,-62.999999999999986,65
MonteCarloControl,0,2730,-110.0,11
MonteCarloControl,0,2731,-35.999999999999986,38
MonteCarloControl,0,2732,-100.0,100
MonteCarloControl,0,2733,-115.0,16
MonteCarloControl,0,2734,-100.0,1
MonteCarloControl,0,2735,-18.0,20
MonteCarloControl,0,2736,-116.0,17
MonteCarloControl,0,2737,-113.0,14
MonteCarloControl,0,2738,-49.999999999999986,52
MonteCarloControl,0,2739,-25.999999999999986,28
MonteCarloControl,0,2740,-36.999999999999986,39
MonteCarloControl,0,2741,-160.0,61
MonteCarloControl,0,2742,-165.0,66
MonteCarloControl,0,2743,-128.1,30
MonteCarloControl,0,2744,-116.0,17
MonteCarloControl,0,2745,-24.99999999999999,27
MonteCarloControl,0,2746,-154.0,55
MonteCarloControl,0,2747,-22.99999999999999,25
MonteCarloControl,0,2748,-60.999999999999986,63
MonteCarloControl,0,2749,-127.0,28
MonteCarloControl,0,2750,-32.999999999999986,35
MonteCarloControl,0,2751,-106.0,7
MonteCarloControl,0,2752,-122.69999999999999,24
MonteCarloControl,0,2753,-120.0,21
MonteCarloControl,0,2754,-137.1,39
MonteCarloControl,0,2755,-94.00000000000006,96
MonteCarloControl,0,2756,-111.1,13
MonteCarloControl,0,2757,-18.0,20
MonteCarloControl,0,2758,-106.0,7
MonteCarloControl,0,2759,-20.0,22
MonteCarloControl,0,2760,-38.999999999999986,41
MonteCarloControl,0,2761,-35.999999999999986,38
MonteCarloControl,0,2762,-125.0,26
MonteCarloControl,0,2763,-130.0,31
MonteCarloControl,0,2764,-101.0,2
MonteCarloControl,0,2765,-150.7,52
MonteCarloControl,0,2766,-78.00000000000006,80
MonteCarloControl,0,2767,-32.999999999999986,35
MonteCarloControl,0,2768,-102.0,3
MonteCarloControl,0,2769,-20.999999999999993,23
MonteCarloControl,0,2770,-119.0,20
MonteCarloControl,0,2771,-109.4,11
MonteCarloControl,0,2772,-13.000000000000002,15
MonteCarloControl,0,2773,-101.0,2
MonteCarloControl,0,2774,-124.0,25
MonteCarloControl,0,2775,-109.0,10
MonteCarloControl,0,2776,-15.000000000000004,17
MonteCarloControl,0,2777,-21.999999999999993,24
MonteCarloControl,0,2778,-100.0,1
MonteCarloControl,0,2779,-130.0,31
MonteCarloControl,0,2780,-116.0,17
MonteCarloControl,0,2781,-13.000000000000004,15
MonteCarloControl,0,2782,-135.0,36
MonteCarloControl,0,2783,-22.99999999999999,25
MonteCarloControl,0,2784,-34.999999999999986,37
MonteCarloControl,0,2785,-19.999999999999996,22
MonteCarloControl,0,2786,-150.0,51
MonteCarloControl,0,2787,-94.00000000000006,96
MonteCarloControl,0,2788,-122.0,23
MonteCarloControl,0,2789,-100.0,1
MonteCarloControl,0,2790,-168.90000000000003,70
MonteCarloControl,0,2791,-101.0,2
MonteCarloControl,0,2792,-100.0,1
MonteCarloControl,0,2793,-26.999999999999986,29
MonteCarloControl,0,2794,-34.999999999999986,37
MonteCarloControl,0,2795,-15.000000000000004,17
MonteCarloControl,0,2796,-107.0,8
MonteCarloControl,0,2797,-29.999999999999986,32
MonteCarloControl,0,2798,-18.0,20
MonteCarloControl,0,2799,-127.1,29
MonteCarloControl,0,2800,-24.999999999999986,27
MonteCarloControl,0,2801,-61.999999999999986,64
MonteCarloControl,0,2802,-18.0,20
MonteCarloControl,0,2803,-52.999999999999986,55
MonteCarloControl,0,2804,-122.1,24
MonteCarloControl,0,2805,-132.0,33
MonteCarloControl,0,2806,-119.0,20
MonteCarloControl,0,2807,-17.0,19
MonteCarloControl,0,2808,-103.0,4
MonteCarloControl,0,2809,-153.0,54
MonteCarloControl,0,2810,-116.0,17
MonteCarloControl,0,2811,-23.99999999999999,26
MonteCarloControl,0,2812,-23.99999999999999,26
MonteCarloControl,0,2813,-44.999999999999986,47
MonteCarloControl,0,2814,-101.0,2
MonteCarloControl,0,2815,-18.999999999999996,21
MonteCarloControl,0,2816,-40.999999999999986,43
MonteCarloControl,0,2817,-20.0,22
MonteCarloControl,0,2818,-27.99999999999999,30
MonteCarloControl,0,2819,-121.0,22
MonteCarloControl,0,2820,-111.1,13
MonteCarloControl,0,2821,-100.0,1
MonteCarloControl,0,2822,-116.0,17
MonteCarloControl,0,2823,-117.5,19
MonteCarloControl,0,2824,-33.999999999999986,36
MonteCarloControl,0,2825,-107.0,8
MonteCarloControl,0,2826,-27.999999999999986,30
MonteCarloControl,0,2827,-110.0,11
MonteCarloControl,0,2828,-141.0,42
MonteCarloControl,0,2829,-144.0,45
MonteCarloControl,0,2830,-109.0,10
MonteCarloControl,0,2831,-13.000000000000004,15
MonteCarloControl,0,2832,-113.0,14
MonteCarloControl,0,2833,-120.0,21
MonteCarloControl,0,2834,-37.999999999999986,40
MonteCarloControl,0,2835,-149.0,50
MonteCarloControl,0,2836,-152.0,53
MonteCarloControl,0,2837,-132.0,33
MonteCarloControl,0,2838,-108.0,9
MonteCarloControl,0,2839,-103.0,4
MonteCarloControl,0,2840,-130.0,31
MonteCarloControl,0,2841,-111.8,13
MonteCarloControl,0,2842,-123.0,24
MonteCarloControl,0,2843,-22.99999999999999,25
MonteCarloControl,0,2844,-27.999999999999986,30
MonteCarloControl,0,2845,-121.0,22
MonteCarloControl,0,2846,-64.99999999999999,67
MonteCarloControl,0,2847,-31.999999999999986,34
MonteCarloControl,0,2848,-107.0,8
MonteCarloControl,0,2849,-18.0,20
MonteCarloControl,0,2850,-33.999999999999986,36
MonteCarloControl,0,2851,-12.000000000000002,14
MonteCarloControl,0,2852,-112.10000000000001,14
MonteCarloControl,0,2853,-102.0,3
MonteCarloControl,0,2854,-118.9,20
MonteCarloControl,0,2855,-104.0,5
MonteCarloControl,0,2856,-140.0,41
MonteCarloControl,0,2857,-127.0,28
MonteCarloControl,0,2858,-110.0,11
MonteCarloControl,0,2859,-131.0,32
MonteCarloControl,0,2860,-31.999999999999986,34
MonteCarloControl,0,2861,-116.0,17
MonteCarloControl,0,2862,-30.999999999999986,33
MonteCarloControl,0,2863,-13.000000000000004,15
MonteCarloControl,0,2864,-11.000000000000002,13
MonteCarloControl,0,2865,-16.000000000000004,18
MonteCarloControl,0,2866,-11.000000000000002,13
MonteCarloControl,0,2867,-112.9,14
MonteCarloControl,0,2868,-123.0,24
MonteCarloControl,0,2869,-120.0,21
MonteCarloControl,0,2870,-128.0,29
MonteCarloControl,0,2871,-24.999999999999986,27
MonteCarloControl,0,2872,-105.0,6
MonteCarloControl,0,2873,-100.0,1
MonteCarloControl,0,2874,-33.999999999999986,36
MonteCarloControl,0,2875,-23.99999999999999,26
MonteCarloControl,0,2876,-112.5,14
MonteCarloControl,0,2877,-41.999999999999986,44
MonteCarloControl,0,2878,-25.99999999999999,28
MonteCarloControl,0,2879,-106.0,7
MonteCarloControl,0,2880,-129.0,30
MonteCarloControl,0,2881,-50.999999999999986,53
MonteCarloControl,0,2882,-142.0,43
MonteCarloControl,0,2883,-22.999999999999993,25
MonteCarloControl,0,2884,-26.999999999999986,29
MonteCarloControl,0,2885,-104.0,5
MonteCarloControl,0,2886,-16.000000000000004,18
MonteCarloControl,0,2887,-15.000000000000004,17
MonteCarloControl,0,2888,-121.0,22
MonteCarloControl,0,2889,-82.00000000000006,84
MonteCarloControl,0,2890,-140.0,41
MonteCarloControl,0,2891,-112.0,13
MonteCarloControl,0,2892,-32.999999999999986,35
MonteCarloControl,0,2893,-107.0,8
MonteCarloControl,0,2894,-114.0,15
MonteCarloControl,0,2895,-131.7,33
MonteCarloControl,0,2896,-24.999999999999986,27
MonteCarloControl,0,2897,-132.5,34
MonteCarloControl,0,2898,-103.0,4
MonteCarloControl,0,2899,-106.0,7
MonteCarloControl,0,2900,-154.0,55
MonteCarloControl,0,2901,-18.0,20
MonteCarloControl,0,2902,-44.999999999999986,47
MonteCarloControl,0,2903,-109.0,10
MonteCarloControl,0,2904,-14.000000000000004,16
MonteCarloControl,0,2905,-110.0,11
MonteCarloControl,0,2906,-18.999999999999996,21
MonteCarloControl,0,2907,-24.999999999999986,27
MonteCarloControl,0,2908,-117.0,18
MonteCarloControl,0,2909,-167.0,68
MonteCarloControl,0,2910,-115.0,16
MonteCarloControl,0,2911,-115.0,16
MonteCarloControl,0,2912,-35.999999999999986,38
MonteCarloControl,0,2913,-150.0,51
MonteCarloControl,0,2914,-113.0,14
MonteCarloControl,0,2915,-156.0,57
MonteCarloControl,0,2916,-124.0,25
MonteCarloControl,0,2917,-124.0,25
MonteCarloControl,0,2918,-108.0,9
MonteCarloControl,0,2919,-109.0,10
MonteCarloControl,0,2920,-20.0,22
MonteCarloControl,0,2921,-133.0,34
MonteCarloControl,0,2922,-16.000000000000004,18
MonteCarloControl,0,2923,-117.0,18
MonteCarloControl,0,2924,-20.999999999999996,23
MonteCarloControl,0,2925,-24.999999999999996,27
MonteCarloControl,0,2926,-100.0,1
MonteCarloControl,0,2927,-138.0,39
MonteCarloControl,0,2928,-36.999999999999986,39
MonteCarloControl,0,2929,-24.999999999999993,27
MonteCarloControl,0,2930,-87.00000000000006,89
MonteCarloControl,0,2931,-127.0,28
MonteCarloControl,0,2932,-138.0,39
MonteCarloControl,0,2933,-14.000000000000004,16
MonteCarloControl,0,2934,-100.0,1
MonteCarloControl,0,2935,-155.0,56
MonteCarloControl,0,2936,-128.0,29
MonteCarloControl,0,2937,-125.0,26
MonteCarloControl,0,2938,-29.999999999999986,32
MonteCarloControl,0,2939,-117.0,18
MonteCarloControl,0,2940,-104.0,5
MonteCarloControl,0,2941,-105.0,6
MonteCarloControl,0,2942,-112.9,14
MonteCarloControl,0,2943,-185.0,86
MonteCarloControl,0,2944,-33.999999999999986,36
MonteCarloControl,0,2945,-106.0,7
MonteCarloControl,0,2946,-66.0,68
MonteCarloControl,0,2947,-42.999999999999986,45
MonteCarloControl,0,2948,-17.0,19
MonteCarloControl,0,2949,-15.000000000000004,17
MonteCarloControl,0,2950,-132.0,33
MonteCarloControl,0,2951,-41.999999999999986,44
MonteCarloControl,0,2952,-19.999999999999996,22
MonteCarloControl,0,2953,-114.0,15
MonteCarloControl,0,2954,-14.000000000000004,16
MonteCarloControl,0,2955,-18.0,20
MonteCarloControl,0,2956,-16.000000000000004,18
MonteCarloControl,0,2957,-23.99999999999999,26
MonteCarloControl,0,2958,-25.99999999999999,28
MonteCarloControl,0,2959,-37.999999999999986,40
MonteCarloControl,0,2960,-33.999999999999986,36
MonteCarloControl,0,2961,-15.000000000000004,17
MonteCarloControl,0,2962,-20.999999999999993,23
MonteCarloControl,0,2963,-109.0,10
MonteCarloControl,0,2964,-14.000000000000004,16
MonteCarloControl,0,2965,-35.999999999999986,38
MonteCarloControl,0,2966,-104.0,5
MonteCarloControl,0,2967,-16.000000000000004,18
MonteCarloControl,0,2968,-22.999999999999993,25
MonteCarloControl,0,2969,-107.0,8
MonteCarloControl,0,2970,-110.0,11
MonteCarloControl,0,2971,-114.0,15
MonteCarloControl,0,2972,-146.8,48
MonteCarloControl,0,2973,-116.2,18
MonteCarloControl,0,2974,-115.3,17
MonteCarloControl,0,2975,-100.0,1
MonteCarloControl,0,2976,-124.0,25
MonteCarloControl,0,2977,-16.000000000000004,18
MonteCarloControl,0,2978,-31.999999999999986,34
MonteCarloControl,0,2979,-108.0,9
MonteCarloControl,0,2980,-23.99999999999999,26
MonteCarloControl,0,2981,-100.0,1
MonteCarloControl,0,2982,-68.00000000000001,70
MonteCarloControl,0,2983,-17.0,19
MonteCarloControl,0,2984,-113.0,14
MonteCarloControl,0,2985,-15.000000000000004,17
MonteCarloControl,0,2986,-146.0,47
MonteCarloControl,0,2987,-106.5,8
MonteCarloControl,0,2988,-141.0,42
MonteCarloControl,0,2989,-114.0,15
MonteCarloControl,0,2990,-45.999999999999986,48
MonteCarloControl,0,2991,-101.0,2
MonteCarloControl,0,2992,-39.999999999999986,42
MonteCarloControl,0,2993,-177.0,78
MonteCarloControl,0,2994,-105.0,6
MonteCarloControl,0,2995,-113.0,14
MonteCarloControl,0,2996,-15.000000000000004,17
MonteCarloControl,0,2997,-108.0,9
MonteCarloControl,0,2998,-124.0,25
MonteCarloControl,0,2999,-117.7,19
MonteCarloControl,0,3000,-118.8,20
DQN,0,1,-105.0,6
DQN,0,2,-126.69999999999999,28
DQN,0,3,-100.0,1
DQN,0,4,-103.0,4
DQN,0,5,-123.10000000000001,25
DQN,0,6,-102.9,4
DQN,0,7,-100.0,1
DQN,0,8,-100.0,1
DQN,0,9,-122.39999999999999,24
DQN,0,10,-107.0,8
DQN,0,11,-100.0,1
DQN,0,12,-104.8,6
DQN,0,13,-133.0,34
DQN,0,14,-125.0,26
DQN,0,15,-111.0,12
DQN,0,16,-114.0,15
DQN,0,17,-140.0,41
DQN,0,18,-105.0,6
DQN,0,19,-154.0,55
DQN,0,20,-100.29999999999993,100
DQN,0,21,-114.0,15
DQN,0,22,-150.0,51
DQN,0,23,-119.0,20
DQN,0,24,-119.0,20
DQN,0,25,-100.0,100
DQN,0,26,-192.99999999999994,94
DQN,0,27,-136.0,37
DQN,0,28,-130.0,31
DQN,0,29,-150.0,51
DQN,0,30,-100.19999999999993,100
DQN,0,31,-104.0,5
DQN,0,32,-111.0,12
DQN,0,33,-102.0,3
DQN,0,34,-100.0,1
DQN,0,35,-100.0,1
DQN,0,36,-100.0,1
DQN,0,37,-153.0,54
DQN,0,38,-115.0,16
DQN,0,39,-83.00000000000006,85
DQN,0,40,-113.0,14
DQN,0,41,-100.1,100
DQN,0,42,-152.0,53
DQN,0,43,-100.0,1
DQN,0,44,-106.0,7
DQN,0,45,-100.00000000000001,100
DQN,0,46,-120.0,21
DQN,0,47,-104.0,5
DQN,0,48,-158.0,59
DQN,0,49,-129.0,30
DQN,0,50,-120.0,21
DQN,0,51,-108.0,9
DQN,0,52,-105.0,6
DQN,0,53,-125.0,26
DQN,0,54,-190.0,91
DQN,0,55,-158.0,59
DQN,0,56,-109.0,10
DQN,0,57,-128.0,29
DQN,0,58,-152.0,53
DQN,0,59,-142.0,43
DQN,0,60,-132.0,33
DQN,0,61,-145.0,46
DQN,0,62,-149.0,50
DQN,0,63,-99.2,100
DQN,0,64,-100.0,1
DQN,0,65,-127.0,28
DQN,0,66,-184.0,85
DQN,0,67,-102.0,3
DQN,0,68,-100.0,1
DQN,0,69,-151.09999999999997,53
DQN,0,70,-102.0,3
DQN,0,71,-100.0,1
DQN,0,72,-100.0,1
DQN,0,73,-119.0,20
DQN,0,74,-115.0,16
DQN,0,75,-137.0,38
DQN,0,76,-176.0,77
DQN,0,77,-178.0,79
DQN,0,78,-100.3,100
DQN,0,79,-100.0,1
DQN,0,80,-156.0,57
DQN,0,81,-188.0,89
DQN,0,82,-100.0,1
DQN,0,83,-100.0,1
DQN,0,84,-85.0,87
DQN,0,85,-158.0,59
DQN,0,86,-176.9,78
DQN,0,87,-163.0,64
DQN,0,88,-123.0,24
DQN,0,89,-175.0,76
DQN,0,90,-190.0,91
DQN,0,91,-98.0,100
DQN,0,92,-116.0,17
DQN,0,93,-147.0,48
DQN,0,94,-105.0,6
DQN,0,95,-154.0,55
DQN,0,96,-160.9,62
DQN,0,97,-106.0,7
DQN,0,98,-100.10000000000001,100
DQN,0,99,-100.3,100
DQN,0,100,-100.2,100
DQN,0,101,-190.0,91
DQN,0,102,-198.0,99
DQN,0,103,-142.0,43
DQN,0,104,-116.0,17
DQN,0,105,-100.0,1
DQN,0,106,-144.0,45
DQN,0,107,-100.20000000000002,100
DQN,0,108,-100.30000000000001,100
DQN,0,109,-99.60000000000004,100
DQN,0,110,-100.0,1
DQN,0,111,-100.0,1
DQN,0,112,-100.3,100
DQN,0,113,-100.29999999999998,100
DQN,0,114,-185.0,86
DQN,0,115,-107.0,8
DQN,0,116,-99.19999999999999,100
DQN,0,117,-100.0,1
DQN,0,118,-100.0,1
DQN,0,119,-100.0,1
DQN,0,120,-100.0,1
DQN,0,121,-100.0,1
DQN,0,122,-100.30000000000001,100
DQN,0,123,-129.0,30
DQN,0,124,-100.29999999999998,100
DQN,0,125,-99.20000000000006,100
DQN,0,126,-100.0,1
DQN,0,127,-100.3,100
DQN,0,128,-118.0,19
DQN,0,129,-99.60000000000004,100
DQN,0,130,-100.30000000000001,100
DQN,0,131,-99.70000000000003,100
DQN,0,132,-100.0,1
DQN,0,133,-100.0,1
DQN,0,134,-167.0,68
DQN,0,135,-99.20000000000003,100
DQN,0,136,-100.0,1
DQN,0,137,-100.0,1
DQN,0,138,-100.30000000000001,100
DQN,0,139,-100.0,100
DQN,0,140,-99.10000000000007,100
DQN,0,141,-100.0,1
DQN,0,142,-100.0,1
DQN,0,143,-100.2,100
DQN,0,144,-101.0,2
DQN,0,145,-100.29999999999998,100
DQN,0,146,-118.0,19
DQN,0,147,-105.0,6
DQN,0,148,-108.0,9
DQN,0,149,-100.2,100
DQN,0,150,-102.0,3
DQN,0,151,-103.0,4
DQN,0,152,-100.3,100
DQN,0,153,-100.3,100
DQN,0,154,-100.29999999999998,100
DQN,0,155,-100.3,100
DQN,0,156,-100.3,100
DQN,0,157,-100.3,100
DQN,0,158,-99.9,100
DQN,0,159,-100.00000000000001,100
DQN,0,160,-100.2,100
DQN,0,161,-100.19999999999997,100
DQN,0,162,-100.19999999999999,100
DQN,0,163,-99.90000000000002,100
DQN,0,164,-100.00000000000001,100
DQN,0,165,-100.2,100
DQN,0,166,-100.1,100
DQN,0,167,-99.80000000000003,100
DQN,0,168,-100.19999999999999,100
DQN,0,169,-100.1,100
DQN,0,170,-100.0,100
DQN,0,171,-100.0,1
DQN,0,172,-100.20000000000002,100
DQN,0,173,-100.3,100
DQN,0,174,-100.00000000000001,100
DQN,0,175,-100.2,100
DQN,0,176,-100.00000000000001,100
DQN,0,177,-148.5,50
DQN,0,178,-116.8,18
DQN,0,179,-100.0,1
DQN,0,180,-100.19999999999999,100
DQN,0,181,-100.0,100
DQN,0,182,-100.19999999999999,100
DQN,0,183,-100.0,1
DQN,0,184,-100.3,100
DQN,0,185,-181.60000000000002,83
DQN,0,186,-162.0,63
DQN,0,187,-113.0,14
DQN,0,188,-100.0,100
DQN,0,189,-100.29999999999998,100
DQN,0,190,-158.39999999999998,60
DQN,0,191,-104.0,5
DQN,0,192,-112.0,13
DQN,0,193,-54.99999999999998,57
DQN,0,194,-100.0,1
DQN,0,195,-104.0,5
DQN,0,196,-156.0,57
DQN,0,197,-100.2,100
DQN,0,198,-100.19999999999999,100
DQN,0,199,-161.5,63
DQN,0,200,-100.10000000000001,100
DQN,0,201,-99.70000000000005,100
DQN,0,202,-103.0,4
DQN,0,203,-100.3,100
DQN,0,204,-100.0,1
DQN,0,205,-100.29999999999997,100
DQN,0,206,-99.10000000000005,100
DQN,0,207,-103.8,5
DQN,0,208,-100.19999999999995,100
DQN,0,209,-195.00000000000003,96
DQN,0,210,-100.2,100
DQN,0,211,-100.09999999999997,100
DQN,0,212,-99.89999999999999,100
DQN,0,213,-125.3,27
DQN,0,214,-100.29999999999997,100
DQN,0,215,-100.00000000000001,100
DQN,0,216,-77.00000000000001,79
DQN,0,217,-125.0,26
DQN,0,218,-108.0,9
DQN,0,219,-130.0,31
DQN,0,220,-100.30000000000001,100
DQN,0,221,-165.9,67
DQN,0,222,-100.20000000000002,100
DQN,0,223,-100.2,100
DQN,0,224,-95.0,97
DQN,0,225,-140.0,41
DQN,0,226,-104.0,5
DQN,0,227,-114.0,15
DQN,0,228,-106.0,7
DQN,0,229,-100.29999999999998,100
DQN,0,230,-100.2,100
DQN,0,231,-100.19999999999996,100
DQN,0,232,-100.19999999999999,100
DQN,0,233,-99.99999999999997,100
DQN,0,234,-166.70000000000002,68
DQN,0,235,-99.90000000000003,100
DQN,0,236,-128.9,30
DQN,0,237,-99.89999999999998,100
DQN,0,238,-102.0,3
DQN,0,239,-177.0,78
DQN,0,240,-105.0,6
DQN,0,241,-100.1,100
DQN,0,242,-100.0,1
DQN,0,243,-100.0,100
DQN,0,244,-105.0,6
DQN,0,245,-181.0,82
DQN,0,246,-142.1,44
DQN,0,247,-138.1,40
DQN,0,248,-133.0,34
DQN,0,249,-108.0,9
DQN,0,250,-112.0,13
DQN,0,251,-130.0,31
DQN,0,252,-111.0,12
DQN,0,253,-100.3,100
DQN,0,254,-100.3,100
DQN,0,255,-100.29999999999998,100
DQN,0,256,-88.00000000000003,90
DQN,0,257,-188.0,89
DQN,0,258,-165.0,66
DQN,0,259,-107.0,8
DQN,0,260,-198.30000000000004,100
DQN,0,261,-160.2,62
DQN,0,262,-76.0,78
DQN,0,263,-140.0,41
DQN,0,264,-101.0,2
DQN,0,265,-100.3,100
DQN,0,266,-100.2,100
DQN,0,267,-100.2,100
DQN,0,268,-99.70000000000003,100
DQN,0,269,-99.19999999999999,100
DQN,0,270,-100.10000000000001,100
DQN,0,271,-70.0,72
DQN,0,272,-116.0,17
DQN,0,273,-100.00000000000001,100
DQN,0,274,-100.0,100
DQN,0,275,-86.0,88
DQN,0,276,-166.0,67
DQN,0,277,-101.0,2
DQN,0,278,-100.2,100
DQN,0,279,-100.1,100
DQN,0,280,-95.00000000000006,97
DQN,0,281,-100.0,1
DQN,0,282,-100.0,1
DQN,0,283,-100.0,1
DQN,0,284,-100.0,1
DQN,0,285,-101.0,2
DQN,0,286,-11.000000000000002,13
DQN,0,287,-13.000000000000002,15
DQN,0,288,-11.000000000000002,13
DQN,0,289,-11.000000000000002,13
DQN,0,290,-100.0,1
DQN,0,291,-100.0,1
DQN,0,292,-13.000000000000004,15
DQN,0,293,-100.0,1
DQN,0,294,-12.000000000000002,14
DQN,0,295,-102.0,3
DQN,0,296,-29.000000000000004,31
DQN,0,297,-16.0,18
DQN,0,298,-18.0,20
DQN,0,299,-99.0,100
DQN,0,300,-18.0,20
DQN,0,301,-29.0,31
DQN,0,302,-105.6,7
DQN,0,303,-99.2,100
DQN,0,304,-99.0,100
DQN,0,305,-15.000000000000004,17
DQN,0,306,-17.0,19
DQN,0,307,-48.0,50
DQN,0,308,-26.000000000000004,28
DQN,0,309,-25.0,27
DQN,0,310,-191.10000000000002,93
DQN,0,311,-19.0,21
DQN,0,312,-33.0,35
DQN,0,313,-29.000000000000004,31
DQN,0,314,-17.0,19
DQN,0,315,-70.00000000000001,72
DQN,0,316,-111.2,13
DQN,0,317,-99.10000000000001,100
DQN,0,318,-99.10000000000001,100
DQN,0,319,-93.0,95
DQN,0,320,-11.000000000000002,13
DQN,0,321,-11.000000000000002,13
DQN,0,322,-104.7,6
DQN,0,323,-19.0,21
DQN,0,324,-11.000000000000002,13
DQN,0,325,-11.000000000000002,13
DQN,0,326,-103.8,5
DQN,0,327,-110.1,12
DQN,0,328,-11.000000000000002,13
DQN,0,329,-11.000000000000002,13
DQN,0,330,-11.000000000000002,13
DQN,0,331,-11.000000000000002,13
DQN,0,332,-15.000000000000004,17
DQN,0,333,-102.9,4
DQN,0,334,-108.5,10
DQN,0,335,-104.8,6
DQN,0,336,-127.6,29
DQN,0,337,-103.8,5
DQN,0,338,-58.0,60
DQN,0,339,-65.0,67
DQN,0,340,-99.1,100
DQN,0,341,-109.2,11
DQN,0,342,-102.9,4
DQN,0,343,-100.0,1
DQN,0,344,-99.2,100
DQN,0,345,-99.2,100
DQN,0,346,-53.0,55
DQN,0,347,-11.000000000000002,13
DQN,0,348,-38.0,40
DQN,0,349,-15.000000000000002,17
DQN,0,350,-15.000000000000002,17
DQN,0,351,-109.4,11
DQN,0,352,-13.000000000000004,15
DQN,0,353,-102.0,3
DQN,0,354,-110.1,12
DQN,0,355,-102.0,3
DQN,0,356,-13.000000000000002,15
DQN,0,357,-11.000000000000002,13
DQN,0,358,-11.000000000000002,13
DQN,0,359,-13.000000000000002,15
DQN,0,360,-48.0,50
DQN,0,361,-105.6,7
DQN,0,362,-99.2,100
DQN,0,363,-12.000000000000002,14
DQN,0,364,-11.000000000000002,13
DQN,0,365,-102.0,3
DQN,0,366,-13.000000000000004,15
DQN,0,367,-12.000000000000002,14
DQN,0,368,-34.0,36
DQN,0,369,-11.000000000000002,13
DQN,0,370,-11.000000000000002,13
DQN,0,371,-104.7,6
DQN,0,372,-106.5,8
DQN,0,373,-22.0,24
DQN,0,374,-13.000000000000004,15
DQN,0,375,-11.000000000000002,13
DQN,0,376,-15.000000000000004,17
DQN,0,377,-13.000000000000004,15
DQN,0,378,-13.000000000000004,15
DQN,0,379,-23.0,25
DQN,0,380,-48.0,50
DQN,0,381,-13.000000000000004,15
DQN,0,382,-17.0,19
DQN,0,383,-13.000000000000004,15
DQN,0,384,-103.8,5
DQN,0,385,-15.000000000000004,17
DQN,0,386,-61.0,63
DQN,0,387,-17.0,19
DQN,0,388,-18.0,20
DQN,0,389,-17.0,19
DQN,0,390,-13.000000000000004,15
DQN,0,391,-100.0,1
DQN,0,392,-13.000000000000004,15
DQN,0,393,-24.999999999999993,27
DQN,0,394,-18.0,20
DQN,0,395,-20.999999999999996,23
DQN,0,396,-17.000000000000004,19
DQN,0,397,-22.999999999999993,25
DQN,0,398,-13.000000000000004,15
DQN,0,399,-16.000000000000004,18
DQN,0,400,-16.000000000000004,18
DQN,0,401,-31.999999999999986,34
DQN,0,402,-27.999999999999982,30
DQN,0,403,-107.9,9
DQN,0,404,-18.999999999999996,21
DQN,0,405,-36.999999999999986,39
DQN,0,406,-23.999999999999993,26
DQN,0,407,-22.99999999999999,25
DQN,0,408,-17.0,19
DQN,0,409,-18.0,20
DQN,0,410,-23.999999999999993,26
DQN,0,411,-16.000000000000004,18
DQN,0,412,-17.000000000000004,19
DQN,0,413,-15.000000000000004,17
DQN,0,414,-17.0,19
DQN,0,415,-15.000000000000004,17
DQN,0,416,-17.0,19
DQN,0,417,-15.000000000000004,17
DQN,0,418,-15.000000000000004,17
DQN,0,419,-15.000000000000004,17
DQN,0,420,-17.0,19
DQN,0,421,-17.000000000000004,19
DQN,0,422,-18.000000000000004,20
DQN,0,423,-15.000000000000004,17
DQN,0,424,-22.99999999999999,25
DQN,0,425,-17.0,19
DQN,0,426,-18.0,20
DQN,0,427,-15.000000000000004,17
DQN,0,428,-17.000000000000004,19
DQN,0,429,-17.0,19
DQN,0,430,-15.000000000000004,17
DQN,0,431,-19.000000000000004,21
DQN,0,432,-15.000000000000004,17
DQN,0,433,-21.0,23
DQN,0,434,-16.000000000000004,18
DQN,0,435,-19.0,21
DQN,0,436,-16.000000000000004,18
DQN,0,437,-16.000000000000004,18
DQN,0,438,-22.999999999999993,25
DQN,0,439,-26.999999999999986,29
DQN,0,440,-16.000000000000004,18
DQN,0,441,-15.000000000000004,17
DQN,0,442,-15.000000000000004,17
DQN,0,443,-20.999999999999993,23
DQN,0,444,-62.99999999999999,65
DQN,0,445,-19.999999999999996,22
DQN,0,446,-18.999999999999996,21
DQN,0,447,-18.999999999999996,21
DQN,0,448,-19.0,21
DQN,0,449,-31.99999999999999,34
DQN,0,450,-100.0,1
DQN,0,451,-83.00000000000006,85
DQN,0,452,-15.000000000000004,17
DQN,0,453,-23.0,25
DQN,0,454,-106.0,7
DQN,0,455,-99.6,100
DQN,0,456,-100.29999999999998,100
DQN,0,457,-99.50000000000001,100
DQN,0,458,-30.999999999999993,33
DQN,0,459,-17.0,19
DQN,0,460,-18.0,20
DQN,0,461,-15.000000000000004,17
DQN,0,462,-15.000000000000004,17
DQN,0,463,-15.000000000000004,17
DQN,0,464,-15.000000000000004,17
DQN,0,465,-17.000000000000004,19
DQN,0,466,-17.000000000000004,19
DQN,0,467,-21.999999999999993,24
DQN,0,468,-16.000000000000004,18
DQN,0,469,-19.999999999999996,22
DQN,0,470,-19.999999999999996,22
DQN,0,471,-17.000000000000004,19
DQN,0,472,-19.000000000000004,21
DQN,0,473,-114.10000000000001,16
DQN,0,474,-15.000000000000004,17
DQN,0,475,-18.0,20
DQN,0,476,-17.0,19
DQN,0,477,-18.000000000000004,20
DQN,0,478,-15.000000000000004,17
DQN,0,479,-19.0,21
DQN,0,480,-31.999999999999986,34
DQN,0,481,-15.000000000000004,17
DQN,0,482,-18.0,20
DQN,0,483,-19.0,21
DQN,0,484,-18.999999999999996,21
DQN,0,485,-17.0,19
DQN,0,486,-16.000000000000004,18
DQN,0,487,-15.000000000000004,17
DQN,0,488,-15.000000000000004,17
DQN,0,489,-15.000000000000004,17
DQN,0,490,-15.000000000000004,17
DQN,0,491,-15.000000000000004,17
DQN,0,492,-15.000000000000004,17
DQN,0,493,-17.0,19
DQN,0,494,-16.000000000000004,18
DQN,0,495,-16.000000000000004,18
DQN,0,496,-18.0,20
DQN,0,497,-15.000000000000004,17
DQN,0,498,-15.000000000000004,17
DQN,0,499,-15.000000000000004,17
DQN,0,500,-113.2,15
DQN,0,501,-23.000000000000004,25
DQN,0,502,-23.99999999999999,26
DQN,0,503,-17.0,19
DQN,0,504,-49.0,51
DQN,0,505,-15.000000000000004,17
DQN,0,506,-18.0,20
DQN,0,507,-15.000000000000004,17
DQN,0,508,-16.000000000000004,18
DQN,0,509,-23.999999999999993,26
DQN,0,510,-17.000000000000004,19
DQN,0,511,-23.999999999999996,26
DQN,0,512,-16.000000000000004,18
DQN,0,513,-25.999999999999986,28
DQN,0,514,-19.0,21
DQN,0,515,-17.000000000000004,19
DQN,0,516,-17.000000000000004,19
DQN,0,517,-31.999999999999986,34
DQN,0,518,-16.000000000000004,18
DQN,0,519,-17.000000000000004,19
DQN,0,520,-18.0,20
DQN,0,521,-15.000000000000004,17
DQN,0,522,-15.000000000000004,17
DQN,0,523,-16.000000000000004,18
DQN,0,524,-16.000000000000004,18
DQN,0,525,-16.000000000000004,18
DQN,0,526,-17.0,19
DQN,0,527,-15.000000000000004,17
DQN,0,528,-15.000000000000004,17
DQN,0,529,-17.000000000000004,19
DQN,0,530,-16.000000000000004,18
DQN,0,531,-17.000000000000004,19
DQN,0,532,-102.0,3
DQN,0,533,-45.999999999999986,48
DQN,0,534,-15.000000000000004,17
DQN,0,535,-19.0,21
DQN,0,536,-22.0,24
DQN,0,537,-18.999999999999996,21
DQN,0,538,-17.000000000000004,19
DQN,0,539,-17.000000000000004,19
DQN,0,540,-16.000000000000004,18
DQN,0,541,-17.0,19
DQN,0,542,-25.99999999999999,28
DQN,0,543,-15.000000000000004,17
DQN,0,544,-17.000000000000004,19
DQN,0,545,-16.000000000000004,18
DQN,0,546,-100.0,1
DQN,0,547,-40.99999999999999,43
DQN,0,548,-16.000000000000004,18
DQN,0,549,-17.0,19
DQN,0,550,-23.999999999999996,26
DQN,0,551,-15.000000000000004,17
DQN,0,552,-100.0,1
DQN,0,553,-20.999999999999993,23
DQN,0,554,-22.999999999999993,25
DQN,0,555,-16.000000000000004,18
DQN,0,556,-107.0,8
DQN,0,557,-40.999999999999986,43
DQN,0,558,-28.99999999999999,31
DQN,0,559,-19.0,21
DQN,0,560,-21.0,23
DQN,0,561,-15.000000000000004,17
DQN,0,562,-19.0,21
DQN,0,563,-15.000000000000004,17
DQN,0,564,-17.000000000000004,19
DQN,0,565,-17.0,19
DQN,0,566,-17.0,19
DQN,0,567,-15.000000000000004,17
DQN,0,568,-19.0,21
DQN,0,569,-100.0,1
DQN,0,570,-19.0,21
DQN,0,571,-28.999999999999993,31
DQN,0,572,-15.000000000000004,17
DQN,0,573,-19.999999999999996,22
DQN,0,574,-113.30000000000001,15
DQN,0,575,-39.99999999999999,42
DQN,0,576,-37.999999999999986,40
DQN,0,577,-100.0,1
DQN,0,578,-43.0,45
DQN,0,579,-37.0,39
DQN,0,580,-15.000000000000004,17
DQN,0,581,-15.000000000000004,17
DQN,0,582,-15.000000000000004,17
DQN,0,583,-29.999999999999993,32
DQN,0,584,-21.999999999999996,24
DQN,0,585,-24.999999999999993,27
DQN,0,586,-15.000000000000004,17
DQN,0,587,-15.000000000000004,17
DQN,0,588,-15.000000000000004,17
DQN,0,589,-15.000000000000004,17
DQN,0,590,-23.99999999999999,26
DQN,0,591,-30.999999999999993,33
DQN,0,592,-24.99999999999999,27
DQN,0,593,-13.000000000000004,15
DQN,0,594,-18.000000000000004,20
DQN,0,595,-145.1,47
DQN,0,596,-15.000000000000004,17
DQN,0,597,-15.000000000000004,17
DQN,0,598,-20.999999999999993,23
DQN,0,599,-15.000000000000004,17
DQN,0,600,-19.999999999999996,22
DQN,0,601,-22.999999999999996,25
DQN,0,602,-26.999999999999996,29
DQN,0,603,-19.000000000000004,21
DQN,0,604,-19.000000000000004,21
DQN,0,605,-17.000000000000004,19
DQN,0,606,-21.999999999999993,24
DQN,0,607,-15.000000000000004,17
DQN,0,608,-19.999999999999996,22
DQN,0,609,-17.0,19
DQN,0,610,-17.000000000000004,19
DQN,0,611,-18.0,20
DQN,0,612,-15.000000000000004,17
DQN,0,613,-18.999999999999996,21
DQN,0,614,-19.000000000000004,21
DQN,0,615,-17.000000000000004,19
DQN,0,616,-15.000000000000004,17
DQN,0,617,-21.999999999999996,24
DQN,0,618,-17.0,19
DQN,0,619,-18.999999999999996,21
DQN,0,620,-24.99999999999999,27
DQN,0,621,-16.000000000000004,18
DQN,0,622,-16.000000000000004,18
DQN,0,623,-20.0,22
DQN,0,624,-15.000000000000004,17
DQN,0,625,-19.0,21
DQN,0,626,-19.000000000000004,21
DQN,0,627,-22.0,24
DQN,0,628,-18.0,20
DQN,0,629,-17.000000000000004,19
DQN,0,630,-15.000000000000004,17
DQN,0,631,-19.999999999999996,22
DQN,0,632,-19.0,21
DQN,0,633,-100.0,1
DQN,0,634,-17.000000000000004,19
DQN,0,635,-15.000000000000004,17
DQN,0,636,-17.000000000000004,19
DQN,0,637,-17.0,19
DQN,0,638,-17.000000000000004,19
DQN,0,639,-15.000000000000004,17
DQN,0,640,-19.0,21
DQN,0,641,-21.999999999999993,24
DQN,0,642,-16.000000000000004,18
DQN,0,643,-15.000000000000004,17
DQN,0,644,-19.0,21
DQN,0,645,-17.0,19
DQN,0,646,-16.000000000000004,18
DQN,0,647,-18.0,20
DQN,0,648,-100.0,1
DQN,0,649,-133.2,35
DQN,0,650,-36.999999999999986,39
DQN,0,651,-62.99999999999998,65
DQN,0,652,-112.0,13
DQN,0,653,-24.99999999999999,27
DQN,0,654,-19.999999999999996,22
DQN,0,655,-14.000000000000004,16
DQN,0,656,-15.000000000000004,17
DQN,0,657,-16.000000000000004,18
DQN,0,658,-13.000000000000004,15
DQN,0,659,-15.000000000000004,17
DQN,0,660,-27.99999999999999,30
DQN,0,661,-20.999999999999996,23
DQN,0,662,-15.000000000000004,17
DQN,0,663,-28.999999999999982,31
DQN,0,664,-13.000000000000004,15
DQN,0,665,-16.000000000000004,18
DQN,0,666,-15.000000000000004,17
DQN,0,667,-13.000000000000004,15
DQN,0,668,-16.000000000000004,18
DQN,0,669,-13.000000000000004,15
DQN,0,670,-17.0,19
DQN,0,671,-35.999999999999986,38
DQN,0,672,-15.000000000000004,17
DQN,0,673,-18.999999999999996,21
DQN,0,674,-17.0,19
DQN,0,675,-15.000000000000004,17
DQN,0,676,-13.000000000000004,15
DQN,0,677,-15.000000000000004,17
DQN,0,678,-17.0,19
DQN,0,679,-13.000000000000004,15
DQN,0,680,-15.000000000000004,17
DQN,0,681,-15.000000000000004,17
DQN,0,682,-15.000000000000004,17
DQN,0,683,-13.000000000000004,15
DQN,0,684,-17.0,19
DQN,0,685,-30.999999999999982,33
DQN,0,686,-15.000000000000004,17
DQN,0,687,-13.000000000000004,15
DQN,0,688,-13.000000000000004,15
DQN,0,689,-17.0,19
DQN,0,690,-22.999999999999996,25
DQN,0,691,-17.0,19
DQN,0,692,-17.0,19
DQN,0,693,-15.000000000000004,17
DQN,0,694,-23.999999999999993,26
DQN,0,695,-15.000000000000004,17
DQN,0,696,-36.999999999999986,39
DQN,0,697,-17.0,19
DQN,0,698,-13.000000000000004,15
DQN,0,699,-13.000000000000004,15
DQN,0,700,-20.999999999999996,23
DQN,0,701,-114.2,16
DQN,0,702,-13.000000000000004,15
DQN,0,703,-19.0,21
DQN,0,704,-15.000000000000004,17
DQN,0,705,-13.000000000000004,15
DQN,0,706,-13.000000000000004,15
DQN,0,707,-17.000000000000004,19
DQN,0,708,-15.000000000000004,17
DQN,0,709,-15.000000000000004,17
DQN,0,710,-15.000000000000004,17
DQN,0,711,-15.000000000000004,17
DQN,0,712,-15.000000000000004,17
DQN,0,713,-18.999999999999996,21
DQN,0,714,-15.000000000000004,17
DQN,0,715,-13.000000000000004,15
DQN,0,716,-13.000000000000004,15
DQN,0,717,-15.000000000000004,17
DQN,0,718,-13.000000000000004,15
DQN,0,719,-13.000000000000004,15
DQN,0,720,-13.000000000000004,15
DQN,0,721,-13.000000000000004,15
DQN,0,722,-120.1,22
DQN,0,723,-71.00000000000004,73
DQN,0,724,-13.000000000000004,15
DQN,0,725,-13.000000000000004,15
DQN,0,726,-15.000000000000004,17
DQN,0,727,-13.000000000000004,15
DQN,0,728,-17.0,19
DQN,0,729,-13.000000000000004,15
DQN,0,730,-15.000000000000004,17
DQN,0,731,-13.000000000000004,15
DQN,0,732,-13.000000000000004,15
DQN,0,733,-13.000000000000004,15
DQN,0,734,-13.000000000000004,15
DQN,0,735,-15.000000000000004,17
DQN,0,736,-15.000000000000004,17
DQN,0,737,-19.0,21
DQN,0,738,-13.000000000000004,15
DQN,0,739,-13.000000000000004,15
DQN,0,740,-17.0,19
DQN,0,741,-20.999999999999993,23
DQN,0,742,-15.000000000000004,17
DQN,0,743,-20.999999999999993,23
DQN,0,744,-29.99999999999999,32
DQN,0,745,-17.000000000000004,19
DQN,0,746,-13.000000000000004,15
DQN,0,747,-15.000000000000004,17
DQN,0,748,-28.999999999999986,31
DQN,0,749,-15.000000000000004,17
DQN,0,750,-17.0,19
DQN,0,751,-100.0,1
DQN,0,752,-14.000000000000004,16
DQN,0,753,-19.0,21
DQN,0,754,-25.999999999999982,28
DQN,0,755,-13.000000000000004,15
DQN,0,756,-15.000000000000004,17
DQN,0,757,-13.000000000000004,15
DQN,0,758,-104.0,5
DQN,0,759,-25.000000000000004,27
DQN,0,760,-15.000000000000004,17
DQN,0,761,-15.000000000000004,17
DQN,0,762,-15.000000000000004,17
DQN,0,763,-70.00000000000003,72
DQN,0,764,-102.0,3
DQN,0,765,-15.000000000000004,17
DQN,0,766,-99.20000000000006,100
DQN,0,767,-15.000000000000004,17
DQN,0,768,-13.000000000000004,15
DQN,0,769,-13.000000000000004,15
DQN,0,770,-15.000000000000004,17
DQN,0,771,-13.000000000000004,15
DQN,0,772,-17.0,19
DQN,0,773,-15.000000000000004,17
DQN,0,774,-15.000000000000004,17
DQN,0,775,-15.000000000000004,17
DQN,0,776,-13.000000000000004,15
DQN,0,777,-50.999999999999986,53
DQN,0,778,-17.0,19
DQN,0,779,-111.4,13
DQN,0,780,-51.0,53
DQN,0,781,-16.000000000000004,18
DQN,0,782,-65.0,67
DQN,0,783,-16.000000000000004,18
DQN,0,784,-13.000000000000004,15
DQN,0,785,-15.000000000000004,17
DQN,0,786,-13.000000000000004,15
DQN,0,787,-19.0,21
DQN,0,788,-105.8,7
DQN,0,789,-162.0,63
DQN,0,790,-27.999999999999986,30
DQN,0,791,-15.000000000000004,17
DQN,0,792,-13.000000000000004,15
DQN,0,793,-13.000000000000004,15
DQN,0,794,-17.000000000000004,19
DQN,0,795,-100.0,1
DQN,0,796,-13.000000000000004,15
DQN,0,797,-13.000000000000004,15
DQN,0,798,-15.000000000000004,17
DQN,0,799,-15.000000000000004,17
DQN,0,800,-13.000000000000004,15
DQN,0,801,-13.000000000000004,15
DQN,0,802,-17.0,19
DQN,0,803,-15.000000000000004,17
DQN,0,804,-15.000000000000004,17
DQN,0,805,-13.000000000000004,15
DQN,0,806,-17.000000000000004,19
DQN,0,807,-16.000000000000004,18
DQN,0,808,-22.99999999999999,25
DQN,0,809,-18.999999999999996,21
DQN,0,810,-13.000000000000004,15
DQN,0,811,-17.0,19
DQN,0,812,-13.000000000000004,15
DQN,0,813,-34.999999999999986,37
DQN,0,814,-15.000000000000004,17
DQN,0,815,-17.0,19
DQN,0,816,-15.000000000000004,17
DQN,0,817,-13.000000000000004,15
DQN,0,818,-112.10000000000001,14
DQN,0,819,-13.000000000000004,15
DQN,0,820,-13.000000000000004,15
DQN,0,821,-17.0,19
DQN,0,822,-22.999999999999996,25
DQN,0,823,-15.000000000000004,17
DQN,0,824,-13.000000000000004,15
DQN,0,825,-13.000000000000004,15
DQN,0,826,-18.0,20
DQN,0,827,-13.000000000000004,15
DQN,0,828,-15.000000000000004,17
DQN,0,829,-18.0,20
DQN,0,830,-18.999999999999996,21
DQN,0,831,-16.000000000000004,18
DQN,0,832,-13.000000000000004,15
DQN,0,833,-13.000000000000004,15
DQN,0,834,-19.0,21
DQN,0,835,-21.000000000000004,23
DQN,0,836,-20.0,22
DQN,0,837,-14.000000000000004,16
DQN,0,838,-14.000000000000004,16
DQN,0,839,-17.0,19
DQN,0,840,-26.999999999999993,29
DQN,0,841,-16.000000000000004,18
DQN,0,842,-23.000000000000004,25
DQN,0,843,-20.999999999999996,23
DQN,0,844,-125.39999999999999,27
DQN,0,845,-100.0,100
DQN,0,846,-110.9,12
DQN,0,847,-100.0,1
DQN,0,848,-125.0,26
DQN,0,849,-100.0,100
DQN,0,850,-67.00000000000001,69
DQN,0,851,-114.0,15
DQN,0,852,-108.0,9
DQN,0,853,-108.0,9
DQN,0,854,-18.999999999999996,21
DQN,0,855,-127.0,28
DQN,0,856,-114.0,15
DQN,0,857,-13.000000000000004,15
DQN,0,858,-13.000000000000004,15
DQN,0,859,-17.0,19
DQN,0,860,-13.000000000000004,15
DQN,0,861,-13.000000000000004,15
DQN,0,862,-13.000000000000004,15
DQN,0,863,-112.10000000000001,14
DQN,0,864,-113.2,15
DQN,0,865,-15.000000000000004,17
DQN,0,866,-116.1,18
DQN,0,867,-15.000000000000004,17
DQN,0,868,-15.000000000000004,17
DQN,0,869,-50.999999999999986,53
DQN,0,870,-15.000000000000004,17
DQN,0,871,-15.000000000000004,17
DQN,0,872,-17.000000000000004,19
DQN,0,873,-36.999999999999986,39
DQN,0,874,-163.9,65
DQN,0,875,-177.30000000000007,79
DQN,0,876,-84.00000000000004,86
DQN,0,877,-26.99999999999999,29
DQN,0,878,-62.999999999999986,65
DQN,0,879,-43.999999999999986,46
DQN,0,880,-32.999999999999986,35
DQN,0,881,-100.0,1
DQN,0,882,-15.000000000000004,17
DQN,0,883,-15.000000000000004,17
DQN,0,884,-17.0,19
DQN,0,885,-26.99999999999999,29
DQN,0,886,-20.999999999999993,23
DQN,0,887,-21.999999999999993,24
DQN,0,888,-110.5,12
DQN,0,889,-94.00000000000003,96
DQN,0,890,-32.99999999999999,35
DQN,0,891,-15.000000000000004,17
DQN,0,892,-20.999999999999993,23
DQN,0,893,-112.5,14
DQN,0,894,-22.99999999999999,25
DQN,0,895,-36.0,38
DQN,0,896,-15.000000000000004,17
DQN,0,897,-17.000000000000004,19
DQN,0,898,-100.0,1
DQN,0,899,-15.000000000000004,17
DQN,0,900,-132.3,34
DQN,0,901,-40.999999999999986,43
DQN,0,902,-15.000000000000004,17
DQN,0,903,-113.30000000000001,15
DQN,0,904,-15.000000000000004,17
DQN,0,905,-112.3,14
DQN,0,906,-15.000000000000004,17
DQN,0,907,-113.2,15
DQN,0,908,-24.999999999999996,27
DQN,0,909,-15.000000000000004,17
DQN,0,910,-17.0,19
DQN,0,911,-21.0,23
DQN,0,912,-57.99999999999998,60
DQN,0,913,-19.0,21
DQN,0,914,-34.999999999999986,37
DQN,0,915,-40.999999999999986,43
DQN,0,916,-39.99999999999999,42
DQN,0,917,-54.999999999999986,57
DQN,0,918,-25.0,27
DQN,0,919,-36.999999999999986,39
DQN,0,920,-24.99999999999999,27
DQN,0,921,-24.999999999999993,27
DQN,0,922,-15.000000000000004,17
DQN,0,923,-17.000000000000004,19
DQN,0,924,-15.000000000000004,17
DQN,0,925,-113.2,15
DQN,0,926,-21.0,23
DQN,0,927,-18.999999999999996,21
DQN,0,928,-15.000000000000004,17
DQN,0,929,-17.000000000000004,19
DQN,0,930,-20.999999999999996,23
DQN,0,931,-22.999999999999993,25
DQN,0,932,-72.00000000000003,74
DQN,0,933,-24.999999999999996,27
DQN,0,934,-20.0,22
DQN,0,935,-20.999999999999993,23
DQN,0,936,-19.000000000000004,21
DQN,0,937,-15.000000000000004,17
DQN,0,938,-15.000000000000004,17
DQN,0,939,-15.000000000000004,17
DQN,0,940,-16.000000000000004,18
DQN,0,941,-15.000000000000004,17
DQN,0,942,-15.000000000000004,17
DQN,0,943,-114.0,15
DQN,0,944,-20.999999999999993,23
DQN,0,945,-15.000000000000004,17
DQN,0,946,-17.0,19
DQN,0,947,-22.99999999999999,25
DQN,0,948,-15.000000000000004,17
DQN,0,949,-17.0,19
DQN,0,950,-21.999999999999996,24
DQN,0,951,-17.000000000000004,19
DQN,0,952,-16.000000000000004,18
DQN,0,953,-20.999999999999993,23
DQN,0,954,-15.000000000000004,17
DQN,0,955,-26.999999999999993,29
DQN,0,956,-15.000000000000004,17
DQN,0,957,-110.5,12
DQN,0,958,-155.5,57
DQN,0,959,-98.00000000000003,100
DQN,0,960,-24.99999999999999,27
DQN,0,961,-18.0,20
DQN,0,962,-15.000000000000004,17
DQN,0,963,-13.000000000000004,15
DQN,0,964,-13.000000000000004,15
DQN,0,965,-20.000000000000004,22
DQN,0,966,-13.000000000000004,15
DQN,0,967,-13.000000000000004,15
DQN,0,968,-13.000000000000004,15
DQN,0,969,-13.000000000000004,15
DQN,0,970,-18.999999999999996,21
DQN,0,971,-111.0,12
DQN,0,972,-17.0,19
DQN,0,973,-27.99999999999999,30
DQN,0,974,-27.999999999999993,30
DQN,0,975,-13.000000000000004,15
DQN,0,976,-23.99999999999999,26
DQN,0,977,-116.3,18
DQN,0,978,-122.29999999999998,24
DQN,0,979,-13.000000000000004,15
DQN,0,980,-102.0,3
DQN,0,981,-118.3,20
DQN,0,982,-26.999999999999993,29
DQN,0,983,-103.0,4
DQN,0,984,-13.000000000000004,15
DQN,0,985,-102.0,3
DQN,0,986,-17.0,19
DQN,0,987,-112.10000000000001,14
DQN,0,988,-13.000000000000004,15
DQN,0,989,-17.0,19
DQN,0,990,-15.000000000000004,17
DQN,0,991,-18.999999999999996,21
DQN,0,992,-13.000000000000004,15
DQN,0,993,-15.000000000000004,17
DQN,0,994,-17.0,19
DQN,0,995,-131.2,33
DQN,0,996,-104.0,5
DQN,0,997,-13.000000000000004,15
DQN,0,998,-20.999999999999996,23
DQN,0,999,-102.0,3
DQN,0,1000,-110.5,12
QActorCritic,0,1,-104.0,5
QActorCritic,0,2,-101.0,2
QActorCritic,0,3,-103.0,4
QActorCritic,0,4,-129.5,31
QActorCritic,0,5,-107.0,8
QActorCritic,0,6,-101.0,2
QActorCritic,0,7,-131.7,33
QActorCritic,0,8,-120.5,22
QActorCritic,0,9,-100.0,1
QActorCritic,0,10,-103.0,4
QActorCritic,0,11,-100.0,1
QActorCritic,0,12,-101.0,2
QActorCritic,0,13,-123.3,25
QActorCritic,0,14,-100.0,1
QActorCritic,0,15,-100.0,1
QActorCritic,0,16,-100.0,1
QActorCritic,0,17,-100.0,1
QActorCritic,0,18,-101.0,2
QActorCritic,0,19,-100.0,1
QActorCritic,0,20,-100.0,1
QActorCritic,0,21,-101.0,2
QActorCritic,0,22,-100.0,1
QActorCritic,0,23,-107.0,8
QActorCritic,0,24,-100.0,1
QActorCritic,0,25,-100.0,1
QActorCritic,0,26,-102.0,3
QActorCritic,0,27,-100.0,1
QActorCritic,0,28,-125.5,27
QActorCritic,0,29,-100.0,1
QActorCritic,0,30,-105.0,6
QActorCritic,0,31,-100.0,1
QActorCritic,0,32,-100.0,1
QActorCritic,0,33,-112.0,13
QActorCritic,0,34,-113.60000000000001,15
QActorCritic,0,35,-104.0,5
QActorCritic,0,36,-111.0,12
QActorCritic,0,37,-120.89999999999999,22
QActorCritic,0,38,-154.0,55
QActorCritic,0,39,-105.0,6
QActorCritic,0,40,-192.8,94
QActorCritic,0,41,-120.0,21
QActorCritic,0,42,-125.0,26
QActorCritic,0,43,-115.0,16
QActorCritic,0,44,-129.4,31
QActorCritic,0,45,-37.99999999999999,40
QActorCritic,0,46,-100.0,1
QActorCritic,0,47,-100.0,1
QActorCritic,0,48,-100.0,1
QActorCritic,0,49,-99.2,100
QActorCritic,0,50,-184.29999999999998,86
QActorCritic,0,51,-100.0,1
QActorCritic,0,52,-100.0,1
QActorCritic,0,53,-24.0,26
QActorCritic,0,54,-103.8,5
QActorCritic,0,55,-100.0,1
QActorCritic,0,56,-100.0,1
QActorCritic,0,57,-101.0,2
QActorCritic,0,58,-100.0,1
QActorCritic,0,59,-101.0,2
QActorCritic,0,60,-102.0,3
QActorCritic,0,61,-100.0,1
QActorCritic,0,62,-100.0,1
QActorCritic,0,63,-101.0,2
QActorCritic,0,64,-107.0,8
QActorCritic,0,65,-100.0,1
QActorCritic,0,66,-100.0,1
QActorCritic,0,67,-102.0,3
QActorCritic,0,68,-104.0,5
QActorCritic,0,69,-105.0,6
QActorCritic,0,70,-100.0,1
QActorCritic,0,71,-102.0,3
QActorCritic,0,72,-100.0,1
QActorCritic,0,73,-105.0,6
QActorCritic,0,74,-102.0,3
QActorCritic,0,75,-105.6,7
QActorCritic,0,76,-107.9,9
QActorCritic,0,77,-105.0,6
QActorCritic,0,78,-105.9,7
QActorCritic,0,79,-106.0,7
QActorCritic,0,80,-102.0,3
QActorCritic,0,81,-119.0,20
QActorCritic,0,82,-100.0,1
QActorCritic,0,83,-121.0,22
QActorCritic,0,84,-185.0,86
QActorCritic,0,85,-100.0,100
QActorCritic,0,86,-100.0,100
QActorCritic,0,87,-100.0,100
QActorCritic,0,88,-168.0,69
QActorCritic,0,89,-100.0,100
QActorCritic,0,90,-100.0,100
QActorCritic,0,91,-150.0,51
QActorCritic,0,92,-100.0,100
QActorCritic,0,93,-100.0,100
QActorCritic,0,94,-100.0,100
QActorCritic,0,95,-100.1,100
QActorCritic,0,96,-100.0,100
QActorCritic,0,97,-109.0,10
QActorCritic,0,98,-176.0,77
QActorCritic,0,99,-118.0,19
QActorCritic,0,100,-112.0,13
QActorCritic,0,101,-118.0,19
QActorCritic,0,102,-102.0,3
QActorCritic,0,103,-100.0,1
QActorCritic,0,104,-100.0,1
QActorCritic,0,105,-125.0,26
QActorCritic,0,106,-130.0,31
QActorCritic,0,107,-120.0,21
QActorCritic,0,108,-101.0,2
QActorCritic,0,109,-125.0,26
QActorCritic,0,110,-115.9,17
QActorCritic,0,111,-153.0,54
QActorCritic,0,112,-104.0,5
QActorCritic,0,113,-101.0,2
QActorCritic,0,114,-123.0,24
QActorCritic,0,115,-106.0,7
QActorCritic,0,116,-111.9,13
QActorCritic,0,117,-115.8,17
QActorCritic,0,118,-122.9,24
QActorCritic,0,119,-101.0,2
QActorCritic,0,120,-87.00000000000004,89
QActorCritic,0,121,-122.9,24
QActorCritic,0,122,-100.0,1
QActorCritic,0,123,-116.5,18
QActorCritic,0,124,-124.8,26
QActorCritic,0,125,-126.89999999999999,28
QActorCritic,0,126,-130.8,32
QActorCritic,0,127,-138.0,39
QActorCritic,0,128,-109.8,11
QActorCritic,0,129,-96.00000000000001,98
QActorCritic,0,130,-108.7,10
QActorCritic,0,131,-102.0,3
QActorCritic,0,132,-118.2,20
QActorCritic,0,133,-112.8,14
QActorCritic,0,134,-119.4,21
QActorCritic,0,135,-46.99999999999999,49
QActorCritic,0,136,-62.99999999999999,65
QActorCritic,0,137,-25.999999999999996,28
QActorCritic,0,138,-114.7,16
QActorCritic,0,139,-102.9,4
QActorCritic,0,140,-100.0,1
QActorCritic,0,141,-137.5,39
QActorCritic,0,142,-116.7,18
QActorCritic,0,143,-100.0,1
QActorCritic,0,144,-69.0,71
QActorCritic,0,145,-33.99999999999999,36
QActorCritic,0,146,-20.0,22
QActorCritic,0,147,-33.0,35
QActorCritic,0,148,-100.0,1
QActorCritic,0,149,-109.4,11
QActorCritic,0,150,-56.0,58
QActorCritic,0,151,-11.000000000000002,13
QActorCritic,0,152,-33.0,35
QActorCritic,0,153,-17.0,19
QActorCritic,0,154,-111.2,13
QActorCritic,0,155,-100.0,1
QActorCritic,0,156,-100.0,1
QActorCritic,0,157,-100.0,1
QActorCritic,0,158,-41.0,43
QActorCritic,0,159,-100.0,1
QActorCritic,0,160,-100.0,1
QActorCritic,0,161,-100.0,1
QActorCritic,0,162,-100.0,1
QActorCritic,0,163,-100.0,1
QActorCritic,0,164,-100.0,1
QActorCritic,0,165,-100.0,1
QActorCritic,0,166,-100.0,1
QActorCritic,0,167,-100.0,1
QActorCritic,0,168,-100.0,1
QActorCritic,0,169,-100.0,1
QActorCritic,0,170,-100.0,1
QActorCritic,0,171,-100.0,1
QActorCritic,0,172,-19.0,21
QActorCritic,0,173,-58.0,60
QActorCritic,0,174,-26.999999999999993,29
QActorCritic,0,175,-75.00000000000001,77
QActorCritic,0,176,-74.0,76
QActorCritic,0,177,-32.99999999999999,35
QActorCritic,0,178,-23.999999999999993,26
QActorCritic,0,179,-23.999999999999993,26
QActorCritic,0,180,-19.999999999999996,22
QActorCritic,0,181,-21.999999999999993,24
QActorCritic,0,182,-100.0,1
QActorCritic,0,183,-21.0,23
QActorCritic,0,184,-17.000000000000004,19
QActorCritic,0,185,-29.999999999999986,32
QActorCritic,0,186,-55.99999999999999,58
QActorCritic,0,187,-86.0,88
QActorCritic,0,188,-99.19999999999999,100
QActorCritic,0,189,-99.2,100
QActorCritic,0,190,-100.2,100
QActorCritic,0,191,-100.3,100
QActorCritic,0,192,-100.3,100
QActorCritic,0,193,-100.3,100
QActorCritic,0,194,-100.3,100
QActorCritic,0,195,-100.3,100
QActorCritic,0,196,-99.2,100
QActorCritic,0,197,-99.0,100
QActorCritic,0,198,-99.2,100
QActorCritic,0,199,-99.2,100
QActorCritic,0,200,-99.2,100
QActorCritic,0,201,-99.2,100
QActorCritic,0,202,-99.10000000000001,100
QActorCritic,0,203,-99.19999999999999,100
QActorCritic,0,204,-99.2,100
QActorCritic,0,205,-99.19999999999999,100
QActorCritic,0,206,-99.2,100
QActorCritic,0,207,-99.2,100
QActorCritic,0,208,-99.1,100
QActorCritic,0,209,-97.00000000000001,99
QActorCritic,0,210,-127.19999999999999,29
QActorCritic,0,211,-99.7,100
QActorCritic,0,212,-100.1,100
QActorCritic,0,213,-99.8,100
QActorCritic,0,214,-100.1,100
QActorCritic,0,215,-100.1,100
QActorCritic,0,216,-99.8,100
QActorCritic,0,217,-99.69999999999999,100
QActorCritic,0,218,-172.1,74
QActorCritic,0,219,-125.2,27
QActorCritic,0,220,-153.1,55
QActorCritic,0,221,-141.1,43
QActorCritic,0,222,-156.3,58
QActorCritic,0,223,-162.1,64
QActorCritic,0,224,-99.90000000000002,100
QActorCritic,0,225,-99.69999999999999,100
QActorCritic,0,226,-99.8,100
QActorCritic,0,227,-99.7,100
QActorCritic,0,228,-99.80000000000003,100
QActorCritic,0,229,-100.2,100
QActorCritic,0,230,-99.80000000000001,100
QActorCritic,0,231,-192.10000000000002,94
QActorCritic,0,232,-99.9,100
QActorCritic,0,233,-100.0,100
QActorCritic,0,234,-99.70000000000002,100
QActorCritic,0,235,-99.5,100
QActorCritic,0,236,-99.69999999999999,100
QActorCritic,0,237,-72.00000000000003,74
QActorCritic,0,238,-136.39999999999998,38
QActorCritic,0,239,-137.3,39
QActorCritic,0,240,-125.3,27
QActorCritic,0,241,-137.2,39
QActorCritic,0,242,-32.99999999999999,35
QActorCritic,0,243,-18.0,20
QActorCritic,0,244,-25.0,27
QActorCritic,0,245,-120.2,22
QActorCritic,0,246,-126.1,28
QActorCritic,0,247,-125.19999999999999,27
QActorCritic,0,248,-22.999999999999993,25
QActorCritic,0,249,-119.1,21
QActorCritic,0,250,-17.000000000000004,19
QActorCritic,0,251,-18.999999999999996,21
QActorCritic,0,252,-121.19999999999999,23
QActorCritic,0,253,-118.1,20
QActorCritic,0,254,-22.999999999999993,25
QActorCritic,0,255,-16.000000000000004,18
QActorCritic,0,256,-16.000000000000004,18
QActorCritic,0,257,-15.000000000000004,17
QActorCritic,0,258,-15.000000000000004,17
QActorCritic,0,259,-15.000000000000004,17
QActorCritic,0,260,-15.000000000000004,17
QActorCritic,0,261,-15.000000000000004,17
QActorCritic,0,262,-15.000000000000004,17
QActorCritic,0,263,-15.000000000000004,17
QActorCritic,0,264,-13.000000000000004,15
QActorCritic,0,265,-15.000000000000004,17
QActorCritic,0,266,-15.000000000000004,17
QActorCritic,0,267,-13.000000000000004,15
QActorCritic,0,268,-11.000000000000002,13
QActorCritic,0,269,-107.4,9
QActorCritic,0,270,-100.0,1
QActorCritic,0,271,-11.000000000000002,13
QActorCritic,0,272,-11.000000000000002,13
QActorCritic,0,273,-108.3,10
QActorCritic,0,274,-11.000000000000002,13
QActorCritic,0,275,-11.000000000000002,13
QActorCritic,0,276,-11.000000000000002,13
QActorCritic,0,277,-100.0,1
QActorCritic,0,278,-11.000000000000002,13
QActorCritic,0,279,-12.000000000000002,14
QActorCritic,0,280,-12.000000000000002,14
QActorCritic,0,281,-17.0,19
QActorCritic,0,282,-99.0,100
QActorCritic,0,283,-99.0,100
QActorCritic,0,284,-99.0,100
QActorCritic,0,285,-99.0,100
QActorCritic,0,286,-99.0,100
QActorCritic,0,287,-99.0,100
QActorCritic,0,288,-82.0,84
QActorCritic,0,289,-12.000000000000002,14
QActorCritic,0,290,-11.000000000000002,13
QActorCritic,0,291,-11.000000000000002,13
QActorCritic,0,292,-11.000000000000002,13
QActorCritic,0,293,-11.000000000000002,13
QActorCritic,0,294,-13.000000000000004,15
QActorCritic,0,295,-11.000000000000002,13
QActorCritic,0,296,-11.000000000000002,13
QActorCritic,0,297,-11.000000000000002,13
QActorCritic,0,298,-11.000000000000002,13
QActorCritic,0,299,-11.000000000000002,13
QActorCritic,0,300,-11.000000000000002,13
QActorCritic,0,301,-110.1,12
QActorCritic,0,302,-11.000000000000002,13
QActorCritic,0,303,-11.000000000000002,13
QActorCritic,0,304,-11.000000000000002,13
QActorCritic,0,305,-11.000000000000002,13
QActorCritic,0,306,-11.000000000000002,13
QActorCritic,0,307,-11.000000000000002,13
QActorCritic,0,308,-11.000000000000002,13
QActorCritic,0,309,-11.000000000000002,13
QActorCritic,0,310,-11.000000000000002,13
QActorCritic,0,311,-11.000000000000002,13
QActorCritic,0,312,-11.000000000000002,13
QActorCritic,0,313,-11.000000000000002,13
QActorCritic,0,314,-11.000000000000002,13
QActorCritic,0,315,-11.000000000000002,13
QActorCritic,0,316,-11.000000000000002,13
QActorCritic,0,317,-11.000000000000002,13
QActorCritic,0,318,-11.000000000000002,13
QActorCritic,0,319,-11.000000000000002,13
QActorCritic,0,320,-11.000000000000002,13
QActorCritic,0,321,-11.000000000000002,13
QActorCritic,0,322,-11.000000000000002,13
QActorCritic,0,323,-11.000000000000002,13
QActorCritic,0,324,-11.000000000000002,13
QActorCritic,0,325,-11.000000000000002,13
QActorCritic,0,326,-11.000000000000002,13
QActorCritic,0,327,-11.000000000000002,13
QActorCritic,0,328,-13.000000000000004,15
QActorCritic,0,329,-11.000000000000002,13
QActorCritic,0,330,-11.000000000000002,13
QActorCritic,0,331,-11.000000000000002,13
QActorCritic,0,332,-11.000000000000002,13
QActorCritic,0,333,-11.000000000000002,13
QActorCritic,0,334,-11.000000000000002,13
QActorCritic,0,335,-11.000000000000002,13
QActorCritic,0,336,-11.000000000000002,13
QActorCritic,0,337,-11.000000000000002,13
QActorCritic,0,338,-11.000000000000002,13
QActorCritic,0,339,-11.000000000000002,13
QActorCritic,0,340,-12.000000000000002,14
QActorCritic,0,341,-11.000000000000002,13
QActorCritic,0,342,-11.000000000000002,13
QActorCritic,0,343,-11.000000000000002,13
QActorCritic,0,344,-11.000000000000002,13
QActorCritic,0,345,-11.000000000000002,13
QActorCritic,0,346,-11.000000000000002,13
QActorCritic,0,347,-11.000000000000002,13
QActorCritic,0,348,-11.000000000000002,13
QActorCritic,0,349,-11.000000000000002,13
QActorCritic,0,350,-11.000000000000002,13
QActorCritic,0,351,-11.000000000000002,13
QActorCritic,0,352,-11.000000000000002,13
QActorCritic,0,353,-11.000000000000002,13
QActorCritic,0,354,-11.000000000000002,13
QActorCritic,0,355,-11.000000000000002,13
QActorCritic,0,356,-11.000000000000002,13
QActorCritic,0,357,-11.000000000000002,13
QActorCritic,0,358,-11.000000000000002,13
QActorCritic,0,359,-11.000000000000002,13
QActorCritic,0,360,-11.000000000000002,13
QActorCritic,0,361,-11.000000000000002,13
QActorCritic,0,362,-11.000000000000002,13
QActorCritic,0,363,-11.000000000000002,13
QActorCritic,0,364,-11.000000000000002,13
QActorCritic,0,365,-11.000000000000002,13
QActorCritic,0,366,-11.000000000000002,13
QActorCritic,0,367,-11.000000000000002,13
QActorCritic,0,368,-11.000000000000002,13
QActorCritic,0,369,-11.000000000000002,13
QActorCritic,0,370,-11.000000000000002,13
QActorCritic,0,371,-11.000000000000002,13
QActorCritic,0,372,-11.000000000000002,13
QActorCritic,0,373,-11.000000000000002,13
QActorCritic,0,374,-11.000000000000002,13
QActorCritic,0,375,-11.000000000000002,13
QActorCritic,0,376,-11.000000000000002,13
QActorCritic,0,377,-11.000000000000002,13
QActorCritic,0,378,-11.000000000000002,13
QActorCritic,0,379,-11.000000000000002,13
QActorCritic,0,380,-11.000000000000002,13
QActorCritic,0,381,-11.000000000000002,13
QActorCritic,0,382,-11.000000000000002,13
QActorCritic,0,383,-11.000000000000002,13
QActorCritic,0,384,-11.000000000000002,13
QActorCritic,0,385,-11.000000000000002,13
QActorCritic,0,386,-11.000000000000002,13
QActorCritic,0,387,-110.1,12
QActorCritic,0,388,-11.000000000000002,13
QActorCritic,0,389,-11.000000000000002,13
QActorCritic,0,390,-11.000000000000002,13
QActorCritic,0,391,-11.000000000000002,13
QActorCritic,0,392,-11.000000000000002,13
QActorCritic,0,393,-11.000000000000002,13
QActorCritic,0,394,-11.000000000000002,13
QActorCritic,0,395,-11.000000000000002,13
QActorCritic,0,396,-11.000000000000002,13
QActorCritic,0,397,-11.000000000000002,13
QActorCritic,0,398,-11.000000000000002,13
QActorCritic,0,399,-11.000000000000002,13
QActorCritic,0,400,-11.000000000000002,13
QActorCritic,0,401,-11.000000000000002,13
QActorCritic,0,402,-11.000000000000002,13
QActorCritic,0,403,-11.000000000000002,13
QActorCritic,0,404,-11.000000000000002,13
QActorCritic,0,405,-11.000000000000002,13
QActorCritic,0,406,-11.000000000000002,13
QActorCritic,0,407,-11.000000000000002,13
QActorCritic,0,408,-11.000000000000002,13
QActorCritic,0,409,-11.000000000000002,13
QActorCritic,0,410,-11.000000000000002,13
QActorCritic,0,411,-11.000000000000002,13
QActorCritic,0,412,-11.000000000000002,13
QActorCritic,0,413,-11.000000000000002,13
QActorCritic,0,414,-11.000000000000002,13
QActorCritic,0,415,-11.000000000000002,13
QActorCritic,0,416,-11.000000000000002,13
QActorCritic,0,417,-11.000000000000002,13
QActorCritic,0,418,-11.000000000000002,13
QActorCritic,0,419,-11.000000000000002,13
QActorCritic,0,420,-11.000000000000002,13
QActorCritic,0,421,-11.000000000000002,13
QActorCritic,0,422,-11.000000000000002,13
QActorCritic,0,423,-11.000000000000002,13
QActorCritic,0,424,-11.000000000000002,13
QActorCritic,0,425,-11.000000000000002,13
QActorCritic,0,426,-11.000000000000002,13
QActorCritic,0,427,-11.000000000000002,13
QActorCritic,0,428,-11.000000000000002,13
QActorCritic,0,429,-11.000000000000002,13
QActorCritic,0,430,-11.000000000000002,13
QActorCritic,0,431,-11.000000000000002,13
QActorCritic,0,432,-11.000000000000002,13
QActorCritic,0,433,-11.000000000000002,13
QActorCritic,0,434,-11.000000000000002,13
QActorCritic,0,435,-11.000000000000002,13
QActorCritic,0,436,-11.000000000000002,13
QActorCritic,0,437,-11.000000000000002,13
QActorCritic,0,438,-11.000000000000002,13
QActorCritic,0,439,-11.000000000000002,13
QActorCritic,0,440,-11.000000000000002,13
QActorCritic,0,441,-11.000000000000002,13
QActorCritic,0,442,-11.000000000000002,13
QActorCritic,0,443,-11.000000000000002,13
QActorCritic,0,444,-11.000000000000002,13
QActorCritic,0,445,-11.000000000000002,13
QActorCritic,0,446,-11.000000000000002,13
QActorCritic,0,447,-11.000000000000002,13
QActorCritic,0,448,-11.000000000000002,13
QActorCritic,0,449,-11.000000000000002,13
QActorCritic,0,450,-11.000000000000002,13
QActorCritic,0,451,-11.000000000000002,13
QActorCritic,0,452,-11.000000000000002,13
QActorCritic,0,453,-11.000000000000002,13
QActorCritic,0,454,-11.000000000000002,13
QActorCritic,0,455,-11.000000000000002,13
QActorCritic,0,456,-11.000000000000002,13
QActorCritic,0,457,-11.000000000000002,13
QActorCritic,0,458,-11.000000000000002,13
QActorCritic,0,459,-11.000000000000002,13
QActorCritic,0,460,-11.000000000000002,13
QActorCritic,0,461,-11.000000000000002,13
QActorCritic,0,462,-11.000000000000002,13
QActorCritic,0,463,-11.000000000000002,13
QActorCritic,0,464,-11.000000000000002,13
QActorCritic,0,465,-11.000000000000002,13
QActorCritic,0,466,-11.000000000000002,13
QActorCritic,0,467,-11.000000000000002,13
QActorCritic,0,468,-11.000000000000002,13
QActorCritic,0,469,-11.000000000000002,13
QActorCritic,0,470,-11.000000000000002,13
QActorCritic,0,471,-11.000000000000002,13
QActorCritic,0,472,-11.000000000000002,13
QActorCritic,0,473,-11.000000000000002,13
QActorCritic,0,474,-11.000000000000002,13
QActorCritic,0,475,-11.000000000000002,13
QActorCritic,0,476,-11.000000000000002,13
QActorCritic,0,477,-11.000000000000002,13
QActorCritic,0,478,-11.000000000000002,13
QActorCritic,0,479,-11.000000000000002,13
QActorCritic,0,480,-11.000000000000002,13
QActorCritic,0,481,-11.000000000000002,13
QActorCritic,0,482,-11.000000000000002,13
QActorCritic,0,483,-11.000000000000002,13
QActorCritic,0,484,-11.000000000000002,13
QActorCritic,0,485,-11.000000000000002,13
QActorCritic,0,486,-11.000000000000002,13
QActorCritic,0,487,-11.000000000000002,13
QActorCritic,0,488,-11.000000000000002,13
QActorCritic,0,489,-11.000000000000002,13
QActorCritic,0,490,-11.000000000000002,13
QActorCritic,0,491,-11.000000000000002,13
QActorCritic,0,492,-11.000000000000002,13
QActorCritic,0,493,-11.000000000000002,13
QActorCritic,0,494,-11.000000000000002,13
QActorCritic,0,495,-11.000000000000002,13
QActorCritic,0,496,-11.000000000000002,13
QActorCritic,0,497,-11.000000000000002,13
QActorCritic,0,498,-11.000000000000002,13
QActorCritic,0,499,-11.000000000000002,13
QActorCritic,0,500,-11.000000000000002,13
QActorCritic,0,501,-11.000000000000002,13
QActorCritic,0,502,-11.000000000000002,13
QActorCritic,0,503,-11.000000000000002,13
QActorCritic,0,504,-11.000000000000002,13
QActorCritic,0,505,-11.000000000000002,13
QActorCritic,0,506,-11.000000000000002,13
QActorCritic,0,507,-11.000000000000002,13
QActorCritic,0,508,-11.000000000000002,13
QActorCritic,0,509,-11.000000000000002,13
QActorCritic,0,510,-11.000000000000002,13
QActorCritic,0,511,-11.000000000000002,13
QActorCritic,0,512,-11.000000000000002,13
QActorCritic,0,513,-11.000000000000002,13
QActorCritic,0,514,-11.000000000000002,13
QActorCritic,0,515,-11.000000000000002,13
QActorCritic,0,516,-11.000000000000002,13
QActorCritic,0,517,-11.000000000000002,13
QActorCritic,0,518,-11.000000000000002,13
QActorCritic,0,519,-11.000000000000002,13
QActorCritic,0,520,-11.000000000000002,13
QActorCritic,0,521,-11.000000000000002,13
QActorCritic,0,522,-11.000000000000002,13
QActorCritic,0,523,-11.000000000000002,13
QActorCritic,0,524,-11.000000000000002,13
QActorCritic,0,525,-11.000000000000002,13
QActorCritic,0,526,-11.000000000000002,13
QActorCritic,0,527,-11.000000000000002,13
QActorCritic,0,528,-11.000000000000002,13
QActorCritic,0,529,-11.000000000000002,13
QActorCritic,0,530,-11.000000000000002,13
QActorCritic,0,531,-11.000000000000002,13
QActorCritic,0,532,-11.000000000000002,13
QActorCritic,0,533,-11.000000000000002,13
QActorCritic,0,534,-11.000000000000002,13
QActorCritic,0,535,-11.000000000000002,13
QActorCritic,0,536,-11.000000000000002,13
QActorCritic,0,537,-11.000000000000002,13
QActorCritic,0,538,-11.000000000000002,13
QActorCritic,0,539,-11.000000000000002,13
QActorCritic,0,540,-11.000000000000002,13
QActorCritic,0,541,-11.000000000000002,13
QActorCritic,0,542,-11.000000000000002,13
QActorCritic,0,543,-11.000000000000002,13
QActorCritic,0,544,-11.000000000000002,13
QActorCritic,0,545,-11.000000000000002,13
QActorCritic,0,546,-11.000000000000002,13
QActorCritic,0,547,-11.000000000000002,13
QActorCritic,0,548,-11.000000000000002,13
QActorCritic,0,549,-11.000000000000002,13
QActorCritic,0,550,-11.000000000000002,13
QActorCritic,0,551,-11.000000000000002,13
QActorCritic,0,552,-11.000000000000002,13
QActorCritic,0,553,-11.000000000000002,13
QActorCritic,0,554,-11.000000000000002,13
QActorCritic,0,555,-11.000000000000002,13
QActorCritic,0,556,-11.000000000000002,13
QActorCritic,0,557,-11.000000000000002,13
QActorCritic,0,558,-11.000000000000002,13
QActorCritic,0,559,-11.000000000000002,13
QActorCritic,0,560,-11.000000000000002,13
QActorCritic,0,561,-11.000000000000002,13
QActorCritic,0,562,-11.000000000000002,13
QActorCritic,0,563,-11.000000000000002,13
QActorCritic,0,564,-11.000000000000002,13
QActorCritic,0,565,-11.000000000000002,13
QActorCritic,0,566,-11.000000000000002,13
QActorCritic,0,567,-11.000000000000002,13
QActorCritic,0,568,-11.000000000000002,13
QActorCritic,0,569,-11.000000000000002,13
QActorCritic,0,570,-11.000000000000002,13
QActorCritic,0,571,-11.000000000000002,13
QActorCritic,0,572,-11.000000000000002,13
QActorCritic,0,573,-11.000000000000002,13
QActorCritic,0,574,-11.000000000000002,13
QActorCritic,0,575,-11.000000000000002,13
QActorCritic,0,576,-11.000000000000002,13
QActorCritic,0,577,-11.000000000000002,13
QActorCritic,0,578,-11.000000000000002,13
QActorCritic,0,579,-11.000000000000002,13
QActorCritic,0,580,-11.000000000000002,13
QActorCritic,0,581,-11.000000000000002,13
QActorCritic,0,582,-11.000000000000002,13
QActorCritic,0,583,-11.000000000000002,13
QActorCritic,0,584,-11.000000000000002,13
QActorCritic,0,585,-11.000000000000002,13
QActorCritic,0,586,-11.000000000000002,13
QActorCritic,0,587,-11.000000000000002,13
QActorCritic,0,588,-11.000000000000002,13
QActorCritic,0,589,-11.000000000000002,13
QActorCritic,0,590,-11.000000000000002,13
QActorCritic,0,591,-11.000000000000002,13
QActorCritic,0,592,-11.000000000000002,13
QActorCritic,0,593,-11.000000000000002,13
QActorCritic,0,594,-11.000000000000002,13
QActorCritic,0,595,-11.000000000000002,13
QActorCritic,0,596,-11.000000000000002,13
QActorCritic,0,597,-11.000000000000002,13
QActorCritic,0,598,-11.000000000000002,13
QActorCritic,0,599,-11.000000000000002,13
QActorCritic,0,600,-11.000000000000002,13
QActorCritic,0,601,-11.000000000000002,13
QActorCritic,0,602,-11.000000000000002,13
QActorCritic,0,603,-11.000000000000002,13
QActorCritic,0,604,-11.000000000000002,13
QActorCritic,0,605,-11.000000000000002,13
QActorCritic,0,606,-11.000000000000002,13
QActorCritic,0,607,-11.000000000000002,13
QActorCritic,0,608,-11.000000000000002,13
QActorCritic,0,609,-11.000000000000002,13
QActorCritic,0,610,-11.000000000000002,13
QActorCritic,0,611,-11.000000000000002,13
QActorCritic,0,612,-11.000000000000002,13
QActorCritic,0,613,-11.000000000000002,13
QActorCritic,0,614,-11.000000000000002,13
QActorCritic,0,615,-11.000000000000002,13
QActorCritic,0,616,-11.000000000000002,13
QActorCritic,0,617,-11.000000000000002,13
QActorCritic,0,618,-11.000000000000002,13
QActorCritic,0,619,-11.000000000000002,13
QActorCritic,0,620,-11.000000000000002,13
QActorCritic,0,621,-11.000000000000002,13
QActorCritic,0,622,-11.000000000000002,13
QActorCritic,0,623,-11.000000000000002,13
QActorCritic,0,624,-11.000000000000002,13
QActorCritic,0,625,-11.000000000000002,13
QActorCritic,0,626,-11.000000000000002,13
QActorCritic,0,627,-11.000000000000002,13
QActorCritic,0,628,-11.000000000000002,13
QActorCritic,0,629,-11.000000000000002,13
QActorCritic,0,630,-11.000000000000002,13
QActorCritic,0,631,-11.000000000000002,13
QActorCritic,0,632,-11.000000000000002,13
QActorCritic,0,633,-11.000000000000002,13
QActorCritic,0,634,-11.000000000000002,13
QActorCritic,0,635,-11.000000000000002,13
QActorCritic,0,636,-11.000000000000002,13
QActorCritic,0,637,-11.000000000000002,13
QActorCritic,0,638,-11.000000000000002,13
QActorCritic,0,639,-11.000000000000002,13
QActorCritic,0,640,-11.000000000000002,13
QActorCritic,0,641,-11.000000000000002,13
QActorCritic,0,642,-11.000000000000002,13
QActorCritic,0,643,-11.000000000000002,13
QActorCritic,0,644,-11.000000000000002,13
QActorCritic,0,645,-11.000000000000002,13
QActorCritic,0,646,-11.000000000000002,13
QActorCritic,0,647,-11.000000000000002,13
QActorCritic,0,648,-11.000000000000002,13
QActorCritic,0,649,-11.000000000000002,13
QActorCritic,0,650,-11.000000000000002,13
QActorCritic,0,651,-11.000000000000002,13
QActorCritic,0,652,-11.000000000000002,13
QActorCritic,0,653,-11.000000000000002,13
QActorCritic,0,654,-11.000000000000002,13
QActorCritic,0,655,-11.000000000000002,13
QActorCritic,0,656,-11.000000000000002,13
QActorCritic,0,657,-11.000000000000002,13
QActorCritic,0,658,-11.000000000000002,13
QActorCritic,0,659,-11.000000000000002,13
QActorCritic,0,660,-11.000000000000002,13
QActorCritic,0,661,-11.000000000000002,13
QActorCritic,0,662,-11.000000000000002,13
QActorCritic,0,663,-11.000000000000002,13
QActorCritic,0,664,-11.000000000000002,13
QActorCritic,0,665,-11.000000000000002,13
QActorCritic,0,666,-11.000000000000002,13
QActorCritic,0,667,-11.000000000000002,13
QActorCritic,0,668,-11.000000000000002,13
QActorCritic,0,669,-11.000000000000002,13
QActorCritic,0,670,-11.000000000000002,13
QActorCritic,0,671,-11.000000000000002,13
QActorCritic,0,672,-11.000000000000002,13
QActorCritic,0,673,-11.000000000000002,13
QActorCritic,0,674,-11.000000000000002,13
QActorCritic,0,675,-11.000000000000002,13
QActorCritic,0,676,-11.000000000000002,13
QActorCritic,0,677,-11.000000000000002,13
QActorCritic,0,678,-11.000000000000002,13
QActorCritic,0,679,-11.000000000000002,13
QActorCritic,0,680,-11.000000000000002,13
QActorCritic,0,681,-11.000000000000002,13
QActorCritic,0,682,-11.000000000000002,13
QActorCritic,0,683,-11.000000000000002,13
QActorCritic,0,684,-11.000000000000002,13
QActorCritic,0,685,-11.000000000000002,13
QActorCritic,0,686,-11.000000000000002,13
QActorCritic,0,687,-11.000000000000002,13
QActorCritic,0,688,-11.000000000000002,13
QActorCritic,0,689,-11.000000000000002,13
QActorCritic,0,690,-11.000000000000002,13
QActorCritic,0,691,-11.000000000000002,13
QActorCritic,0,692,-11.000000000000002,13
QActorCritic,0,693,-11.000000000000002,13
QActorCritic,0,694,-11.000000000000002,13
QActorCritic,0,695,-11.000000000000002,13
QActorCritic,0,696,-11.000000000000002,13
QActorCritic,0,697,-11.000000000000002,13
QActorCritic,0,698,-11.000000000000002,13
QActorCritic,0,699,-11.000000000000002,13
QActorCritic,0,700,-11.000000000000002,13
QActorCritic,0,701,-11.000000000000002,13
QActorCritic,0,702,-11.000000000000002,13
QActorCritic,0,703,-11.000000000000002,13
QActorCritic,0,704,-11.000000000000002,13
QActorCritic,0,705,-11.000000000000002,13
QActorCritic,0,706,-11.000000000000002,13
QActorCritic,0,707,-11.000000000000002,13
QActorCritic,0,708,-11.000000000000002,13
QActorCritic,0,709,-11.000000000000002,13
QActorCritic,0,710,-11.000000000000002,13
QActorCritic,0,711,-11.000000000000002,13
QActorCritic,0,712,-11.000000000000002,13
QActorCritic,0,713,-11.000000000000002,13
QActorCritic,0,714,-11.000000000000002,13
QActorCritic,0,715,-11.000000000000002,13
QActorCritic,0,716,-11.000000000000002,13
QActorCritic,0,717,-11.000000000000002,13
QActorCritic,0,718,-11.000000000000002,13
QActorCritic,0,719,-11.000000000000002,13
QActorCritic,0,720,-11.000000000000002,13
QActorCritic,0,721,-11.000000000000002,13
QActorCritic,0,722,-11.000000000000002,13
QActorCritic,0,723,-11.000000000000002,13
QActorCritic,0,724,-11.000000000000002,13
QActorCritic,0,725,-11.000000000000002,13
QActorCritic,0,726,-11.000000000000002,13
QActorCritic,0,727,-11.000000000000002,13
QActorCritic,0,728,-11.000000000000002,13
QActorCritic,0,729,-11.000000000000002,13
QActorCritic,0,730,-11.000000000000002,13
QActorCritic,0,731,-11.000000000000002,13
QActorCritic,0,732,-11.000000000000002,13
QActorCritic,0,733,-11.000000000000002,13
QActorCritic,0,734,-11.000000000000002,13
QActorCritic,0,735,-11.000000000000002,13
QActorCritic,0,736,-11.000000000000002,13
QActorCritic,0,737,-11.000000000000002,13
QActorCritic,0,738,-11.000000000000002,13
QActorCritic,0,739,-11.000000000000002,13
QActorCritic,0,740,-11.000000000000002,13
QActorCritic,0,741,-11.000000000000002,13
QActorCritic,0,742,-11.000000000000002,13
QActorCritic,0,743,-11.000000000000002,13
QActorCritic,0,744,-11.000000000000002,13
QActorCritic,0,745,-11.000000000000002,13
QActorCritic,0,746,-11.000000000000002,13
QActorCritic,0,747,-11.000000000000002,13
QActorCritic,0,748,-11.000000000000002,13
QActorCritic,0,749,-11.000000000000002,13
QActorCritic,0,750,-11.000000000000002,13
QActorCritic,0,751,-11.000000000000002,13
QActorCritic,0,752,-11.000000000000002,13
QActorCritic,0,753,-11.000000000000002,13
QActorCritic,0,754,-11.000000000000002,13
QActorCritic,0,755,-11.000000000000002,13
QActorCritic,0,756,-11.000000000000002,13
QActorCritic,0,757,-11.000000000000002,13
QActorCritic,0,758,-11.000000000000002,13
QActorCritic,0,759,-11.000000000000002,13
QActorCritic,0,760,-11.000000000000002,13
QActorCritic,0,761,-11.000000000000002,13
QActorCritic,0,762,-11.000000000000002,13
QActorCritic,0,763,-11.000000000000002,13
QActorCritic,0,764,-11.000000000000002,13
QActorCritic,0,765,-11.000000000000002,13
QActorCritic,0,766,-11.000000000000002,13
QActorCritic,0,767,-11.000000000000002,13
QActorCritic,0,768,-11.000000000000002,13
QActorCritic,0,769,-11.000000000000002,13
QActorCritic,0,770,-11.000000000000002,13
QActorCritic,0,771,-11.000000000000002,13
QActorCritic,0,772,-11.000000000000002,13
QActorCritic,0,773,-11.000000000000002,13
QActorCritic,0,774,-11.000000000000002,13
QActorCritic,0,775,-11.000000000000002,13
QActorCritic,0,776,-11.000000000000002,13
QActorCritic,0,777,-11.000000000000002,13
QActorCritic,0,778,-11.000000000000002,13
QActorCritic,0,779,-11.000000000000002,13
QActorCritic,0,780,-11.000000000000002,13
QActorCritic,0,781,-11.000000000000002,13
QActorCritic,0,782,-11.000000000000002,13
QActorCritic,0,783,-11.000000000000002,13
QActorCritic,0,784,-11.000000000000002,13
QActorCritic,0,785,-11.000000000000002,13
QActorCritic,0,786,-11.000000000000002,13
QActorCritic,0,787,-11.000000000000002,13
QActorCritic,0,788,-11.000000000000002,13
QActorCritic,0,789,-11.000000000000002,13
QActorCritic,0,790,-11.000000000000002,13
QActorCritic,0,791,-11.000000000000002,13
QActorCritic,0,792,-11.000000000000002,13
QActorCritic,0,793,-11.000000000000002,13
QActorCritic,0,794,-11.000000000000002,13
QActorCritic,0,795,-11.000000000000002,13
QActorCritic,0,796,-11.000000000000002,13
QActorCritic,0,797,-11.000000000000002,13
QActorCritic,0,798,-11.000000000000002,13
QActorCritic,0,799,-11.000000000000002,13
QActorCritic,0,800,-11.000000000000002,13
QActorCritic,0,801,-11.000000000000002,13
QActorCritic,0,802,-11.000000000000002,13
QActorCritic,0,803,-11.000000000000002,13
QActorCritic,0,804,-11.000000000000002,13
QActorCritic,0,805,-11.000000000000002,13
QActorCritic,0,806,-11.000000000000002,13
QActorCritic,0,807,-11.000000000000002,13
QActorCritic,0,808,-11.000000000000002,13
QActorCritic,0,809,-11.000000000000002,13
QActorCritic,0,810,-11.000000000000002,13
QActorCritic,0,811,-11.000000000000002,13
QActorCritic,0,812,-11.000000000000002,13
QActorCritic,0,813,-11.000000000000002,13
QActorCritic,0,814,-11.000000000000002,13
QActorCritic,0,815,-11.000000000000002,13
QActorCritic,0,816,-11.000000000000002,13
QActorCritic,0,817,-11.000000000000002,13
QActorCritic,0,818,-11.000000000000002,13
QActorCritic,0,819,-11.000000000000002,13
QActorCritic,0,820,-11.000000000000002,13
QActorCritic,0,821,-11.000000000000002,13
QActorCritic,0,822,-11.000000000000002,13
QActorCritic,0,823,-11.000000000000002,13
QActorCritic,0,824,-11.000000000000002,13
QActorCritic,0,825,-11.000000000000002,13
QActorCritic,0,826,-11.000000000000002,13
QActorCritic,0,827,-11.000000000000002,13
QActorCritic,0,828,-11.000000000000002,13
QActorCritic,0,829,-11.000000000000002,13
QActorCritic,0,830,-11.000000000000002,13
QActorCritic,0,831,-11.000000000000002,13
QActorCritic,0,832,-11.000000000000002,13
QActorCritic,0,833,-11.000000000000002,13
QActorCritic,0,834,-11.000000000000002,13
QActorCritic,0,835,-11.000000000000002,13
QActorCritic,0,836,-11.000000000000002,13
QActorCritic,0,837,-11.000000000000002,13
QActorCritic,0,838,-11.000000000000002,13
QActorCritic,0,839,-11.000000000000002,13
QActorCritic,0,840,-11.000000000000002,13
QActorCritic,0,841,-11.000000000000002,13
QActorCritic,0,842,-11.000000000000002,13
QActorCritic,0,843,-11.000000000000002,13
QActorCritic,0,844,-11.000000000000002,13
QActorCritic,0,845,-11.000000000000002,13
QActorCritic,0,846,-11.000000000000002,13
QActorCritic,0,847,-11.000000000000002,13
QActorCritic,0,848,-11.000000000000002,13
QActorCritic,0,849,-11.000000000000002,13
QActorCritic,0,850,-11.000000000000002,13
QActorCritic,0,851,-11.000000000000002,13
QActorCritic,0,852,-11.000000000000002,13
QActorCritic,0,853,-11.000000000000002,13
QActorCritic,0,854,-11.000000000000002,13
QActorCritic,0,855,-11.000000000000002,13
QActorCritic,0,856,-11.000000000000002,13
QActorCritic,0,857,-11.000000000000002,13
QActorCritic,0,858,-11.000000000000002,13
QActorCritic,0,859,-11.000000000000002,13
QActorCritic,0,860,-11.000000000000002,13
QActorCritic,0,861,-11.000000000000002,13
QActorCritic,0,862,-11.000000000000002,13
QActorCritic,0,863,-11.000000000000002,13
QActorCritic,0,864,-11.000000000000002,13
QActorCritic,0,865,-11.000000000000002,13
QActorCritic,0,866,-11.000000000000002,13
QActorCritic,0,867,-11.000000000000002,13
QActorCritic,0,868,-11.000000000000002,13
QActorCritic,0,869,-11.000000000000002,13
QActorCritic,0,870,-11.000000000000002,13
QActorCritic,0,871,-11.000000000000002,13
QActorCritic,0,872,-11.000000000000002,13
QActorCritic,0,873,-11.000000000000002,13
QActorCritic,0,874,-11.000000000000002,13
QActorCritic,0,875,-11.000000000000002,13
QActorCritic,0,876,-11.000000000000002,13
QActorCritic,0,877,-11.000000000000002,13
QActorCritic,0,878,-11.000000000000002,13
QActorCritic,0,879,-11.000000000000002,13
QActorCritic,0,880,-11.000000000000002,13
QActorCritic,0,881,-11.000000000000002,13
QActorCritic,0,882,-11.000000000000002,13
QActorCritic,0,883,-11.000000000000002,13
QActorCritic,0,884,-11.000000000000002,13
QActorCritic,0,885,-11.000000000000002,13
QActorCritic,0,886,-11.000000000000002,13
QActorCritic,0,887,-11.000000000000002,13
QActorCritic,0,888,-11.000000000000002,13
QActorCritic,0,889,-11.000000000000002,13
QActorCritic,0,890,-11.000000000000002,13
QActorCritic,0,891,-11.000000000000002,13
QActorCritic,0,892,-11.000000000000002,13
QActorCritic,0,893,-11.000000000000002,13
QActorCritic,0,894,-11.000000000000002,13
QActorCritic,0,895,-11.000000000000002,13
QActorCritic,0,896,-11.000000000000002,13
QActorCritic,0,897,-11.000000000000002,13
QActorCritic,0,898,-11.000000000000002,13
QActorCritic,0,899,-11.000000000000002,13
QActorCritic,0,900,-11.000000000000002,13
QActorCritic,0,901,-11.000000000000002,13
QActorCritic,0,902,-11.000000000000002,13
QActorCritic,0,903,-11.000000000000002,13
QActorCritic,0,904,-11.000000000000002,13
QActorCritic,0,905,-11.000000000000002,13
QActorCritic,0,906,-11.000000000000002,13
QActorCritic,0,907,-11.000000000000002,13
QActorCritic,0,908,-11.000000000000002,13
QActorCritic,0,909,-11.000000000000002,13
QActorCritic,0,910,-11.000000000000002,13
QActorCritic,0,911,-11.000000000000002,13
QActorCritic,0,912,-11.000000000000002,13
QActorCritic,0,913,-11.000000000000002,13
QActorCritic,0,914,-11.000000000000002,13
QActorCritic,0,915,-11.000000000000002,13
QActorCritic,0,916,-11.000000000000002,13
QActorCritic,0,917,-11.000000000000002,13
QActorCritic,0,918,-11.000000000000002,13
QActorCritic,0,919,-11.000000000000002,13
QActorCritic,0,920,-11.000000000000002,13
QActorCritic,0,921,-11.000000000000002,13
QActorCritic,0,922,-11.000000000000002,13
QActorCritic,0,923,-11.000000000000002,13
QActorCritic,0,924,-11.000000000000002,13
QActorCritic,0,925,-11.000000000000002,13
QActorCritic,0,926,-11.000000000000002,13
QActorCritic,0,927,-11.000000000000002,13
QActorCritic,0,928,-11.000000000000002,13
QActorCritic,0,929,-11.000000000000002,13
QActorCritic,0,930,-11.000000000000002,13
QActorCritic,0,931,-11.000000000000002,13
QActorCritic,0,932,-11.000000000000002,13
QActorCritic,0,933,-11.000000000000002,13
QActorCritic,0,934,-11.000000000000002,13
QActorCritic,0,935,-11.000000000000002,13
QActorCritic,0,936,-11.000000000000002,13
QActorCritic,0,937,-11.000000000000002,13
QActorCritic,0,938,-11.000000000000002,13
QActorCritic,0,939,-11.000000000000002,13
QActorCritic,0,940,-11.000000000000002,13
QActorCritic,0,941,-11.000000000000002,13
QActorCritic,0,942,-11.000000000000002,13
QActorCritic,0,943,-11.000000000000002,13
QActorCritic,0,944,-11.000000000000002,13
QActorCritic,0,945,-11.000000000000002,13
QActorCritic,0,946,-11.000000000000002,13
QActorCritic,0,947,-11.000000000000002,13
QActorCritic,0,948,-11.000000000000002,13
QActorCritic,0,949,-11.000000000000002,13
QActorCritic,0,950,-11.000000000000002,13
QActorCritic,0,951,-11.000000000000002,13
QActorCritic,0,952,-11.000000000000002,13
QActorCritic,0,953,-11.000000000000002,13
QActorCritic,0,954,-11.000000000000002,13
QActorCritic,0,955,-11.000000000000002,13
QActorCritic,0,956,-11.000000000000002,13
QActorCritic,0,957,-11.000000000000002,13
QActorCritic,0,958,-11.000000000000002,13
QActorCritic,0,959,-11.000000000000002,13
QActorCritic,0,960,-11.000000000000002,13
QActorCritic,0,961,-11.000000000000002,13
QActorCritic,0,962,-11.000000000000002,13
QActorCritic,0,963,-11.000000000000002,13
QActorCritic,0,964,-11.000000000000002,13
QActorCritic,0,965,-11.000000000000002,13
QActorCritic,0,966,-11.000000000000002,13
QActorCritic,0,967,-11.000000000000002,13
QActorCritic,0,968,-11.000000000000002,13
QActorCritic,0,969,-11.000000000000002,13
QActorCritic,0,970,-11.000000000000002,13
QActorCritic,0,971,-11.000000000000002,13
QActorCritic,0,972,-11.000000000000002,13
QActorCritic,0,973,-11.000000000000002,13
QActorCritic,0,974,-11.000000000000002,13
QActorCritic,0,975,-11.000000000000002,13
QActorCritic,0,976,-11.000000000000002,13
QActorCritic,0,977,-11.000000000000002,13
QActorCritic,0,978,-11.000000000000002,13
QActorCritic,0,979,-11.000000000000002,13
QActorCritic,0,980,-11.000000000000002,13
QActorCritic,0,981,-11.000000000000002,13
QActorCritic,0,982,-11.000000000000002,13
QActorCritic,0,983,-11.000000000000002,13
QActorCritic,0,984,-11.000000000000002,13
QActorCritic,0,985,-11.000000000000002,13
QActorCritic,0,986,-11.000000000000002,13
QActorCritic,0,987,-11.000000000000002,13
QActorCritic,0,988,-11.000000000000002,13
QActorCritic,0,989,-11.000000000000002,13
QActorCritic,0,990,-11.000000000000002,13
QActorCritic,0,991,-11.000000000000002,13
QActorCritic,0,992,-11.000000000000002,13
QActorCritic,0,993,-11.000000000000002,13
QActorCritic,0,994,-11.000000000000002,13
QActorCritic,0,995,-11.000000000000002,13
QActorCritic,0,996,-11.000000000000002,13
QActorCritic,0,997,-11.000000000000002,13
QActorCritic,0,998,-11.000000000000002,13
QActorCritic,0,999,-11.000000000000002,13
QActorCritic,0,1000,-11.000000000000002,13
QActorCritic,0,1001,-11.000000000000002,13
QActorCritic,0,1002,-11.000000000000002,13
QActorCritic,0,1003,-11.000000000000002,13
QActorCritic,0,1004,-11.000000000000002,13
QActorCritic,0,1005,-11.000000000000002,13
QActorCritic,0,1006,-11.000000000000002,13
QActorCritic,0,1007,-11.000000000000002,13
QActorCritic,0,1008,-11.000000000000002,13
QActorCritic,0,1009,-11.000000000000002,13
QActorCritic,0,1010,-11.000000000000002,13
QActorCritic,0,1011,-11.000000000000002,13
QActorCritic,0,1012,-11.000000000000002,13
QActorCritic,0,1013,-11.000000000000002,13
QActorCritic,0,1014,-11.000000000000002,13
QActorCritic,0,1015,-11.000000000000002,13
QActorCritic,0,1016,-11.000000000000002,13
QActorCritic,0,1017,-11.000000000000002,13
QActorCritic,0,1018,-11.000000000000002,13
QActorCritic,0,1019,-11.000000000000002,13
QActorCritic,0,1020,-11.000000000000002,13
QActorCritic,0,1021,-11.000000000000002,13
QActorCritic,0,1022,-11.000000000000002,13
QActorCritic,0,1023,-11.000000000000002,13
QActorCritic,0,1024,-11.000000000000002,13
QActorCritic,0,1025,-11.000000000000002,13
QActorCritic,0,1026,-11.000000000000002,13
QActorCritic,0,1027,-11.000000000000002,13
QActorCritic,0,1028,-11.000000000000002,13
QActorCritic,0,1029,-11.000000000000002,13
QActorCritic,0,1030,-11.000000000000002,13
QActorCritic,0,1031,-11.000000000000002,13
QActorCritic,0,1032,-11.000000000000002,13
QActorCritic,0,1033,-11.000000000000002,13
QActorCritic,0,1034,-11.000000000000002,13
QActorCritic,0,1035,-11.000000000000002,13
QActorCritic,0,1036,-11.000000000000002,13
QActorCritic,0,1037,-11.000000000000002,13
QActorCritic,0,1038,-11.000000000000002,13
QActorCritic,0,1039,-11.000000000000002,13
QActorCritic,0,1040,-11.000000000000002,13
QActorCritic,0,1041,-11.000000000000002,13
QActorCritic,0,1042,-11.000000000000002,13
QActorCritic,0,1043,-11.000000000000002,13
QActorCritic,0,1044,-11.000000000000002,13
QActorCritic,0,1045,-11.000000000000002,13
QActorCritic,0,1046,-11.000000000000002,13
QActorCritic,0,1047,-11.000000000000002,13
QActorCritic,0,1048,-11.000000000000002,13
QActorCritic,0,1049,-11.000000000000002,13
QActorCritic,0,1050,-11.000000000000002,13
QActorCritic,0,1051,-11.000000000000002,13
QActorCritic,0,1052,-11.000000000000002,13
QActorCritic,0,1053,-11.000000000000002,13
QActorCritic,0,1054,-11.000000000000002,13
QActorCritic,0,1055,-11.000000000000002,13
QActorCritic,0,1056,-11.000000000000002,13
QActorCritic,0,1057,-11.000000000000002,13
QActorCritic,0,1058,-11.000000000000002,13
QActorCritic,0,1059,-11.000000000000002,13
QActorCritic,0,1060,-11.000000000000002,13
QActorCritic,0,1061,-11.000000000000002,13
QActorCritic,0,1062,-11.000000000000002,13
QActorCritic,0,1063,-11.000000000000002,13
QActorCritic,0,1064,-11.000000000000002,13
QActorCritic,0,1065,-11.000000000000002,13
QActorCritic,0,1066,-11.000000000000002,13
QActorCritic,0,1067,-11.000000000000002,13
QActorCritic,0,1068,-11.000000000000002,13
QActorCritic,0,1069,-11.000000000000002,13
QActorCritic,0,1070,-11.000000000000002,13
QActorCritic,0,1071,-11.000000000000002,13
QActorCritic,0,1072,-11.000000000000002,13
QActorCritic,0,1073,-11.000000000000002,13
QActorCritic,0,1074,-11.000000000000002,13
QActorCritic,0,1075,-11.000000000000002,13
QActorCritic,0,1076,-11.000000000000002,13
QActorCritic,0,1077,-11.000000000000002,13
QActorCritic,0,1078,-11.000000000000002,13
QActorCritic,0,1079,-11.000000000000002,13
QActorCritic,0,1080,-11.000000000000002,13
QActorCritic,0,1081,-11.000000000000002,13
QActorCritic,0,1082,-11.000000000000002,13
QActorCritic,0,1083,-11.000000000000002,13
QActorCritic,0,1084,-11.000000000000002,13
QActorCritic,0,1085,-11.000000000000002,13
QActorCritic,0,1086,-11.000000000000002,13
QActorCritic,0,1087,-11.000000000000002,13
QActorCritic,0,1088,-11.000000000000002,13
QActorCritic,0,1089,-11.000000000000002,13
QActorCritic,0,1090,-11.000000000000002,13
QActorCritic,0,1091,-11.000000000000002,13
QActorCritic,0,1092,-11.000000000000002,13
QActorCritic,0,1093,-11.000000000000002,13
QActorCritic,0,1094,-11.000000000000002,13
QActorCritic,0,1095,-11.000000000000002,13
QActorCritic,0,1096,-11.000000000000002,13
QActorCritic,0,1097,-11.000000000000002,13
QActorCritic,0,1098,-11.000000000000002,13
QActorCritic,0,1099,-11.000000000000002,13
QActorCritic,0,1100,-11.000000000000002,13
QActorCritic,0,1101,-11.000000000000002,13
QActorCritic,0,1102,-11.000000000000002,13
QActorCritic,0,1103,-11.000000000000002,13
QActorCritic,0,1104,-11.000000000000002,13
QActorCritic,0,1105,-11.000000000000002,13
QActorCritic,0,1106,-11.000000000000002,13
QActorCritic,0,1107,-11.000000000000002,13
QActorCritic,0,1108,-11.000000000000002,13
QActorCritic,0,1109,-11.000000000000002,13
QActorCritic,0,1110,-11.000000000000002,13
QActorCritic,0,1111,-11.000000000000002,13
QActorCritic,0,1112,-11.000000000000002,13
QActorCritic,0,1113,-11.000000000000002,13
QActorCritic,0,1114,-11.000000000000002,13
QActorCritic,0,1115,-11.000000000000002,13
QActorCritic,0,1116,-11.000000000000002,13
QActorCritic,0,1117,-11.000000000000002,13
QActorCritic,0,1118,-11.000000000000002,13
QActorCritic,0,1119,-11.000000000000002,13
QActorCritic,0,1120,-11.000000000000002,13
QActorCritic,0,1121,-11.000000000000002,13
QActorCritic,0,1122,-11.000000000000002,13
QActorCritic,0,1123,-11.000000000000002,13
QActorCritic,0,1124,-11.000000000000002,13
QActorCritic,0,1125,-11.000000000000002,13
QActorCritic,0,1126,-11.000000000000002,13
QActorCritic,0,1127,-11.000000000000002,13
QActorCritic,0,1128,-11.000000000000002,13
QActorCritic,0,1129,-11.000000000000002,13
QActorCritic,0,1130,-11.000000000000002,13
QActorCritic,0,1131,-11.000000000000002,13
QActorCritic,0,1132,-11.000000000000002,13
QActorCritic,0,1133,-11.000000000000002,13
QActorCritic,0,1134,-11.000000000000002,13
QActorCritic,0,1135,-11.000000000000002,13
QActorCritic,0,1136,-11.000000000000002,13
QActorCritic,0,1137,-11.000000000000002,13
QActorCritic,0,1138,-11.000000000000002,13
QActorCritic,0,1139,-11.000000000000002,13
QActorCritic,0,1140,-11.000000000000002,13
QActorCritic,0,1141,-11.000000000000002,13
QActorCritic,0,1142,-11.000000000000002,13
QActorCritic,0,1143,-11.000000000000002,13
QActorCritic,0,1144,-11.000000000000002,13
QActorCritic,0,1145,-11.000000000000002,13
QActorCritic,0,1146,-11.000000000000002,13
QActorCritic,0,1147,-11.000000000000002,13
QActorCritic,0,1148,-11.000000000000002,13
QActorCritic,0,1149,-11.000000000000002,13
QActorCritic,0,1150,-11.000000000000002,13
QActorCritic,0,1151,-11.000000000000002,13
QActorCritic,0,1152,-11.000000000000002,13
QActorCritic,0,1153,-11.000000000000002,13
QActorCritic,0,1154,-11.000000000000002,13
QActorCritic,0,1155,-11.000000000000002,13
QActorCritic,0,1156,-11.000000000000002,13
QActorCritic,0,1157,-11.000000000000002,13
QActorCritic,0,1158,-11.000000000000002,13
QActorCritic,0,1159,-11.000000000000002,13
QActorCritic,0,1160,-11.000000000000002,13
QActorCritic,0,1161,-11.000000000000002,13
QActorCritic,0,1162,-11.000000000000002,13
QActorCritic,0,1163,-11.000000000000002,13
QActorCritic,0,1164,-11.000000000000002,13
QActorCritic,0,1165,-11.000000000000002,13
QActorCritic,0,1166,-11.000000000000002,13
QActorCritic,0,1167,-11.000000000000002,13
QActorCritic,0,1168,-11.000000000000002,13
QActorCritic,0,1169,-11.000000000000002,13
QActorCritic,0,1170,-11.000000000000002,13
QActorCritic,0,1171,-11.000000000000002,13
QActorCritic,0,1172,-11.000000000000002,13
QActorCritic,0,1173,-11.000000000000002,13
QActorCritic,0,1174,-11.000000000000002,13
QActorCritic,0,1175,-11.000000000000002,13
QActorCritic,0,1176,-11.000000000000002,13
QActorCritic,0,1177,-11.000000000000002,13
QActorCritic,0,1178,-11.000000000000002,13
QActorCritic,0,1179,-11.000000000000002,13
QActorCritic,0,1180,-11.000000000000002,13
QActorCritic,0,1181,-11.000000000000002,13
QActorCritic,0,1182,-11.000000000000002,13
QActorCritic,0,1183,-11.000000000000002,13
QActorCritic,0,1184,-11.000000000000002,13
QActorCritic,0,1185,-11.000000000000002,13
QActorCritic,0,1186,-11.000000000000002,13
QActorCritic,0,1187,-11.000000000000002,13
QActorCritic,0,1188,-11.000000000000002,13
QActorCritic,0,1189,-11.000000000000002,13
QActorCritic,0,1190,-11.000000000000002,13
QActorCritic,0,1191,-11.000000000000002,13
QActorCritic,0,1192,-11.000000000000002,13
QActorCritic,0,1193,-11.000000000000002,13
QActorCritic,0,1194,-11.000000000000002,13
QActorCritic,0,1195,-11.000000000000002,13
QActorCritic,0,1196,-11.000000000000002,13
QActorCritic,0,1197,-11.000000000000002,13
QActorCritic,0,1198,-11.000000000000002,13
QActorCritic,0,1199,-11.000000000000002,13
QActorCritic,0,1200,-11.000000000000002,13
QActorCritic,0,1201,-11.000000000000002,13
QActorCritic,0,1202,-11.000000000000002,13
QActorCritic,0,1203,-11.000000000000002,13
QActorCritic,0,1204,-11.000000000000002,13
QActorCritic,0,1205,-11.000000000000002,13
QActorCritic,0,1206,-11.000000000000002,13
QActorCritic,0,1207,-11.000000000000002,13
QActorCritic,0,1208,-11.000000000000002,13
QActorCritic,0,1209,-11.000000000000002,13
QActorCritic,0,1210,-11.000000000000002,13
QActorCritic,0,1211,-11.000000000000002,13
QActorCritic,0,1212,-11.000000000000002,13
QActorCritic,0,1213,-11.000000000000002,13
QActorCritic,0,1214,-11.000000000000002,13
QActorCritic,0,1215,-11.000000000000002,13
QActorCritic,0,1216,-11.000000000000002,13
QActorCritic,0,1217,-11.000000000000002,13
QActorCritic,0,1218,-11.000000000000002,13
QActorCritic,0,1219,-11.000000000000002,13
QActorCritic,0,1220,-11.000000000000002,13
QActorCritic,0,1221,-11.000000000000002,13
QActorCritic,0,1222,-11.000000000000002,13
QActorCritic,0,1223,-11.000000000000002,13
QActorCritic,0,1224,-11.000000000000002,13
QActorCritic,0,1225,-11.000000000000002,13
QActorCritic,0,1226,-11.000000000000002,13
QActorCritic,0,1227,-11.000000000000002,13
QActorCritic,0,1228,-11.000000000000002,13
QActorCritic,0,1229,-11.000000000000002,13
QActorCritic,0,1230,-11.000000000000002,13
QActorCritic,0,1231,-11.000000000000002,13
QActorCritic,0,1232,-11.000000000000002,13
QActorCritic,0,1233,-11.000000000000002,13
QActorCritic,0,1234,-11.000000000000002,13
QActorCritic,0,1235,-11.000000000000002,13
QActorCritic,0,1236,-11.000000000000002,13
QActorCritic,0,1237,-11.000000000000002,13
QActorCritic,0,1238,-11.000000000000002,13
QActorCritic,0,1239,-11.000000000000002,13
QActorCritic,0,1240,-11.000000000000002,13
QActorCritic,0,1241,-11.000000000000002,13
QActorCritic,0,1242,-11.000000000000002,13
QActorCritic,0,1243,-11.000000000000002,13
QActorCritic,0,1244,-11.000000000000002,13
QActorCritic,0,1245,-11.000000000000002,13
QActorCritic,0,1246,-11.000000000000002,13
QActorCritic,0,1247,-11.000000000000002,13
QActorCritic,0,1248,-11.000000000000002,13
QActorCritic,0,1249,-11.000000000000002,13
QActorCritic,0,1250,-11.000000000000002,13
QActorCritic,0,1251,-11.000000000000002,13
QActorCritic,0,1252,-11.000000000000002,13
QActorCritic,0,1253,-11.000000000000002,13
QActorCritic,0,1254,-11.000000000000002,13
QActorCritic,0,1255,-11.000000000000002,13
QActorCritic,0,1256,-11.000000000000002,13
QActorCritic,0,1257,-11.000000000000002,13
QActorCritic,0,1258,-11.000000000000002,13
QActorCritic,0,1259,-11.000000000000002,13
QActorCritic,0,1260,-11.000000000000002,13
QActorCritic,0,1261,-11.000000000000002,13
QActorCritic,0,1262,-11.000000000000002,13
QActorCritic,0,1263,-11.000000000000002,13
QActorCritic,0,1264,-11.000000000000002,13
QActorCritic,0,1265,-11.000000000000002,13
QActorCritic,0,1266,-11.000000000000002,13
QActorCritic,0,1267,-11.000000000000002,13
QActorCritic,0,1268,-11.000000000000002,13
QActorCritic,0,1269,-11.000000000000002,13
QActorCritic,0,1270,-11.000000000000002,13
QActorCritic,0,1271,-11.000000000000002,13
QActorCritic,0,1272,-11.000000000000002,13
QActorCritic,0,1273,-11.000000000000002,13
QActorCritic,0,1274,-11.000000000000002,13
QActorCritic,0,1275,-11.000000000000002,13
QActorCritic,0,1276,-11.000000000000002,13
QActorCritic,0,1277,-11.000000000000002,13
QActorCritic,0,1278,-11.000000000000002,13
QActorCritic,0,1279,-11.000000000000002,13
QActorCritic,0,1280,-11.000000000000002,13
QActorCritic,0,1281,-11.000000000000002,13
QActorCritic,0,1282,-11.000000000000002,13
QActorCritic,0,1283,-11.000000000000002,13
QActorCritic,0,1284,-11.000000000000002,13
QActorCritic,0,1285,-11.000000000000002,13
QActorCritic,0,1286,-11.000000000000002,13
QActorCritic,0,1287,-11.000000000000002,13
QActorCritic,0,1288,-11.000000000000002,13
QActorCritic,0,1289,-11.000000000000002,13
QActorCritic,0,1290,-11.000000000000002,13
QActorCritic,0,1291,-11.000000000000002,13
QActorCritic,0,1292,-11.000000000000002,13
QActorCritic,0,1293,-11.000000000000002,13
QActorCritic,0,1294,-11.000000000000002,13
QActorCritic,0,1295,-11.000000000000002,13
QActorCritic,0,1296,-11.000000000000002,13
QActorCritic,0,1297,-11.000000000000002,13
QActorCritic,0,1298,-11.000000000000002,13
QActorCritic,0,1299,-11.000000000000002,13
QActorCritic,0,1300,-11.000000000000002,13
QActorCritic,0,1301,-11.000000000000002,13
QActorCritic,0,1302,-11.000000000000002,13
QActorCritic,0,1303,-11.000000000000002,13
QActorCritic,0,1304,-11.000000000000002,13
QActorCritic,0,1305,-11.000000000000002,13
QActorCritic,0,1306,-11.000000000000002,13
QActorCritic,0,1307,-11.000000000000002,13
QActorCritic,0,1308,-11.000000000000002,13
QActorCritic,0,1309,-11.000000000000002,13
QActorCritic,0,1310,-11.000000000000002,13
QActorCritic,0,1311,-11.000000000000002,13
QActorCritic,0,1312,-11.000000000000002,13
QActorCritic,0,1313,-11.000000000000002,13
QActorCritic,0,1314,-11.000000000000002,13
QActorCritic,0,1315,-11.000000000000002,13
QActorCritic,0,1316,-11.000000000000002,13
QActorCritic,0,1317,-11.000000000000002,13
QActorCritic,0,1318,-11.000000000000002,13
QActorCritic,0,1319,-11.000000000000002,13
QActorCritic,0,1320,-11.000000000000002,13
QActorCritic,0,1321,-11.000000000000002,13
QActorCritic,0,1322,-11.000000000000002,13
QActorCritic,0,1323,-11.000000000000002,13
QActorCritic,0,1324,-11.000000000000002,13
QActorCritic,0,1325,-11.000000000000002,13
QActorCritic,0,1326,-11.000000000000002,13
QActorCritic,0,1327,-11.000000000000002,13
QActorCritic,0,1328,-11.000000000000002,13
QActorCritic,0,1329,-11.000000000000002,13
QActorCritic,0,1330,-11.000000000000002,13
QActorCritic,0,1331,-11.000000000000002,13
QActorCritic,0,1332,-11.000000000000002,13
QActorCritic,0,1333,-11.000000000000002,13
QActorCritic,0,1334,-11.000000000000002,13
QActorCritic,0,1335,-11.000000000000002,13
QActorCritic,0,1336,-11.000000000000002,13
QActorCritic,0,1337,-11.000000000000002,13
QActorCritic,0,1338,-11.000000000000002,13
QActorCritic,0,1339,-11.000000000000002,13
QActorCritic,0,1340,-11.000000000000002,13
QActorCritic,0,1341,-11.000000000000002,13
QActorCritic,0,1342,-11.000000000000002,13
QActorCritic,0,1343,-11.000000000000002,13
QActorCritic,0,1344,-11.000000000000002,13
QActorCritic,0,1345,-11.000000000000002,13
QActorCritic,0,1346,-11.000000000000002,13
QActorCritic,0,1347,-11.000000000000002,13
QActorCritic,0,1348,-11.000000000000002,13
QActorCritic,0,1349,-11.000000000000002,13
QActorCritic,0,1350,-11.000000000000002,13
QActorCritic,0,1351,-11.000000000000002,13
QActorCritic,0,1352,-11.000000000000002,13
QActorCritic,0,1353,-11.000000000000002,13
QActorCritic,0,1354,-11.000000000000002,13
QActorCritic,0,1355,-11.000000000000002,13
QActorCritic,0,1356,-11.000000000000002,13
QActorCritic,0,1357,-11.000000000000002,13
QActorCritic,0,1358,-11.000000000000002,13
QActorCritic,0,1359,-11.000000000000002,13
QActorCritic,0,1360,-11.000000000000002,13
QActorCritic,0,1361,-11.000000000000002,13
QActorCritic,0,1362,-11.000000000000002,13
QActorCritic,0,1363,-11.000000000000002,13
QActorCritic,0,1364,-11.000000000000002,13
QActorCritic,0,1365,-11.000000000000002,13
QActorCritic,0,1366,-11.000000000000002,13
QActorCritic,0,1367,-11.000000000000002,13
QActorCritic,0,1368,-11.000000000000002,13
QActorCritic,0,1369,-11.000000000000002,13
QActorCritic,0,1370,-11.000000000000002,13
QActorCritic,0,1371,-11.000000000000002,13
QActorCritic,0,1372,-11.000000000000002,13
QActorCritic,0,1373,-11.000000000000002,13
QActorCritic,0,1374,-11.000000000000002,13
QActorCritic,0,1375,-11.000000000000002,13
QActorCritic,0,1376,-11.000000000000002,13
QActorCritic,0,1377,-11.000000000000002,13
QActorCritic,0,1378,-11.000000000000002,13
QActorCritic,0,1379,-11.000000000000002,13
QActorCritic,0,1380,-11.000000000000002,13
QActorCritic,0,1381,-11.000000000000002,13
QActorCritic,0,1382,-11.000000000000002,13
QActorCritic,0,1383,-11.000000000000002,13
QActorCritic,0,1384,-11.000000000000002,13
QActorCritic,0,1385,-11.000000000000002,13
QActorCritic,0,1386,-11.000000000000002,13
QActorCritic,0,1387,-11.000000000000002,13
QActorCritic,0,1388,-11.000000000000002,13
QActorCritic,0,1389,-11.000000000000002,13
QActorCritic,0,1390,-11.000000000000002,13
QActorCritic,0,1391,-11.000000000000002,13
QActorCritic,0,1392,-11.000000000000002,13
QActorCritic,0,1393,-11.000000000000002,13
QActorCritic,0,1394,-11.000000000000002,13
QActorCritic,0,1395,-11.000000000000002,13
QActorCritic,0,1396,-11.000000000000002,13
QActorCritic,0,1397,-11.000000000000002,13
QActorCritic,0,1398,-11.000000000000002,13
QActorCritic,0,1399,-11.000000000000002,13
QActorCritic,0,1400,-11.000000000000002,13
QActorCritic,0,1401,-11.000000000000002,13
QActorCritic,0,1402,-11.000000000000002,13
QActorCritic,0,1403,-11.000000000000002,13
QActorCritic,0,1404,-11.000000000000002,13
QActorCritic,0,1405,-11.000000000000002,13
QActorCritic,0,1406,-11.000000000000002,13
QActorCritic,0,1407,-11.000000000000002,13
QActorCritic,0,1408,-11.000000000000002,13
QActorCritic,0,1409,-11.000000000000002,13
QActorCritic,0,1410,-11.000000000000002,13
QActorCritic,0,1411,-11.000000000000002,13
QActorCritic,0,1412,-11.000000000000002,13
QActorCritic,0,1413,-11.000000000000002,13
QActorCritic,0,1414,-11.000000000000002,13
QActorCritic,0,1415,-11.000000000000002,13
QActorCritic,0,1416,-11.000000000000002,13
QActorCritic,0,1417,-11.000000000000002,13
QActorCritic,0,1418,-11.000000000000002,13
QActorCritic,0,1419,-11.000000000000002,13
QActorCritic,0,1420,-11.000000000000002,13
QActorCritic,0,1421,-11.000000000000002,13
QActorCritic,0,1422,-11.000000000000002,13
QActorCritic,0,1423,-11.000000000000002,13
QActorCritic,0,1424,-11.000000000000002,13
QActorCritic,0,1425,-11.000000000000002,13
QActorCritic,0,1426,-11.000000000000002,13
QActorCritic,0,1427,-11.000000000000002,13
QActorCritic,0,1428,-11.000000000000002,13
QActorCritic,0,1429,-11.000000000000002,13
QActorCritic,0,1430,-11.000000000000002,13
QActorCritic,0,1431,-11.000000000000002,13
QActorCritic,0,1432,-11.000000000000002,13
QActorCritic,0,1433,-11.000000000000002,13
QActorCritic,0,1434,-11.000000000000002,13
QActorCritic,0,1435,-11.000000000000002,13
QActorCritic,0,1436,-11.000000000000002,13
QActorCritic,0,1437,-11.000000000000002,13
QActorCritic,0,1438,-11.000000000000002,13
QActorCritic,0,1439,-11.000000000000002,13
QActorCritic,0,1440,-11.000000000000002,13
QActorCritic,0,1441,-11.000000000000002,13
QActorCritic,0,1442,-11.000000000000002,13
QActorCritic,0,1443,-11.000000000000002,13
QActorCritic,0,1444,-11.000000000000002,13
QActorCritic,0,1445,-11.000000000000002,13
QActorCritic,0,1446,-11.000000000000002,13
QActorCritic,0,1447,-11.000000000000002,13
QActorCritic,0,1448,-11.000000000000002,13
QActorCritic,0,1449,-11.000000000000002,13
QActorCritic,0,1450,-11.000000000000002,13
QActorCritic,0,1451,-11.000000000000002,13
QActorCritic,0,1452,-11.000000000000002,13
QActorCritic,0,1453,-11.000000000000002,13
QActorCritic,0,1454,-11.000000000000002,13
QActorCritic,0,1455,-11.000000000000002,13
QActorCritic,0,1456,-11.000000000000002,13
QActorCritic,0,1457,-11.000000000000002,13
QActorCritic,0,1458,-11.000000000000002,13
QActorCritic,0,1459,-11.000000000000002,13
QActorCritic,0,1460,-11.000000000000002,13
QActorCritic,0,1461,-11.000000000000002,13
QActorCritic,0,1462,-11.000000000000002,13
QActorCritic,0,1463,-11.000000000000002,13
QActorCritic,0,1464,-11.000000000000002,13
QActorCritic,0,1465,-11.000000000000002,13
QActorCritic,0,1466,-11.000000000000002,13
QActorCritic,0,1467,-11.000000000000002,13
QActorCritic,0,1468,-11.000000000000002,13
QActorCritic,0,1469,-11.000000000000002,13
QActorCritic,0,1470,-11.000000000000002,13
QActorCritic,0,1471,-11.000000000000002,13
QActorCritic,0,1472,-11.000000000000002,13
QActorCritic,0,1473,-11.000000000000002,13
QActorCritic,0,1474,-11.000000000000002,13
QActorCritic,0,1475,-11.000000000000002,13
QActorCritic,0,1476,-11.000000000000002,13
QActorCritic,0,1477,-11.000000000000002,13
QActorCritic,0,1478,-11.000000000000002,13
QActorCritic,0,1479,-11.000000000000002,13
QActorCritic,0,1480,-11.000000000000002,13
QActorCritic,0,1481,-11.000000000000002,13
QActorCritic,0,1482,-11.000000000000002,13
QActorCritic,0,1483,-11.000000000000002,13
QActorCritic,0,1484,-11.000000000000002,13
QActorCritic,0,1485,-11.000000000000002,13
QActorCritic,0,1486,-11.000000000000002,13
QActorCritic,0,1487,-11.000000000000002,13
QActorCritic,0,1488,-11.000000000000002,13
QActorCritic,0,1489,-11.000000000000002,13
QActorCritic,0,1490,-11.000000000000002,13
QActorCritic,0,1491,-11.000000000000002,13
QActorCritic,0,1492,-11.000000000000002,13
QActorCritic,0,1493,-11.000000000000002,13
QActorCritic,0,1494,-11.000000000000002,13
QActorCritic,0,1495,-11.000000000000002,13
QActorCritic,0,1496,-11.000000000000002,13
QActorCritic,0,1497,-11.000000000000002,13
QActorCritic,0,1498,-11.000000000000002,13
QActorCritic,0,1499,-11.000000000000002,13
QActorCritic,0,1500,-11.000000000000002,13
PPO,0,1,-100,
PPO,0,2,-126.5,
PPO,0,3,-133.0,
PPO,0,4,-147.79999999999998,
PPO,0,5,-112.0,
PPO,0,6,-100,
PPO,0,7,-113.9,
PPO,0,8,-100,
PPO,0,9,-100,
PPO,0,10,-100.2,
PPO,0,11,-134.0,
PPO,0,12,-100,
PPO,0,13,-177.0,
PPO,0,14,-132.8,
PPO,0,15,-108.9,
PPO,0,16,-100,
PPO,0,17,-100.00000000000001,
PPO,0,18,-100.10000000000001,
PPO,0,19,-99.80000000000003,
PPO,0,20,-102.0,
PPO,0,21,-100.29999999999998,
PPO,0,22,-99.4,
PPO,0,23,-151.0,
PPO,0,24,-100.10000000000001,
PPO,0,25,-194.79999999999995,
PPO,0,26,-100,
PPO,0,27,-99.90000000000002,
PPO,0,28,-100.29999999999998,
PPO,0,29,-100.29999999999998,
PPO,0,30,-100.2,
PPO,0,31,-99.6,
PPO,0,32,-100.19999999999999,
PPO,0,33,-100,
PPO,0,34,-100.29999999999997,
PPO,0,35,-96.00000000000004,
PPO,0,36,-140.9,
PPO,0,37,-99.70000000000002,
PPO,0,38,-186.0,
PPO,0,39,-127.69999999999999,
PPO,0,40,-100,
PPO,0,41,-131.39999999999998,
PPO,0,42,-100.00000000000001,
PPO,0,43,-99.99999999999994,
PPO,0,44,-100.1,
PPO,0,45,-146.0,
PPO,0,46,-99.50000000000004,
PPO,0,47,-99.19999999999999,
PPO,0,48,-99.19999999999999,
PPO,0,49,-99.60000000000001,
PPO,0,50,-57.99999999999999,
PPO,0,51,-100,
PPO,0,52,-99.79999999999995,
PPO,0,53,-99.10000000000001,
PPO,0,54,-100,
PPO,0,55,-99.2,
PPO,0,56,-101.0,
PPO,0,57,-99.29999999999998,
PPO,0,58,-118.8,
PPO,0,59,-72.0,
PPO,0,60,-154.7,
PPO,0,61,-129.7,
PPO,0,62,-100,
PPO,0,63,-99.00000000000001,
PPO,0,64,-100.1,
PPO,0,65,-99.79999999999995,
PPO,0,66,-55.99999999999998,
PPO,0,67,-100.19999999999997,
PPO,0,68,-58.99999999999998,
PPO,0,69,-167.60000000000002,
PPO,0,70,-116.5,
PPO,0,71,-49.999999999999986,
PPO,0,72,-32.999999999999986,
PPO,0,73,-43.99999999999998,
PPO,0,74,-62.999999999999986,
PPO,0,75,-34.999999999999986,
PPO,0,76,-20.999999999999993,
PPO,0,77,-30.999999999999996,
PPO,0,78,-62.0,
PPO,0,79,-53.999999999999986,
PPO,0,80,-41.999999999999986,
PPO,0,81,-33.99999999999999,
PPO,0,82,-104.9,
PPO,0,83,-26.999999999999993,
PPO,0,84,-21.999999999999993,
PPO,0,85,-109.7,
PPO,0,86,-106.0,
PPO,0,87,-23.999999999999996,
PPO,0,88,-28.999999999999986,
PPO,0,89,-32.999999999999986,
PPO,0,90,-21.999999999999993,
PPO,0,91,-30.99999999999999,
PPO,0,92,-20.999999999999993,
PPO,0,93,-22.999999999999993,
PPO,0,94,-29.99999999999999,
PPO,0,95,-22.99999999999999,
PPO,0,96,-17.000000000000004,
PPO,0,97,-18.0,
PPO,0,98,-15.000000000000004,
PPO,0,99,-18.0,
PPO,0,100,-15.000000000000004,
PPO,0,101,-22.999999999999996,
PPO,0,102,-15.000000000000004,
PPO,0,103,-22.999999999999996,
PPO,0,104,-18.0,
PPO,0,105,-15.000000000000004,
PPO,0,106,-20.999999999999993,
PPO,0,107,-18.999999999999996,
PPO,0,108,-18.999999999999996,
PPO,0,109,-18.0,
PPO,0,110,-17.0,
PPO,0,111,-17.0,
PPO,0,112,-17.0,
PPO,0,113,-17.0,
PPO,0,114,-15.000000000000004,
PPO,0,115,-15.000000000000004,
PPO,0,116,-15.000000000000004,
PPO,0,117,-17.0,
PPO,0,118,-13.000000000000004,
PPO,0,119,-13.000000000000004,
PPO,0,120,-13.000000000000004,
PPO,0,121,-13.000000000000004,
PPO,0,122,-13.000000000000004,
PPO,0,123,-13.000000000000004,
PPO,0,124,-13.000000000000004,
PPO,0,125,-15.000000000000004,
PPO,0,126,-14.000000000000004,
PPO,0,127,-17.0,
PPO,0,128,-13.000000000000004,
PPO,0,129,-13.000000000000004,
PPO,0,130,-13.000000000000004,
PPO,0,131,-13.000000000000004,
PPO,0,132,-13.000000000000004,
PPO,0,133,-112.10000000000001,
PPO,0,134,-13.000000000000004,
PPO,0,135,-13.000000000000004,
PPO,0,136,-13.000000000000004,
PPO,0,137,-13.000000000000004,
PPO,0,138,-13.000000000000004,
PPO,0,139,-19.000000000000004,
PPO,0,140,-17.000000000000004,
PPO,0,141,-13.000000000000004,
PPO,0,142,-13.000000000000004,
PPO,0,143,-15.000000000000004,
PPO,0,144,-13.000000000000004,
PPO,0,145,-13.000000000000004,
PPO,0,146,-13.000000000000004,
PPO,0,147,-13.000000000000004,
PPO,0,148,-13.000000000000004,
PPO,0,149,-13.000000000000004,
PPO,0,150,-15.000000000000004,
PPO,0,151,-13.000000000000004,
PPO,0,152,-13.000000000000004,
PPO,0,153,-13.000000000000004,
PPO,0,154,-13.000000000000004,
PPO,0,155,-13.000000000000004,
PPO,0,156,-13.000000000000004,
PPO,0,157,-13.000000000000004,
PPO,0,158,-13.000000000000004,
PPO,0,159,-13.000000000000004,
PPO,0,160,-13.000000000000004,
PPO,0,161,-13.000000000000004,
PPO,0,162,-15.000000000000004,
PPO,0,163,-13.000000000000004,
PPO,0,164,-13.000000000000004,
PPO,0,165,-13.000000000000004,
PPO,0,166,-15.000000000000004,
PPO,0,167,-13.000000000000004,
PPO,0,168,-13.000000000000004,
PPO,0,169,-13.000000000000004,
PPO,0,170,-13.000000000000004,
PPO,0,171,-13.000000000000004,
PPO,0,172,-13.000000000000004,
PPO,0,173,-13.000000000000004,
PPO,0,174,-13.000000000000004,
PPO,0,175,-13.000000000000004,
PPO,0,176,-14.000000000000004,
PPO,0,177,-101.0,
PPO,0,178,-13.000000000000004,
PPO,0,179,-112.10000000000001,
PPO,0,180,-13.000000000000004,
PPO,0,181,-13.000000000000004,
PPO,0,182,-13.000000000000004,
PPO,0,183,-13.000000000000004,
PPO,0,184,-13.000000000000004,
PPO,0,185,-13.000000000000004,
PPO,0,186,-13.000000000000004,
PPO,0,187,-13.000000000000004,
PPO,0,188,-13.000000000000004,
PPO,0,189,-13.000000000000004,
PPO,0,190,-13.000000000000004,
PPO,0,191,-13.000000000000004,
PPO,0,192,-13.000000000000004,
PPO,0,193,-13.000000000000004,
PPO,0,194,-13.000000000000004,
PPO,0,195,-13.000000000000004,
PPO,0,196,-13.000000000000004,
PPO,0,197,-13.000000000000004,
PPO,0,198,-13.000000000000004,
PPO,0,199,-14.000000000000004,
PPO,0,200,-13.000000000000004,
PPO,0,201,-13.000000000000004,
PPO,0,202,-13.000000000000004,
PPO,0,203,-13.000000000000004,
PPO,0,204,-13.000000000000004,
PPO,0,205,-15.000000000000004,
PPO,0,206,-13.000000000000004,
PPO,0,207,-14.000000000000004,
PPO,0,208,-13.000000000000004,
PPO,0,209,-13.000000000000004,
PPO,0,210,-14.000000000000004,
PPO,0,211,-13.000000000000004,
PPO,0,212,-13.000000000000004,
PPO,0,213,-16.000000000000004,
PPO,0,214,-15.000000000000004,
PPO,0,215,-13.000000000000004,
PPO,0,216,-13.000000000000004,
PPO,0,217,-15.000000000000004,
PPO,0,218,-15.000000000000004,
PPO,0,219,-15.000000000000004,
PPO,0,220,-13.000000000000004,
PPO,0,221,-13.000000000000004,
PPO,0,222,-13.000000000000004,
PPO,0,223,-13.000000000000004,
PPO,0,224,-15.000000000000004,
PPO,0,225,-13.000000000000004,
PPO,0,226,-13.000000000000004,
PPO,0,227,-15.000000000000004,
PPO,0,228,-13.000000000000004,
PPO,0,229,-13.000000000000004,
PPO,0,230,-13.000000000000004,
PPO,0,231,-13.000000000000004,
PPO,0,232,-13.000000000000004,
PPO,0,233,-14.000000000000004,
PPO,0,234,-13.000000000000004,
PPO,0,235,-13.000000000000004,
PPO,0,236,-13.000000000000004,
PPO,0,237,-13.000000000000004,
PPO,0,238,-14.000000000000004,
PPO,0,239,-13.000000000000004,
PPO,0,240,-15.000000000000004,
PPO,0,241,-13.000000000000004,
PPO,0,242,-13.000000000000004,
PPO,0,243,-13.000000000000004,
PPO,0,244,-13.000000000000004,
PPO,0,245,-13.000000000000004,
PPO,0,246,-13.000000000000004,
PPO,0,247,-13.000000000000004,
PPO,0,248,-15.000000000000004,
PPO,0,249,-13.000000000000004,
PPO,0,250,-13.000000000000004,
PPO,0,251,-13.000000000000004,
PPO,0,252,-13.000000000000004,
PPO,0,253,-13.000000000000004,
PPO,0,254,-13.000000000000004,
PPO,0,255,-13.000000000000004,
PPO,0,256,-13.000000000000004,
PPO,0,257,-13.000000000000004,
PPO,0,258,-13.000000000000004,
PPO,0,259,-14.000000000000004,
PPO,0,260,-13.000000000000004,
PPO,0,261,-13.000000000000004,
PPO,0,262,-13.000000000000004,
PPO,0,263,-13.000000000000004,
PPO,0,264,-13.000000000000004,
PPO,0,265,-13.000000000000004,
PPO,0,266,-13.000000000000004,
PPO,0,267,-13.000000000000004,
PPO,0,268,-13.000000000000004,
PPO,0,269,-13.000000000000004,
PPO,0,270,-13.000000000000004,
PPO,0,271,-13.000000000000004,
PPO,0,272,-13.000000000000004,
PPO,0,273,-13.000000000000004,
PPO,0,274,-13.000000000000004,
PPO,0,275,-13.000000000000004,
PPO,0,276,-13.000000000000004,
PPO,0,277,-13.000000000000004,
PPO,0,278,-13.000000000000004,
PPO,0,279,-13.000000000000004,
PPO,0,280,-13.000000000000004,
PPO,0,281,-13.000000000000004,
PPO,0,282,-15.000000000000004,
PPO,0,283,-13.000000000000004,
PPO,0,284,-13.000000000000004,
PPO,0,285,-13.000000000000004,
PPO,0,286,-13.000000000000004,
PPO,0,287,-13.000000000000004,
PPO,0,288,-13.000000000000004,
PPO,0,289,-13.000000000000004,
PPO,0,290,-13.000000000000004,
PPO,0,291,-13.000000000000004,
PPO,0,292,-13.000000000000004,
PPO,0,293,-13.000000000000004,
PPO,0,294,-13.000000000000004,
PPO,0,295,-13.000000000000004,
PPO,0,296,-13.000000000000004,
PPO,0,297,-13.000000000000004,
PPO,0,298,-13.000000000000004,
PPO,0,299,-13.000000000000004,
PPO,0,300,-13.000000000000004,
